{
 "SPDXID": "SPDXRef-DOCUMENT",
 "name": "rgcrprod.azurecr.us/rancher/mirrored-jimmidyson-configmap-reload-v0.8.0",
 "spdxVersion": "SPDX-2.2",
 "creationInfo": {
  "created": "2023-04-12T15:59:30.126598245Z",
  "creators": [
   "Organization: Anchore, Inc",
   "Tool: syft-0.53.4"
  ],
  "licenseListVersion": "3.17"
 },
 "dataLicense": "CC0-1.0",
 "documentNamespace": "https://anchore.com/syft/image/rgcrprod.azurecr.us/rancher/mirrored-jimmidyson-configmap-reload-v0.8.0-a320a1bf-3e4f-41aa-8fd7-31dc20e2f4a3",
 "packages": [
  {
   "SPDXID": "SPDXRef-deabc5c54a5e5d52",
   "name": "github.com/beorn7/perks",
   "licenseConcluded": "NONE",
   "downloadLocation": "NOASSERTION",
   "externalRefs": [
    {
     "referenceCategory": "SECURITY",
     "referenceLocator": "cpe:2.3:a:beorn7:perks:v1.0.1:*:*:*:*:*:*:*",
     "referenceType": "cpe23Type"
    },
    {
     "referenceCategory": "PACKAGE_MANAGER",
     "referenceLocator": "pkg:golang/github.com/beorn7/perks@v1.0.1",
     "referenceType": "purl"
    }
   ],
   "filesAnalyzed": false,
   "licenseDeclared": "NONE",
   "sourceInfo": "acquired package info from go module information: /configmap-reload",
   "versionInfo": "v1.0.1"
  },
  {
   "SPDXID": "SPDXRef-7dd4c2db61946213",
   "name": "github.com/cespare/xxhash/v2",
   "licenseConcluded": "NONE",
   "downloadLocation": "NOASSERTION",
   "externalRefs": [
    {
     "referenceCategory": "SECURITY",
     "referenceLocator": "cpe:2.3:a:cespare:xxhash\\/v2:v2.1.2:*:*:*:*:*:*:*",
     "referenceType": "cpe23Type"
    },
    {
     "referenceCategory": "PACKAGE_MANAGER",
     "referenceLocator": "pkg:golang/github.com/cespare/xxhash/v2@v2.1.2",
     "referenceType": "purl"
    }
   ],
   "filesAnalyzed": false,
   "licenseDeclared": "NONE",
   "sourceInfo": "acquired package info from go module information: /configmap-reload",
   "versionInfo": "v2.1.2"
  },
  {
   "SPDXID": "SPDXRef-38666a8edc72f4cb",
   "name": "github.com/fsnotify/fsnotify",
   "licenseConcluded": "NONE",
   "downloadLocation": "NOASSERTION",
   "externalRefs": [
    {
     "referenceCategory": "SECURITY",
     "referenceLocator": "cpe:2.3:a:fsnotify:fsnotify:v1.5.4:*:*:*:*:*:*:*",
     "referenceType": "cpe23Type"
    },
    {
     "referenceCategory": "PACKAGE_MANAGER",
     "referenceLocator": "pkg:golang/github.com/fsnotify/fsnotify@v1.5.4",
     "referenceType": "purl"
    }
   ],
   "filesAnalyzed": false,
   "licenseDeclared": "NONE",
   "sourceInfo": "acquired package info from go module information: /configmap-reload",
   "versionInfo": "v1.5.4"
  },
  {
   "SPDXID": "SPDXRef-f6cd59a92e7d9cb4",
   "name": "github.com/golang/protobuf",
   "licenseConcluded": "NONE",
   "downloadLocation": "NOASSERTION",
   "externalRefs": [
    {
     "referenceCategory": "SECURITY",
     "referenceLocator": "cpe:2.3:a:golang:protobuf:v1.5.2:*:*:*:*:*:*:*",
     "referenceType": "cpe23Type"
    },
    {
     "referenceCategory": "PACKAGE_MANAGER",
     "referenceLocator": "pkg:golang/github.com/golang/protobuf@v1.5.2",
     "referenceType": "purl"
    }
   ],
   "filesAnalyzed": false,
   "licenseDeclared": "NONE",
   "sourceInfo": "acquired package info from go module information: /configmap-reload",
   "versionInfo": "v1.5.2"
  },
  {
   "SPDXID": "SPDXRef-cf6bdb5a4d8c8e78",
   "name": "github.com/matttproud/golang_protobuf_extensions",
   "licenseConcluded": "NONE",
   "downloadLocation": "NOASSERTION",
   "externalRefs": [
    {
     "referenceCategory": "SECURITY",
     "referenceLocator": "cpe:2.3:a:matttproud:golang-protobuf-extensions:v1.0.2:*:*:*:*:*:*:*",
     "referenceType": "cpe23Type"
    },
    {
     "referenceCategory": "SECURITY",
     "referenceLocator": "cpe:2.3:a:matttproud:golang_protobuf_extensions:v1.0.2:*:*:*:*:*:*:*",
     "referenceType": "cpe23Type"
    },
    {
     "referenceCategory": "PACKAGE_MANAGER",
     "referenceLocator": "pkg:golang/github.com/matttproud/golang_protobuf_extensions@v1.0.2",
     "referenceType": "purl"
    }
   ],
   "filesAnalyzed": false,
   "licenseDeclared": "NONE",
   "sourceInfo": "acquired package info from go module information: /configmap-reload",
   "versionInfo": "v1.0.2"
  },
  {
   "SPDXID": "SPDXRef-137b8f652b9d05b0",
   "name": "github.com/prometheus/client_golang",
   "licenseConcluded": "NONE",
   "downloadLocation": "NOASSERTION",
   "externalRefs": [
    {
     "referenceCategory": "SECURITY",
     "referenceLocator": "cpe:2.3:a:prometheus:client-golang:v1.13.0:*:*:*:*:*:*:*",
     "referenceType": "cpe23Type"
    },
    {
     "referenceCategory": "SECURITY",
     "referenceLocator": "cpe:2.3:a:prometheus:client_golang:v1.13.0:*:*:*:*:*:*:*",
     "referenceType": "cpe23Type"
    },
    {
     "referenceCategory": "PACKAGE_MANAGER",
     "referenceLocator": "pkg:golang/github.com/prometheus/client_golang@v1.13.0",
     "referenceType": "purl"
    }
   ],
   "filesAnalyzed": false,
   "licenseDeclared": "NONE",
   "sourceInfo": "acquired package info from go module information: /configmap-reload",
   "versionInfo": "v1.13.0"
  },
  {
   "SPDXID": "SPDXRef-1eec1a89ea78e82",
   "name": "github.com/prometheus/client_model",
   "licenseConcluded": "NONE",
   "downloadLocation": "NOASSERTION",
   "externalRefs": [
    {
     "referenceCategory": "SECURITY",
     "referenceLocator": "cpe:2.3:a:prometheus:client-model:v0.2.0:*:*:*:*:*:*:*",
     "referenceType": "cpe23Type"
    },
    {
     "referenceCategory": "SECURITY",
     "referenceLocator": "cpe:2.3:a:prometheus:client_model:v0.2.0:*:*:*:*:*:*:*",
     "referenceType": "cpe23Type"
    },
    {
     "referenceCategory": "PACKAGE_MANAGER",
     "referenceLocator": "pkg:golang/github.com/prometheus/client_model@v0.2.0",
     "referenceType": "purl"
    }
   ],
   "filesAnalyzed": false,
   "licenseDeclared": "NONE",
   "sourceInfo": "acquired package info from go module information: /configmap-reload",
   "versionInfo": "v0.2.0"
  },
  {
   "SPDXID": "SPDXRef-999a94b3314301ad",
   "name": "github.com/prometheus/common",
   "licenseConcluded": "NONE",
   "downloadLocation": "NOASSERTION",
   "externalRefs": [
    {
     "referenceCategory": "SECURITY",
     "referenceLocator": "cpe:2.3:a:prometheus:common:v0.37.0:*:*:*:*:*:*:*",
     "referenceType": "cpe23Type"
    },
    {
     "referenceCategory": "PACKAGE_MANAGER",
     "referenceLocator": "pkg:golang/github.com/prometheus/common@v0.37.0",
     "referenceType": "purl"
    }
   ],
   "filesAnalyzed": false,
   "licenseDeclared": "NONE",
   "sourceInfo": "acquired package info from go module information: /configmap-reload",
   "versionInfo": "v0.37.0"
  },
  {
   "SPDXID": "SPDXRef-64526da2bc1d7fc1",
   "name": "github.com/prometheus/procfs",
   "licenseConcluded": "NONE",
   "downloadLocation": "NOASSERTION",
   "externalRefs": [
    {
     "referenceCategory": "SECURITY",
     "referenceLocator": "cpe:2.3:a:prometheus:procfs:v0.8.0:*:*:*:*:*:*:*",
     "referenceType": "cpe23Type"
    },
    {
     "referenceCategory": "PACKAGE_MANAGER",
     "referenceLocator": "pkg:golang/github.com/prometheus/procfs@v0.8.0",
     "referenceType": "purl"
    }
   ],
   "filesAnalyzed": false,
   "licenseDeclared": "NONE",
   "sourceInfo": "acquired package info from go module information: /configmap-reload",
   "versionInfo": "v0.8.0"
  },
  {
   "SPDXID": "SPDXRef-2cbe804692d235b5",
   "name": "golang.org/x/sys",
   "licenseConcluded": "NONE",
   "downloadLocation": "NOASSERTION",
   "externalRefs": [
    {
     "referenceCategory": "SECURITY",
     "referenceLocator": "cpe:2.3:a:golang:x\\/sys:v0.0.0-20221010170243-090e33056c14:*:*:*:*:*:*:*",
     "referenceType": "cpe23Type"
    },
    {
     "referenceCategory": "PACKAGE_MANAGER",
     "referenceLocator": "pkg:golang/golang.org/x/sys@v0.0.0-20221010170243-090e33056c14",
     "referenceType": "purl"
    }
   ],
   "filesAnalyzed": false,
   "licenseDeclared": "NONE",
   "sourceInfo": "acquired package info from go module information: /configmap-reload",
   "versionInfo": "v0.0.0-20221010170243-090e33056c14"
  },
  {
   "SPDXID": "SPDXRef-1a2f3770789d309e",
   "name": "google.golang.org/protobuf",
   "licenseConcluded": "NONE",
   "downloadLocation": "NOASSERTION",
   "externalRefs": [
    {
     "referenceCategory": "SECURITY",
     "referenceLocator": "cpe:2.3:a:google:protobuf:v1.28.1:*:*:*:*:*:*:*",
     "referenceType": "cpe23Type"
    },
    {
     "referenceCategory": "PACKAGE_MANAGER",
     "referenceLocator": "pkg:golang/google.golang.org/protobuf@v1.28.1",
     "referenceType": "purl"
    }
   ],
   "filesAnalyzed": false,
   "licenseDeclared": "NONE",
   "sourceInfo": "acquired package info from go module information: /configmap-reload",
   "versionInfo": "v1.28.1"
  }
 ]
}
