{
 "SPDXID": "SPDXRef-DOCUMENT",
 "name": "rgcrprod.azurecr.us/rancher/mirrored-library-busybox-1.34.1",
 "spdxVersion": "SPDX-2.2",
 "creationInfo": {
  "created": "2023-05-15T09:31:10.480168551Z",
  "creators": [
   "Organization: Anchore, Inc",
   "Tool: syft-0.53.4"
  ],
  "licenseListVersion": "3.17"
 },
 "dataLicense": "CC0-1.0",
 "documentNamespace": "https://anchore.com/syft/image/rgcrprod.azurecr.us/rancher/mirrored-library-busybox-1.34.1-48c2eac6-7691-4a66-bd98-48270e727a9d",
 "packages": []
}
