{
 "SPDXID": "SPDXRef-DOCUMENT",
 "name": "rgcrprod.azurecr.us/rancher/mirrored-nginx-ingress-controller-defaultbackend-1.5-rancher1",
 "spdxVersion": "SPDX-2.2",
 "creationInfo": {
  "created": "2023-05-15T01:08:30.195277142Z",
  "creators": [
   "Organization: Anchore, Inc",
   "Tool: syft-0.53.4"
  ],
  "licenseListVersion": "3.17"
 },
 "dataLicense": "CC0-1.0",
 "documentNamespace": "https://anchore.com/syft/image/rgcrprod.azurecr.us/rancher/mirrored-nginx-ingress-controller-defaultbackend-1.5-rancher1-291f7cf5-000e-4678-82ab-afc1861fe0a1",
 "packages": []
}
