{
 "SPDXID": "SPDXRef-DOCUMENT",
 "name": "rgcrprod.azurecr.us/rancher/mirrored-cloud-provider-vsphere-cpi-release-manager-v1.19.0",
 "spdxVersion": "SPDX-2.2",
 "creationInfo": {
  "created": "2023-05-15T00:24:12.801046331Z",
  "creators": [
   "Organization: Anchore, Inc",
   "Tool: syft-0.53.4"
  ],
  "licenseListVersion": "3.17"
 },
 "dataLicense": "CC0-1.0",
 "documentNamespace": "https://anchore.com/syft/image/rgcrprod.azurecr.us/rancher/mirrored-cloud-provider-vsphere-cpi-release-manager-v1.19.0-95cd21e8-4a1f-4c93-88f3-5ddec68e2da0",
 "packages": [
  {
   "SPDXID": "SPDXRef-a6bdf695eed37d7a",
   "name": "base-files",
   "licenseConcluded": "NOASSERTION",
   "downloadLocation": "NOASSERTION",
   "externalRefs": [
    {
     "referenceCategory": "SECURITY",
     "referenceLocator": "cpe:2.3:a:base-files:base-files:9.9\\+deb9u9:*:*:*:*:*:*:*",
     "referenceType": "cpe23Type"
    },
    {
     "referenceCategory": "SECURITY",
     "referenceLocator": "cpe:2.3:a:base-files:base_files:9.9\\+deb9u9:*:*:*:*:*:*:*",
     "referenceType": "cpe23Type"
    },
    {
     "referenceCategory": "SECURITY",
     "referenceLocator": "cpe:2.3:a:base_files:base-files:9.9\\+deb9u9:*:*:*:*:*:*:*",
     "referenceType": "cpe23Type"
    },
    {
     "referenceCategory": "SECURITY",
     "referenceLocator": "cpe:2.3:a:base_files:base_files:9.9\\+deb9u9:*:*:*:*:*:*:*",
     "referenceType": "cpe23Type"
    },
    {
     "referenceCategory": "SECURITY",
     "referenceLocator": "cpe:2.3:a:base:base-files:9.9\\+deb9u9:*:*:*:*:*:*:*",
     "referenceType": "cpe23Type"
    },
    {
     "referenceCategory": "SECURITY",
     "referenceLocator": "cpe:2.3:a:base:base_files:9.9\\+deb9u9:*:*:*:*:*:*:*",
     "referenceType": "cpe23Type"
    },
    {
     "referenceCategory": "PACKAGE_MANAGER",
     "referenceLocator": "pkg:deb/debian/base-files@9.9+deb9u9?arch=amd64&distro=debian-9",
     "referenceType": "purl"
    }
   ],
   "filesAnalyzed": false,
   "licenseDeclared": "NOASSERTION",
   "originator": "Person: Santiago Vila <sanvila@debian.org>",
   "sourceInfo": "acquired package info from DPKG DB: /usr/share/doc/base-files/copyright, /var/lib/dpkg/status.d/base",
   "versionInfo": "9.9+deb9u9"
  },
  {
   "SPDXID": "SPDXRef-3344777471bdb343",
   "name": "github.com/NYTimes/gziphandler",
   "licenseConcluded": "NONE",
   "downloadLocation": "NOASSERTION",
   "externalRefs": [
    {
     "referenceCategory": "SECURITY",
     "referenceLocator": "cpe:2.3:a:NYTimes:gziphandler:v0.0.0-20170623195520-56545f4a5d46:*:*:*:*:*:*:*",
     "referenceType": "cpe23Type"
    },
    {
     "referenceCategory": "PACKAGE_MANAGER",
     "referenceLocator": "pkg:golang/github.com/NYTimes/gziphandler@v0.0.0-20170623195520-56545f4a5d46",
     "referenceType": "purl"
    }
   ],
   "filesAnalyzed": false,
   "licenseDeclared": "NONE",
   "sourceInfo": "acquired package info from go module information: /bin/vsphere-cloud-controller-manager",
   "versionInfo": "v0.0.0-20170623195520-56545f4a5d46"
  },
  {
   "SPDXID": "SPDXRef-dabe15433507d50",
   "name": "github.com/PuerkitoBio/purell",
   "licenseConcluded": "NONE",
   "downloadLocation": "NOASSERTION",
   "externalRefs": [
    {
     "referenceCategory": "SECURITY",
     "referenceLocator": "cpe:2.3:a:PuerkitoBio:purell:v1.1.1:*:*:*:*:*:*:*",
     "referenceType": "cpe23Type"
    },
    {
     "referenceCategory": "PACKAGE_MANAGER",
     "referenceLocator": "pkg:golang/github.com/PuerkitoBio/purell@v1.1.1",
     "referenceType": "purl"
    }
   ],
   "filesAnalyzed": false,
   "licenseDeclared": "NONE",
   "sourceInfo": "acquired package info from go module information: /bin/vsphere-cloud-controller-manager",
   "versionInfo": "v1.1.1"
  },
  {
   "SPDXID": "SPDXRef-5e438ab4a7450bb4",
   "name": "github.com/PuerkitoBio/urlesc",
   "licenseConcluded": "NONE",
   "downloadLocation": "NOASSERTION",
   "externalRefs": [
    {
     "referenceCategory": "SECURITY",
     "referenceLocator": "cpe:2.3:a:PuerkitoBio:urlesc:v0.0.0-20170810143723-de5bf2ad4578:*:*:*:*:*:*:*",
     "referenceType": "cpe23Type"
    },
    {
     "referenceCategory": "PACKAGE_MANAGER",
     "referenceLocator": "pkg:golang/github.com/PuerkitoBio/urlesc@v0.0.0-20170810143723-de5bf2ad4578",
     "referenceType": "purl"
    }
   ],
   "filesAnalyzed": false,
   "licenseDeclared": "NONE",
   "sourceInfo": "acquired package info from go module information: /bin/vsphere-cloud-controller-manager",
   "versionInfo": "v0.0.0-20170810143723-de5bf2ad4578"
  },
  {
   "SPDXID": "SPDXRef-25046412544433dc",
   "name": "github.com/beevik/etree",
   "licenseConcluded": "NONE",
   "downloadLocation": "NOASSERTION",
   "externalRefs": [
    {
     "referenceCategory": "SECURITY",
     "referenceLocator": "cpe:2.3:a:beevik:etree:v1.1.0:*:*:*:*:*:*:*",
     "referenceType": "cpe23Type"
    },
    {
     "referenceCategory": "PACKAGE_MANAGER",
     "referenceLocator": "pkg:golang/github.com/beevik/etree@v1.1.0",
     "referenceType": "purl"
    }
   ],
   "filesAnalyzed": false,
   "licenseDeclared": "NONE",
   "sourceInfo": "acquired package info from go module information: /bin/vsphere-cloud-controller-manager",
   "versionInfo": "v1.1.0"
  },
  {
   "SPDXID": "SPDXRef-1ab4d72537cca593",
   "name": "github.com/beorn7/perks",
   "licenseConcluded": "NONE",
   "downloadLocation": "NOASSERTION",
   "externalRefs": [
    {
     "referenceCategory": "SECURITY",
     "referenceLocator": "cpe:2.3:a:beorn7:perks:v1.0.1:*:*:*:*:*:*:*",
     "referenceType": "cpe23Type"
    },
    {
     "referenceCategory": "PACKAGE_MANAGER",
     "referenceLocator": "pkg:golang/github.com/beorn7/perks@v1.0.1",
     "referenceType": "purl"
    }
   ],
   "filesAnalyzed": false,
   "licenseDeclared": "NONE",
   "sourceInfo": "acquired package info from go module information: /bin/vsphere-cloud-controller-manager",
   "versionInfo": "v1.0.1"
  },
  {
   "SPDXID": "SPDXRef-69fd9c8a73a07419",
   "name": "github.com/blang/semver",
   "licenseConcluded": "NONE",
   "downloadLocation": "NOASSERTION",
   "externalRefs": [
    {
     "referenceCategory": "SECURITY",
     "referenceLocator": "cpe:2.3:a:blang:semver:v3.5.0\\+incompatible:*:*:*:*:*:*:*",
     "referenceType": "cpe23Type"
    },
    {
     "referenceCategory": "PACKAGE_MANAGER",
     "referenceLocator": "pkg:golang/github.com/blang/semver@v3.5.0+incompatible",
     "referenceType": "purl"
    }
   ],
   "filesAnalyzed": false,
   "licenseDeclared": "NONE",
   "sourceInfo": "acquired package info from go module information: /bin/vsphere-cloud-controller-manager",
   "versionInfo": "v3.5.0+incompatible"
  },
  {
   "SPDXID": "SPDXRef-a8dacf1845500fd3",
   "name": "github.com/cespare/xxhash/v2",
   "licenseConcluded": "NONE",
   "downloadLocation": "NOASSERTION",
   "externalRefs": [
    {
     "referenceCategory": "SECURITY",
     "referenceLocator": "cpe:2.3:a:cespare:xxhash\\/v2:v2.1.1:*:*:*:*:*:*:*",
     "referenceType": "cpe23Type"
    },
    {
     "referenceCategory": "PACKAGE_MANAGER",
     "referenceLocator": "pkg:golang/github.com/cespare/xxhash/v2@v2.1.1",
     "referenceType": "purl"
    }
   ],
   "filesAnalyzed": false,
   "licenseDeclared": "NONE",
   "sourceInfo": "acquired package info from go module information: /bin/vsphere-cloud-controller-manager",
   "versionInfo": "v2.1.1"
  },
  {
   "SPDXID": "SPDXRef-540916d50c9715e",
   "name": "github.com/coreos/go-semver",
   "licenseConcluded": "NONE",
   "downloadLocation": "NOASSERTION",
   "externalRefs": [
    {
     "referenceCategory": "SECURITY",
     "referenceLocator": "cpe:2.3:a:coreos:go-semver:v0.3.0:*:*:*:*:*:*:*",
     "referenceType": "cpe23Type"
    },
    {
     "referenceCategory": "SECURITY",
     "referenceLocator": "cpe:2.3:a:coreos:go_semver:v0.3.0:*:*:*:*:*:*:*",
     "referenceType": "cpe23Type"
    },
    {
     "referenceCategory": "PACKAGE_MANAGER",
     "referenceLocator": "pkg:golang/github.com/coreos/go-semver@v0.3.0",
     "referenceType": "purl"
    }
   ],
   "filesAnalyzed": false,
   "licenseDeclared": "NONE",
   "sourceInfo": "acquired package info from go module information: /bin/vsphere-cloud-controller-manager",
   "versionInfo": "v0.3.0"
  },
  {
   "SPDXID": "SPDXRef-e9b4bd331cc274f0",
   "name": "github.com/coreos/go-systemd",
   "licenseConcluded": "NONE",
   "downloadLocation": "NOASSERTION",
   "externalRefs": [
    {
     "referenceCategory": "SECURITY",
     "referenceLocator": "cpe:2.3:a:coreos:go-systemd:v0.0.0-20190321100706-95778dfbb74e:*:*:*:*:*:*:*",
     "referenceType": "cpe23Type"
    },
    {
     "referenceCategory": "SECURITY",
     "referenceLocator": "cpe:2.3:a:coreos:go_systemd:v0.0.0-20190321100706-95778dfbb74e:*:*:*:*:*:*:*",
     "referenceType": "cpe23Type"
    },
    {
     "referenceCategory": "PACKAGE_MANAGER",
     "referenceLocator": "pkg:golang/github.com/coreos/go-systemd@v0.0.0-20190321100706-95778dfbb74e",
     "referenceType": "purl"
    }
   ],
   "filesAnalyzed": false,
   "licenseDeclared": "NONE",
   "sourceInfo": "acquired package info from go module information: /bin/vsphere-cloud-controller-manager",
   "versionInfo": "v0.0.0-20190321100706-95778dfbb74e"
  },
  {
   "SPDXID": "SPDXRef-353a94840f6b6bde",
   "name": "github.com/coreos/pkg",
   "licenseConcluded": "NONE",
   "downloadLocation": "NOASSERTION",
   "externalRefs": [
    {
     "referenceCategory": "SECURITY",
     "referenceLocator": "cpe:2.3:a:coreos:pkg:v0.0.0-20180928190104-399ea9e2e55f:*:*:*:*:*:*:*",
     "referenceType": "cpe23Type"
    },
    {
     "referenceCategory": "PACKAGE_MANAGER",
     "referenceLocator": "pkg:golang/github.com/coreos/pkg@v0.0.0-20180928190104-399ea9e2e55f",
     "referenceType": "purl"
    }
   ],
   "filesAnalyzed": false,
   "licenseDeclared": "NONE",
   "sourceInfo": "acquired package info from go module information: /bin/vsphere-cloud-controller-manager",
   "versionInfo": "v0.0.0-20180928190104-399ea9e2e55f"
  },
  {
   "SPDXID": "SPDXRef-53558c4c50fd072",
   "name": "github.com/davecgh/go-spew",
   "licenseConcluded": "NONE",
   "downloadLocation": "NOASSERTION",
   "externalRefs": [
    {
     "referenceCategory": "SECURITY",
     "referenceLocator": "cpe:2.3:a:davecgh:go-spew:v1.1.1:*:*:*:*:*:*:*",
     "referenceType": "cpe23Type"
    },
    {
     "referenceCategory": "SECURITY",
     "referenceLocator": "cpe:2.3:a:davecgh:go_spew:v1.1.1:*:*:*:*:*:*:*",
     "referenceType": "cpe23Type"
    },
    {
     "referenceCategory": "PACKAGE_MANAGER",
     "referenceLocator": "pkg:golang/github.com/davecgh/go-spew@v1.1.1",
     "referenceType": "purl"
    }
   ],
   "filesAnalyzed": false,
   "licenseDeclared": "NONE",
   "sourceInfo": "acquired package info from go module information: /bin/vsphere-cloud-controller-manager",
   "versionInfo": "v1.1.1"
  },
  {
   "SPDXID": "SPDXRef-3ca5a7e273ee7489",
   "name": "github.com/docker/distribution",
   "licenseConcluded": "NONE",
   "downloadLocation": "NOASSERTION",
   "externalRefs": [
    {
     "referenceCategory": "SECURITY",
     "referenceLocator": "cpe:2.3:a:docker:distribution:v2.7.1\\+incompatible:*:*:*:*:*:*:*",
     "referenceType": "cpe23Type"
    },
    {
     "referenceCategory": "PACKAGE_MANAGER",
     "referenceLocator": "pkg:golang/github.com/docker/distribution@v2.7.1+incompatible",
     "referenceType": "purl"
    }
   ],
   "filesAnalyzed": false,
   "licenseDeclared": "NONE",
   "sourceInfo": "acquired package info from go module information: /bin/vsphere-cloud-controller-manager",
   "versionInfo": "v2.7.1+incompatible"
  },
  {
   "SPDXID": "SPDXRef-e46678cbaf9969e2",
   "name": "github.com/emicklei/go-restful",
   "licenseConcluded": "NONE",
   "downloadLocation": "NOASSERTION",
   "externalRefs": [
    {
     "referenceCategory": "SECURITY",
     "referenceLocator": "cpe:2.3:a:emicklei:go-restful:v2.9.5\\+incompatible:*:*:*:*:*:*:*",
     "referenceType": "cpe23Type"
    },
    {
     "referenceCategory": "SECURITY",
     "referenceLocator": "cpe:2.3:a:emicklei:go_restful:v2.9.5\\+incompatible:*:*:*:*:*:*:*",
     "referenceType": "cpe23Type"
    },
    {
     "referenceCategory": "PACKAGE_MANAGER",
     "referenceLocator": "pkg:golang/github.com/emicklei/go-restful@v2.9.5+incompatible",
     "referenceType": "purl"
    }
   ],
   "filesAnalyzed": false,
   "licenseDeclared": "NONE",
   "sourceInfo": "acquired package info from go module information: /bin/vsphere-cloud-controller-manager",
   "versionInfo": "v2.9.5+incompatible"
  },
  {
   "SPDXID": "SPDXRef-972feac8dbbb3245",
   "name": "github.com/evanphx/json-patch",
   "licenseConcluded": "NONE",
   "downloadLocation": "NOASSERTION",
   "externalRefs": [
    {
     "referenceCategory": "SECURITY",
     "referenceLocator": "cpe:2.3:a:evanphx:json-patch:v4.9.0\\+incompatible:*:*:*:*:*:*:*",
     "referenceType": "cpe23Type"
    },
    {
     "referenceCategory": "SECURITY",
     "referenceLocator": "cpe:2.3:a:evanphx:json_patch:v4.9.0\\+incompatible:*:*:*:*:*:*:*",
     "referenceType": "cpe23Type"
    },
    {
     "referenceCategory": "PACKAGE_MANAGER",
     "referenceLocator": "pkg:golang/github.com/evanphx/json-patch@v4.9.0+incompatible",
     "referenceType": "purl"
    }
   ],
   "filesAnalyzed": false,
   "licenseDeclared": "NONE",
   "sourceInfo": "acquired package info from go module information: /bin/vsphere-cloud-controller-manager",
   "versionInfo": "v4.9.0+incompatible"
  },
  {
   "SPDXID": "SPDXRef-560179379c92a344",
   "name": "github.com/gibson042/canonicaljson-go",
   "licenseConcluded": "NONE",
   "downloadLocation": "NOASSERTION",
   "externalRefs": [
    {
     "referenceCategory": "SECURITY",
     "referenceLocator": "cpe:2.3:a:gibson042:canonicaljson-go:v1.0.3:*:*:*:*:*:*:*",
     "referenceType": "cpe23Type"
    },
    {
     "referenceCategory": "SECURITY",
     "referenceLocator": "cpe:2.3:a:gibson042:canonicaljson_go:v1.0.3:*:*:*:*:*:*:*",
     "referenceType": "cpe23Type"
    },
    {
     "referenceCategory": "PACKAGE_MANAGER",
     "referenceLocator": "pkg:golang/github.com/gibson042/canonicaljson-go@v1.0.3",
     "referenceType": "purl"
    }
   ],
   "filesAnalyzed": false,
   "licenseDeclared": "NONE",
   "sourceInfo": "acquired package info from go module information: /bin/vsphere-cloud-controller-manager",
   "versionInfo": "v1.0.3"
  },
  {
   "SPDXID": "SPDXRef-dcb1dda9959a059b",
   "name": "github.com/go-logr/logr",
   "licenseConcluded": "NONE",
   "downloadLocation": "NOASSERTION",
   "externalRefs": [
    {
     "referenceCategory": "SECURITY",
     "referenceLocator": "cpe:2.3:a:go-logr:logr:v0.2.0:*:*:*:*:*:*:*",
     "referenceType": "cpe23Type"
    },
    {
     "referenceCategory": "SECURITY",
     "referenceLocator": "cpe:2.3:a:go_logr:logr:v0.2.0:*:*:*:*:*:*:*",
     "referenceType": "cpe23Type"
    },
    {
     "referenceCategory": "SECURITY",
     "referenceLocator": "cpe:2.3:a:go:logr:v0.2.0:*:*:*:*:*:*:*",
     "referenceType": "cpe23Type"
    },
    {
     "referenceCategory": "PACKAGE_MANAGER",
     "referenceLocator": "pkg:golang/github.com/go-logr/logr@v0.2.0",
     "referenceType": "purl"
    }
   ],
   "filesAnalyzed": false,
   "licenseDeclared": "NONE",
   "sourceInfo": "acquired package info from go module information: /bin/vsphere-cloud-controller-manager",
   "versionInfo": "v0.2.0"
  },
  {
   "SPDXID": "SPDXRef-24431678cecbc735",
   "name": "github.com/go-openapi/jsonpointer",
   "licenseConcluded": "NONE",
   "downloadLocation": "NOASSERTION",
   "externalRefs": [
    {
     "referenceCategory": "SECURITY",
     "referenceLocator": "cpe:2.3:a:go-openapi:jsonpointer:v0.19.3:*:*:*:*:*:*:*",
     "referenceType": "cpe23Type"
    },
    {
     "referenceCategory": "SECURITY",
     "referenceLocator": "cpe:2.3:a:go_openapi:jsonpointer:v0.19.3:*:*:*:*:*:*:*",
     "referenceType": "cpe23Type"
    },
    {
     "referenceCategory": "SECURITY",
     "referenceLocator": "cpe:2.3:a:go:jsonpointer:v0.19.3:*:*:*:*:*:*:*",
     "referenceType": "cpe23Type"
    },
    {
     "referenceCategory": "PACKAGE_MANAGER",
     "referenceLocator": "pkg:golang/github.com/go-openapi/jsonpointer@v0.19.3",
     "referenceType": "purl"
    }
   ],
   "filesAnalyzed": false,
   "licenseDeclared": "NONE",
   "sourceInfo": "acquired package info from go module information: /bin/vsphere-cloud-controller-manager",
   "versionInfo": "v0.19.3"
  },
  {
   "SPDXID": "SPDXRef-28f752ece0e21c06",
   "name": "github.com/go-openapi/jsonreference",
   "licenseConcluded": "NONE",
   "downloadLocation": "NOASSERTION",
   "externalRefs": [
    {
     "referenceCategory": "SECURITY",
     "referenceLocator": "cpe:2.3:a:go-openapi:jsonreference:v0.19.3:*:*:*:*:*:*:*",
     "referenceType": "cpe23Type"
    },
    {
     "referenceCategory": "SECURITY",
     "referenceLocator": "cpe:2.3:a:go_openapi:jsonreference:v0.19.3:*:*:*:*:*:*:*",
     "referenceType": "cpe23Type"
    },
    {
     "referenceCategory": "SECURITY",
     "referenceLocator": "cpe:2.3:a:go:jsonreference:v0.19.3:*:*:*:*:*:*:*",
     "referenceType": "cpe23Type"
    },
    {
     "referenceCategory": "PACKAGE_MANAGER",
     "referenceLocator": "pkg:golang/github.com/go-openapi/jsonreference@v0.19.3",
     "referenceType": "purl"
    }
   ],
   "filesAnalyzed": false,
   "licenseDeclared": "NONE",
   "sourceInfo": "acquired package info from go module information: /bin/vsphere-cloud-controller-manager",
   "versionInfo": "v0.19.3"
  },
  {
   "SPDXID": "SPDXRef-79537ec965dd7e13",
   "name": "github.com/go-openapi/spec",
   "licenseConcluded": "NONE",
   "downloadLocation": "NOASSERTION",
   "externalRefs": [
    {
     "referenceCategory": "SECURITY",
     "referenceLocator": "cpe:2.3:a:go-openapi:spec:v0.19.3:*:*:*:*:*:*:*",
     "referenceType": "cpe23Type"
    },
    {
     "referenceCategory": "SECURITY",
     "referenceLocator": "cpe:2.3:a:go_openapi:spec:v0.19.3:*:*:*:*:*:*:*",
     "referenceType": "cpe23Type"
    },
    {
     "referenceCategory": "SECURITY",
     "referenceLocator": "cpe:2.3:a:go:spec:v0.19.3:*:*:*:*:*:*:*",
     "referenceType": "cpe23Type"
    },
    {
     "referenceCategory": "PACKAGE_MANAGER",
     "referenceLocator": "pkg:golang/github.com/go-openapi/spec@v0.19.3",
     "referenceType": "purl"
    }
   ],
   "filesAnalyzed": false,
   "licenseDeclared": "NONE",
   "sourceInfo": "acquired package info from go module information: /bin/vsphere-cloud-controller-manager",
   "versionInfo": "v0.19.3"
  },
  {
   "SPDXID": "SPDXRef-88d83fc316eb4fdb",
   "name": "github.com/go-openapi/swag",
   "licenseConcluded": "NONE",
   "downloadLocation": "NOASSERTION",
   "externalRefs": [
    {
     "referenceCategory": "SECURITY",
     "referenceLocator": "cpe:2.3:a:go-openapi:swag:v0.19.5:*:*:*:*:*:*:*",
     "referenceType": "cpe23Type"
    },
    {
     "referenceCategory": "SECURITY",
     "referenceLocator": "cpe:2.3:a:go_openapi:swag:v0.19.5:*:*:*:*:*:*:*",
     "referenceType": "cpe23Type"
    },
    {
     "referenceCategory": "SECURITY",
     "referenceLocator": "cpe:2.3:a:go:swag:v0.19.5:*:*:*:*:*:*:*",
     "referenceType": "cpe23Type"
    },
    {
     "referenceCategory": "PACKAGE_MANAGER",
     "referenceLocator": "pkg:golang/github.com/go-openapi/swag@v0.19.5",
     "referenceType": "purl"
    }
   ],
   "filesAnalyzed": false,
   "licenseDeclared": "NONE",
   "sourceInfo": "acquired package info from go module information: /bin/vsphere-cloud-controller-manager",
   "versionInfo": "v0.19.5"
  },
  {
   "SPDXID": "SPDXRef-aaebc70afb5b4def",
   "name": "github.com/gogo/protobuf",
   "licenseConcluded": "NONE",
   "downloadLocation": "NOASSERTION",
   "externalRefs": [
    {
     "referenceCategory": "SECURITY",
     "referenceLocator": "cpe:2.3:a:gogo:protobuf:v1.3.1:*:*:*:*:*:*:*",
     "referenceType": "cpe23Type"
    },
    {
     "referenceCategory": "PACKAGE_MANAGER",
     "referenceLocator": "pkg:golang/github.com/gogo/protobuf@v1.3.1",
     "referenceType": "purl"
    }
   ],
   "filesAnalyzed": false,
   "licenseDeclared": "NONE",
   "sourceInfo": "acquired package info from go module information: /bin/vsphere-cloud-controller-manager",
   "versionInfo": "v1.3.1"
  },
  {
   "SPDXID": "SPDXRef-43cfb9d2b9689ab6",
   "name": "github.com/golang/groupcache",
   "licenseConcluded": "NONE",
   "downloadLocation": "NOASSERTION",
   "externalRefs": [
    {
     "referenceCategory": "SECURITY",
     "referenceLocator": "cpe:2.3:a:golang:groupcache:v0.0.0-20191227052852-215e87163ea7:*:*:*:*:*:*:*",
     "referenceType": "cpe23Type"
    },
    {
     "referenceCategory": "PACKAGE_MANAGER",
     "referenceLocator": "pkg:golang/github.com/golang/groupcache@v0.0.0-20191227052852-215e87163ea7",
     "referenceType": "purl"
    }
   ],
   "filesAnalyzed": false,
   "licenseDeclared": "NONE",
   "sourceInfo": "acquired package info from go module information: /bin/vsphere-cloud-controller-manager",
   "versionInfo": "v0.0.0-20191227052852-215e87163ea7"
  },
  {
   "SPDXID": "SPDXRef-261422988874fbf7",
   "name": "github.com/golang/mock",
   "licenseConcluded": "NONE",
   "downloadLocation": "NOASSERTION",
   "externalRefs": [
    {
     "referenceCategory": "SECURITY",
     "referenceLocator": "cpe:2.3:a:golang:mock:v1.4.4:*:*:*:*:*:*:*",
     "referenceType": "cpe23Type"
    },
    {
     "referenceCategory": "PACKAGE_MANAGER",
     "referenceLocator": "pkg:golang/github.com/golang/mock@v1.4.4",
     "referenceType": "purl"
    }
   ],
   "filesAnalyzed": false,
   "licenseDeclared": "NONE",
   "sourceInfo": "acquired package info from go module information: /bin/vsphere-cloud-controller-manager",
   "versionInfo": "v1.4.4"
  },
  {
   "SPDXID": "SPDXRef-899c7b22f73b1dfa",
   "name": "github.com/golang/protobuf",
   "licenseConcluded": "NONE",
   "downloadLocation": "NOASSERTION",
   "externalRefs": [
    {
     "referenceCategory": "SECURITY",
     "referenceLocator": "cpe:2.3:a:golang:protobuf:v1.4.2:*:*:*:*:*:*:*",
     "referenceType": "cpe23Type"
    },
    {
     "referenceCategory": "PACKAGE_MANAGER",
     "referenceLocator": "pkg:golang/github.com/golang/protobuf@v1.4.2",
     "referenceType": "purl"
    }
   ],
   "filesAnalyzed": false,
   "licenseDeclared": "NONE",
   "sourceInfo": "acquired package info from go module information: /bin/vsphere-cloud-controller-manager",
   "versionInfo": "v1.4.2"
  },
  {
   "SPDXID": "SPDXRef-286d906ad8b17aa9",
   "name": "github.com/google/go-cmp",
   "licenseConcluded": "NONE",
   "downloadLocation": "NOASSERTION",
   "externalRefs": [
    {
     "referenceCategory": "SECURITY",
     "referenceLocator": "cpe:2.3:a:google:go-cmp:v0.4.0:*:*:*:*:*:*:*",
     "referenceType": "cpe23Type"
    },
    {
     "referenceCategory": "SECURITY",
     "referenceLocator": "cpe:2.3:a:google:go_cmp:v0.4.0:*:*:*:*:*:*:*",
     "referenceType": "cpe23Type"
    },
    {
     "referenceCategory": "PACKAGE_MANAGER",
     "referenceLocator": "pkg:golang/github.com/google/go-cmp@v0.4.0",
     "referenceType": "purl"
    }
   ],
   "filesAnalyzed": false,
   "licenseDeclared": "NONE",
   "sourceInfo": "acquired package info from go module information: /bin/vsphere-cloud-controller-manager",
   "versionInfo": "v0.4.0"
  },
  {
   "SPDXID": "SPDXRef-1aa300f8e47eda74",
   "name": "github.com/google/gofuzz",
   "licenseConcluded": "NONE",
   "downloadLocation": "NOASSERTION",
   "externalRefs": [
    {
     "referenceCategory": "SECURITY",
     "referenceLocator": "cpe:2.3:a:google:gofuzz:v1.1.0:*:*:*:*:*:*:*",
     "referenceType": "cpe23Type"
    },
    {
     "referenceCategory": "PACKAGE_MANAGER",
     "referenceLocator": "pkg:golang/github.com/google/gofuzz@v1.1.0",
     "referenceType": "purl"
    }
   ],
   "filesAnalyzed": false,
   "licenseDeclared": "NONE",
   "sourceInfo": "acquired package info from go module information: /bin/vsphere-cloud-controller-manager",
   "versionInfo": "v1.1.0"
  },
  {
   "SPDXID": "SPDXRef-3280a34f0998238d",
   "name": "github.com/google/uuid",
   "licenseConcluded": "NONE",
   "downloadLocation": "NOASSERTION",
   "externalRefs": [
    {
     "referenceCategory": "SECURITY",
     "referenceLocator": "cpe:2.3:a:google:uuid:v1.1.1:*:*:*:*:*:*:*",
     "referenceType": "cpe23Type"
    },
    {
     "referenceCategory": "PACKAGE_MANAGER",
     "referenceLocator": "pkg:golang/github.com/google/uuid@v1.1.1",
     "referenceType": "purl"
    }
   ],
   "filesAnalyzed": false,
   "licenseDeclared": "NONE",
   "sourceInfo": "acquired package info from go module information: /bin/vsphere-cloud-controller-manager",
   "versionInfo": "v1.1.1"
  },
  {
   "SPDXID": "SPDXRef-b305573a12516dcf",
   "name": "github.com/googleapis/gnostic",
   "licenseConcluded": "NONE",
   "downloadLocation": "NOASSERTION",
   "externalRefs": [
    {
     "referenceCategory": "SECURITY",
     "referenceLocator": "cpe:2.3:a:googleapis:gnostic:v0.4.1:*:*:*:*:*:*:*",
     "referenceType": "cpe23Type"
    },
    {
     "referenceCategory": "PACKAGE_MANAGER",
     "referenceLocator": "pkg:golang/github.com/googleapis/gnostic@v0.4.1",
     "referenceType": "purl"
    }
   ],
   "filesAnalyzed": false,
   "licenseDeclared": "NONE",
   "sourceInfo": "acquired package info from go module information: /bin/vsphere-cloud-controller-manager",
   "versionInfo": "v0.4.1"
  },
  {
   "SPDXID": "SPDXRef-649f189551332c28",
   "name": "github.com/grpc-ecosystem/go-grpc-prometheus",
   "licenseConcluded": "NONE",
   "downloadLocation": "NOASSERTION",
   "externalRefs": [
    {
     "referenceCategory": "SECURITY",
     "referenceLocator": "cpe:2.3:a:grpc-ecosystem:go-grpc-prometheus:v1.2.0:*:*:*:*:*:*:*",
     "referenceType": "cpe23Type"
    },
    {
     "referenceCategory": "SECURITY",
     "referenceLocator": "cpe:2.3:a:grpc-ecosystem:go_grpc_prometheus:v1.2.0:*:*:*:*:*:*:*",
     "referenceType": "cpe23Type"
    },
    {
     "referenceCategory": "SECURITY",
     "referenceLocator": "cpe:2.3:a:grpc_ecosystem:go-grpc-prometheus:v1.2.0:*:*:*:*:*:*:*",
     "referenceType": "cpe23Type"
    },
    {
     "referenceCategory": "SECURITY",
     "referenceLocator": "cpe:2.3:a:grpc_ecosystem:go_grpc_prometheus:v1.2.0:*:*:*:*:*:*:*",
     "referenceType": "cpe23Type"
    },
    {
     "referenceCategory": "SECURITY",
     "referenceLocator": "cpe:2.3:a:grpc:go-grpc-prometheus:v1.2.0:*:*:*:*:*:*:*",
     "referenceType": "cpe23Type"
    },
    {
     "referenceCategory": "SECURITY",
     "referenceLocator": "cpe:2.3:a:grpc:go_grpc_prometheus:v1.2.0:*:*:*:*:*:*:*",
     "referenceType": "cpe23Type"
    },
    {
     "referenceCategory": "PACKAGE_MANAGER",
     "referenceLocator": "pkg:golang/github.com/grpc-ecosystem/go-grpc-prometheus@v1.2.0",
     "referenceType": "purl"
    }
   ],
   "filesAnalyzed": false,
   "licenseDeclared": "NONE",
   "sourceInfo": "acquired package info from go module information: /bin/vsphere-cloud-controller-manager",
   "versionInfo": "v1.2.0"
  },
  {
   "SPDXID": "SPDXRef-78ccbbc5ed25d4ff",
   "name": "github.com/hashicorp/golang-lru",
   "licenseConcluded": "NONE",
   "downloadLocation": "NOASSERTION",
   "externalRefs": [
    {
     "referenceCategory": "SECURITY",
     "referenceLocator": "cpe:2.3:a:hashicorp:golang-lru:v0.5.1:*:*:*:*:*:*:*",
     "referenceType": "cpe23Type"
    },
    {
     "referenceCategory": "SECURITY",
     "referenceLocator": "cpe:2.3:a:hashicorp:golang_lru:v0.5.1:*:*:*:*:*:*:*",
     "referenceType": "cpe23Type"
    },
    {
     "referenceCategory": "PACKAGE_MANAGER",
     "referenceLocator": "pkg:golang/github.com/hashicorp/golang-lru@v0.5.1",
     "referenceType": "purl"
    }
   ],
   "filesAnalyzed": false,
   "licenseDeclared": "NONE",
   "sourceInfo": "acquired package info from go module information: /bin/vsphere-cloud-controller-manager",
   "versionInfo": "v0.5.1"
  },
  {
   "SPDXID": "SPDXRef-b1c3e294de867ec",
   "name": "github.com/imdario/mergo",
   "licenseConcluded": "NONE",
   "downloadLocation": "NOASSERTION",
   "externalRefs": [
    {
     "referenceCategory": "SECURITY",
     "referenceLocator": "cpe:2.3:a:imdario:mergo:v0.3.5:*:*:*:*:*:*:*",
     "referenceType": "cpe23Type"
    },
    {
     "referenceCategory": "PACKAGE_MANAGER",
     "referenceLocator": "pkg:golang/github.com/imdario/mergo@v0.3.5",
     "referenceType": "purl"
    }
   ],
   "filesAnalyzed": false,
   "licenseDeclared": "NONE",
   "sourceInfo": "acquired package info from go module information: /bin/vsphere-cloud-controller-manager",
   "versionInfo": "v0.3.5"
  },
  {
   "SPDXID": "SPDXRef-52304fc10025404b",
   "name": "github.com/json-iterator/go",
   "licenseConcluded": "NONE",
   "downloadLocation": "NOASSERTION",
   "externalRefs": [
    {
     "referenceCategory": "SECURITY",
     "referenceLocator": "cpe:2.3:a:json-iterator:go:v1.1.10:*:*:*:*:*:*:*",
     "referenceType": "cpe23Type"
    },
    {
     "referenceCategory": "SECURITY",
     "referenceLocator": "cpe:2.3:a:json_iterator:go:v1.1.10:*:*:*:*:*:*:*",
     "referenceType": "cpe23Type"
    },
    {
     "referenceCategory": "SECURITY",
     "referenceLocator": "cpe:2.3:a:json:go:v1.1.10:*:*:*:*:*:*:*",
     "referenceType": "cpe23Type"
    },
    {
     "referenceCategory": "PACKAGE_MANAGER",
     "referenceLocator": "pkg:golang/github.com/json-iterator/go@v1.1.10",
     "referenceType": "purl"
    }
   ],
   "filesAnalyzed": false,
   "licenseDeclared": "NONE",
   "sourceInfo": "acquired package info from go module information: /bin/vsphere-cloud-controller-manager",
   "versionInfo": "v1.1.10"
  },
  {
   "SPDXID": "SPDXRef-61cea50d923efc6e",
   "name": "github.com/mailru/easyjson",
   "licenseConcluded": "NONE",
   "downloadLocation": "NOASSERTION",
   "externalRefs": [
    {
     "referenceCategory": "SECURITY",
     "referenceLocator": "cpe:2.3:a:mailru:easyjson:v0.7.0:*:*:*:*:*:*:*",
     "referenceType": "cpe23Type"
    },
    {
     "referenceCategory": "PACKAGE_MANAGER",
     "referenceLocator": "pkg:golang/github.com/mailru/easyjson@v0.7.0",
     "referenceType": "purl"
    }
   ],
   "filesAnalyzed": false,
   "licenseDeclared": "NONE",
   "sourceInfo": "acquired package info from go module information: /bin/vsphere-cloud-controller-manager",
   "versionInfo": "v0.7.0"
  },
  {
   "SPDXID": "SPDXRef-ffae377e557fa9f1",
   "name": "github.com/matttproud/golang_protobuf_extensions",
   "licenseConcluded": "NONE",
   "downloadLocation": "NOASSERTION",
   "externalRefs": [
    {
     "referenceCategory": "SECURITY",
     "referenceLocator": "cpe:2.3:a:matttproud:golang-protobuf-extensions:v1.0.2-0.20181231171920-c182affec369:*:*:*:*:*:*:*",
     "referenceType": "cpe23Type"
    },
    {
     "referenceCategory": "SECURITY",
     "referenceLocator": "cpe:2.3:a:matttproud:golang_protobuf_extensions:v1.0.2-0.20181231171920-c182affec369:*:*:*:*:*:*:*",
     "referenceType": "cpe23Type"
    },
    {
     "referenceCategory": "PACKAGE_MANAGER",
     "referenceLocator": "pkg:golang/github.com/matttproud/golang_protobuf_extensions@v1.0.2-0.20181231171920-c182affec369",
     "referenceType": "purl"
    }
   ],
   "filesAnalyzed": false,
   "licenseDeclared": "NONE",
   "sourceInfo": "acquired package info from go module information: /bin/vsphere-cloud-controller-manager",
   "versionInfo": "v1.0.2-0.20181231171920-c182affec369"
  },
  {
   "SPDXID": "SPDXRef-613f103d72cb497c",
   "name": "github.com/moby/term",
   "licenseConcluded": "NONE",
   "downloadLocation": "NOASSERTION",
   "externalRefs": [
    {
     "referenceCategory": "SECURITY",
     "referenceLocator": "cpe:2.3:a:moby:term:v0.0.0-20200312100748-672ec06f55cd:*:*:*:*:*:*:*",
     "referenceType": "cpe23Type"
    },
    {
     "referenceCategory": "PACKAGE_MANAGER",
     "referenceLocator": "pkg:golang/github.com/moby/term@v0.0.0-20200312100748-672ec06f55cd",
     "referenceType": "purl"
    }
   ],
   "filesAnalyzed": false,
   "licenseDeclared": "NONE",
   "sourceInfo": "acquired package info from go module information: /bin/vsphere-cloud-controller-manager",
   "versionInfo": "v0.0.0-20200312100748-672ec06f55cd"
  },
  {
   "SPDXID": "SPDXRef-70eacf49014a74b3",
   "name": "github.com/modern-go/concurrent",
   "licenseConcluded": "NONE",
   "downloadLocation": "NOASSERTION",
   "externalRefs": [
    {
     "referenceCategory": "SECURITY",
     "referenceLocator": "cpe:2.3:a:modern-go:concurrent:v0.0.0-20180306012644-bacd9c7ef1dd:*:*:*:*:*:*:*",
     "referenceType": "cpe23Type"
    },
    {
     "referenceCategory": "SECURITY",
     "referenceLocator": "cpe:2.3:a:modern_go:concurrent:v0.0.0-20180306012644-bacd9c7ef1dd:*:*:*:*:*:*:*",
     "referenceType": "cpe23Type"
    },
    {
     "referenceCategory": "SECURITY",
     "referenceLocator": "cpe:2.3:a:modern:concurrent:v0.0.0-20180306012644-bacd9c7ef1dd:*:*:*:*:*:*:*",
     "referenceType": "cpe23Type"
    },
    {
     "referenceCategory": "PACKAGE_MANAGER",
     "referenceLocator": "pkg:golang/github.com/modern-go/concurrent@v0.0.0-20180306012644-bacd9c7ef1dd",
     "referenceType": "purl"
    }
   ],
   "filesAnalyzed": false,
   "licenseDeclared": "NONE",
   "sourceInfo": "acquired package info from go module information: /bin/vsphere-cloud-controller-manager",
   "versionInfo": "v0.0.0-20180306012644-bacd9c7ef1dd"
  },
  {
   "SPDXID": "SPDXRef-d4db89919f32cff9",
   "name": "github.com/modern-go/reflect2",
   "licenseConcluded": "NONE",
   "downloadLocation": "NOASSERTION",
   "externalRefs": [
    {
     "referenceCategory": "SECURITY",
     "referenceLocator": "cpe:2.3:a:modern-go:reflect2:v1.0.1:*:*:*:*:*:*:*",
     "referenceType": "cpe23Type"
    },
    {
     "referenceCategory": "SECURITY",
     "referenceLocator": "cpe:2.3:a:modern_go:reflect2:v1.0.1:*:*:*:*:*:*:*",
     "referenceType": "cpe23Type"
    },
    {
     "referenceCategory": "SECURITY",
     "referenceLocator": "cpe:2.3:a:modern:reflect2:v1.0.1:*:*:*:*:*:*:*",
     "referenceType": "cpe23Type"
    },
    {
     "referenceCategory": "PACKAGE_MANAGER",
     "referenceLocator": "pkg:golang/github.com/modern-go/reflect2@v1.0.1",
     "referenceType": "purl"
    }
   ],
   "filesAnalyzed": false,
   "licenseDeclared": "NONE",
   "sourceInfo": "acquired package info from go module information: /bin/vsphere-cloud-controller-manager",
   "versionInfo": "v1.0.1"
  },
  {
   "SPDXID": "SPDXRef-b5c6655231bc21b8",
   "name": "github.com/munnerz/goautoneg",
   "licenseConcluded": "NONE",
   "downloadLocation": "NOASSERTION",
   "externalRefs": [
    {
     "referenceCategory": "SECURITY",
     "referenceLocator": "cpe:2.3:a:munnerz:goautoneg:v0.0.0-20191010083416-a7dc8b61c822:*:*:*:*:*:*:*",
     "referenceType": "cpe23Type"
    },
    {
     "referenceCategory": "PACKAGE_MANAGER",
     "referenceLocator": "pkg:golang/github.com/munnerz/goautoneg@v0.0.0-20191010083416-a7dc8b61c822",
     "referenceType": "purl"
    }
   ],
   "filesAnalyzed": false,
   "licenseDeclared": "NONE",
   "sourceInfo": "acquired package info from go module information: /bin/vsphere-cloud-controller-manager",
   "versionInfo": "v0.0.0-20191010083416-a7dc8b61c822"
  },
  {
   "SPDXID": "SPDXRef-c3be39896cbf3b5e",
   "name": "github.com/opencontainers/go-digest",
   "licenseConcluded": "NONE",
   "downloadLocation": "NOASSERTION",
   "externalRefs": [
    {
     "referenceCategory": "SECURITY",
     "referenceLocator": "cpe:2.3:a:opencontainers:go-digest:v1.0.0-rc1:*:*:*:*:*:*:*",
     "referenceType": "cpe23Type"
    },
    {
     "referenceCategory": "SECURITY",
     "referenceLocator": "cpe:2.3:a:opencontainers:go_digest:v1.0.0-rc1:*:*:*:*:*:*:*",
     "referenceType": "cpe23Type"
    },
    {
     "referenceCategory": "PACKAGE_MANAGER",
     "referenceLocator": "pkg:golang/github.com/opencontainers/go-digest@v1.0.0-rc1",
     "referenceType": "purl"
    }
   ],
   "filesAnalyzed": false,
   "licenseDeclared": "NONE",
   "sourceInfo": "acquired package info from go module information: /bin/vsphere-cloud-controller-manager",
   "versionInfo": "v1.0.0-rc1"
  },
  {
   "SPDXID": "SPDXRef-9066d759a9c23529",
   "name": "github.com/pkg/errors",
   "licenseConcluded": "NONE",
   "downloadLocation": "NOASSERTION",
   "externalRefs": [
    {
     "referenceCategory": "SECURITY",
     "referenceLocator": "cpe:2.3:a:pkg:errors:v0.9.1:*:*:*:*:*:*:*",
     "referenceType": "cpe23Type"
    },
    {
     "referenceCategory": "PACKAGE_MANAGER",
     "referenceLocator": "pkg:golang/github.com/pkg/errors@v0.9.1",
     "referenceType": "purl"
    }
   ],
   "filesAnalyzed": false,
   "licenseDeclared": "NONE",
   "sourceInfo": "acquired package info from go module information: /bin/vsphere-cloud-controller-manager",
   "versionInfo": "v0.9.1"
  },
  {
   "SPDXID": "SPDXRef-9b4469d4ebfbcced",
   "name": "github.com/prometheus/client_golang",
   "licenseConcluded": "NONE",
   "downloadLocation": "NOASSERTION",
   "externalRefs": [
    {
     "referenceCategory": "SECURITY",
     "referenceLocator": "cpe:2.3:a:prometheus:client-golang:v1.7.1:*:*:*:*:*:*:*",
     "referenceType": "cpe23Type"
    },
    {
     "referenceCategory": "SECURITY",
     "referenceLocator": "cpe:2.3:a:prometheus:client_golang:v1.7.1:*:*:*:*:*:*:*",
     "referenceType": "cpe23Type"
    },
    {
     "referenceCategory": "PACKAGE_MANAGER",
     "referenceLocator": "pkg:golang/github.com/prometheus/client_golang@v1.7.1",
     "referenceType": "purl"
    }
   ],
   "filesAnalyzed": false,
   "licenseDeclared": "NONE",
   "sourceInfo": "acquired package info from go module information: /bin/vsphere-cloud-controller-manager",
   "versionInfo": "v1.7.1"
  },
  {
   "SPDXID": "SPDXRef-92a0733b3918a42",
   "name": "github.com/prometheus/client_model",
   "licenseConcluded": "NONE",
   "downloadLocation": "NOASSERTION",
   "externalRefs": [
    {
     "referenceCategory": "SECURITY",
     "referenceLocator": "cpe:2.3:a:prometheus:client-model:v0.2.0:*:*:*:*:*:*:*",
     "referenceType": "cpe23Type"
    },
    {
     "referenceCategory": "SECURITY",
     "referenceLocator": "cpe:2.3:a:prometheus:client_model:v0.2.0:*:*:*:*:*:*:*",
     "referenceType": "cpe23Type"
    },
    {
     "referenceCategory": "PACKAGE_MANAGER",
     "referenceLocator": "pkg:golang/github.com/prometheus/client_model@v0.2.0",
     "referenceType": "purl"
    }
   ],
   "filesAnalyzed": false,
   "licenseDeclared": "NONE",
   "sourceInfo": "acquired package info from go module information: /bin/vsphere-cloud-controller-manager",
   "versionInfo": "v0.2.0"
  },
  {
   "SPDXID": "SPDXRef-e38de9f2691b7a42",
   "name": "github.com/prometheus/common",
   "licenseConcluded": "NONE",
   "downloadLocation": "NOASSERTION",
   "externalRefs": [
    {
     "referenceCategory": "SECURITY",
     "referenceLocator": "cpe:2.3:a:prometheus:common:v0.10.0:*:*:*:*:*:*:*",
     "referenceType": "cpe23Type"
    },
    {
     "referenceCategory": "PACKAGE_MANAGER",
     "referenceLocator": "pkg:golang/github.com/prometheus/common@v0.10.0",
     "referenceType": "purl"
    }
   ],
   "filesAnalyzed": false,
   "licenseDeclared": "NONE",
   "sourceInfo": "acquired package info from go module information: /bin/vsphere-cloud-controller-manager",
   "versionInfo": "v0.10.0"
  },
  {
   "SPDXID": "SPDXRef-36667de20db785b1",
   "name": "github.com/prometheus/procfs",
   "licenseConcluded": "NONE",
   "downloadLocation": "NOASSERTION",
   "externalRefs": [
    {
     "referenceCategory": "SECURITY",
     "referenceLocator": "cpe:2.3:a:prometheus:procfs:v0.1.3:*:*:*:*:*:*:*",
     "referenceType": "cpe23Type"
    },
    {
     "referenceCategory": "PACKAGE_MANAGER",
     "referenceLocator": "pkg:golang/github.com/prometheus/procfs@v0.1.3",
     "referenceType": "purl"
    }
   ],
   "filesAnalyzed": false,
   "licenseDeclared": "NONE",
   "sourceInfo": "acquired package info from go module information: /bin/vsphere-cloud-controller-manager",
   "versionInfo": "v0.1.3"
  },
  {
   "SPDXID": "SPDXRef-fbe29d2dd601abf8",
   "name": "github.com/spf13/cobra",
   "licenseConcluded": "NONE",
   "downloadLocation": "NOASSERTION",
   "externalRefs": [
    {
     "referenceCategory": "SECURITY",
     "referenceLocator": "cpe:2.3:a:spf13:cobra:v1.0.0:*:*:*:*:*:*:*",
     "referenceType": "cpe23Type"
    },
    {
     "referenceCategory": "PACKAGE_MANAGER",
     "referenceLocator": "pkg:golang/github.com/spf13/cobra@v1.0.0",
     "referenceType": "purl"
    }
   ],
   "filesAnalyzed": false,
   "licenseDeclared": "NONE",
   "sourceInfo": "acquired package info from go module information: /bin/vsphere-cloud-controller-manager",
   "versionInfo": "v1.0.0"
  },
  {
   "SPDXID": "SPDXRef-7084e0cb03a561d7",
   "name": "github.com/spf13/pflag",
   "licenseConcluded": "NONE",
   "downloadLocation": "NOASSERTION",
   "externalRefs": [
    {
     "referenceCategory": "SECURITY",
     "referenceLocator": "cpe:2.3:a:spf13:pflag:v1.0.5:*:*:*:*:*:*:*",
     "referenceType": "cpe23Type"
    },
    {
     "referenceCategory": "PACKAGE_MANAGER",
     "referenceLocator": "pkg:golang/github.com/spf13/pflag@v1.0.5",
     "referenceType": "purl"
    }
   ],
   "filesAnalyzed": false,
   "licenseDeclared": "NONE",
   "sourceInfo": "acquired package info from go module information: /bin/vsphere-cloud-controller-manager",
   "versionInfo": "v1.0.5"
  },
  {
   "SPDXID": "SPDXRef-46d1da970a292fd0",
   "name": "github.com/vmware/govmomi",
   "licenseConcluded": "NONE",
   "downloadLocation": "NOASSERTION",
   "externalRefs": [
    {
     "referenceCategory": "SECURITY",
     "referenceLocator": "cpe:2.3:a:vmware:govmomi:v0.22.1:*:*:*:*:*:*:*",
     "referenceType": "cpe23Type"
    },
    {
     "referenceCategory": "PACKAGE_MANAGER",
     "referenceLocator": "pkg:golang/github.com/vmware/govmomi@v0.22.1",
     "referenceType": "purl"
    }
   ],
   "filesAnalyzed": false,
   "licenseDeclared": "NONE",
   "sourceInfo": "acquired package info from go module information: /bin/vsphere-cloud-controller-manager",
   "versionInfo": "v0.22.1"
  },
  {
   "SPDXID": "SPDXRef-6da3b3cbfc68bed",
   "name": "github.com/vmware/vsphere-automation-sdk-go/lib",
   "licenseConcluded": "NONE",
   "downloadLocation": "NOASSERTION",
   "externalRefs": [
    {
     "referenceCategory": "SECURITY",
     "referenceLocator": "cpe:2.3:a:vmware:vsphere-automation-sdk-go\\/lib:v0.2.0:*:*:*:*:*:*:*",
     "referenceType": "cpe23Type"
    },
    {
     "referenceCategory": "SECURITY",
     "referenceLocator": "cpe:2.3:a:vmware:vsphere_automation_sdk_go\\/lib:v0.2.0:*:*:*:*:*:*:*",
     "referenceType": "cpe23Type"
    },
    {
     "referenceCategory": "PACKAGE_MANAGER",
     "referenceLocator": "pkg:golang/github.com/vmware/vsphere-automation-sdk-go/lib@v0.2.0",
     "referenceType": "purl"
    }
   ],
   "filesAnalyzed": false,
   "licenseDeclared": "NONE",
   "sourceInfo": "acquired package info from go module information: /bin/vsphere-cloud-controller-manager",
   "versionInfo": "v0.2.0"
  },
  {
   "SPDXID": "SPDXRef-f98198a78acfaff5",
   "name": "github.com/vmware/vsphere-automation-sdk-go/runtime",
   "licenseConcluded": "NONE",
   "downloadLocation": "NOASSERTION",
   "externalRefs": [
    {
     "referenceCategory": "SECURITY",
     "referenceLocator": "cpe:2.3:a:vmware:vsphere-automation-sdk-go\\/runtime:v0.2.0:*:*:*:*:*:*:*",
     "referenceType": "cpe23Type"
    },
    {
     "referenceCategory": "SECURITY",
     "referenceLocator": "cpe:2.3:a:vmware:vsphere_automation_sdk_go\\/runtime:v0.2.0:*:*:*:*:*:*:*",
     "referenceType": "cpe23Type"
    },
    {
     "referenceCategory": "PACKAGE_MANAGER",
     "referenceLocator": "pkg:golang/github.com/vmware/vsphere-automation-sdk-go/runtime@v0.2.0",
     "referenceType": "purl"
    }
   ],
   "filesAnalyzed": false,
   "licenseDeclared": "NONE",
   "sourceInfo": "acquired package info from go module information: /bin/vsphere-cloud-controller-manager",
   "versionInfo": "v0.2.0"
  },
  {
   "SPDXID": "SPDXRef-99a9643f0d2bcf8",
   "name": "github.com/vmware/vsphere-automation-sdk-go/services/nsxt",
   "licenseConcluded": "NONE",
   "downloadLocation": "NOASSERTION",
   "externalRefs": [
    {
     "referenceCategory": "SECURITY",
     "referenceLocator": "cpe:2.3:a:vmware:vsphere-automation-sdk-go\\/services\\/nsxt:v0.3.0:*:*:*:*:*:*:*",
     "referenceType": "cpe23Type"
    },
    {
     "referenceCategory": "SECURITY",
     "referenceLocator": "cpe:2.3:a:vmware:vsphere_automation_sdk_go\\/services\\/nsxt:v0.3.0:*:*:*:*:*:*:*",
     "referenceType": "cpe23Type"
    },
    {
     "referenceCategory": "PACKAGE_MANAGER",
     "referenceLocator": "pkg:golang/github.com/vmware/vsphere-automation-sdk-go/services/nsxt@v0.3.0",
     "referenceType": "purl"
    }
   ],
   "filesAnalyzed": false,
   "licenseDeclared": "NONE",
   "sourceInfo": "acquired package info from go module information: /bin/vsphere-cloud-controller-manager",
   "versionInfo": "v0.3.0"
  },
  {
   "SPDXID": "SPDXRef-d29290bac57adc99",
   "name": "go.etcd.io/etcd",
   "licenseConcluded": "NONE",
   "downloadLocation": "NOASSERTION",
   "externalRefs": [
    {
     "referenceCategory": "PACKAGE_MANAGER",
     "referenceLocator": "pkg:golang/go.etcd.io/etcd@v0.5.0-alpha.5.0.20200819165624-17cef6e3e9d5",
     "referenceType": "purl"
    }
   ],
   "filesAnalyzed": false,
   "licenseDeclared": "NONE",
   "sourceInfo": "acquired package info from go module information: /bin/vsphere-cloud-controller-manager",
   "versionInfo": "v0.5.0-alpha.5.0.20200819165624-17cef6e3e9d5"
  },
  {
   "SPDXID": "SPDXRef-8c7d156525166d33",
   "name": "go.uber.org/atomic",
   "licenseConcluded": "NONE",
   "downloadLocation": "NOASSERTION",
   "externalRefs": [
    {
     "referenceCategory": "PACKAGE_MANAGER",
     "referenceLocator": "pkg:golang/go.uber.org/atomic@v1.4.0",
     "referenceType": "purl"
    }
   ],
   "filesAnalyzed": false,
   "licenseDeclared": "NONE",
   "sourceInfo": "acquired package info from go module information: /bin/vsphere-cloud-controller-manager",
   "versionInfo": "v1.4.0"
  },
  {
   "SPDXID": "SPDXRef-a02be01dc956c672",
   "name": "go.uber.org/multierr",
   "licenseConcluded": "NONE",
   "downloadLocation": "NOASSERTION",
   "externalRefs": [
    {
     "referenceCategory": "PACKAGE_MANAGER",
     "referenceLocator": "pkg:golang/go.uber.org/multierr@v1.1.0",
     "referenceType": "purl"
    }
   ],
   "filesAnalyzed": false,
   "licenseDeclared": "NONE",
   "sourceInfo": "acquired package info from go module information: /bin/vsphere-cloud-controller-manager",
   "versionInfo": "v1.1.0"
  },
  {
   "SPDXID": "SPDXRef-da8a5a5e2b511700",
   "name": "go.uber.org/zap",
   "licenseConcluded": "NONE",
   "downloadLocation": "NOASSERTION",
   "externalRefs": [
    {
     "referenceCategory": "PACKAGE_MANAGER",
     "referenceLocator": "pkg:golang/go.uber.org/zap@v1.10.0",
     "referenceType": "purl"
    }
   ],
   "filesAnalyzed": false,
   "licenseDeclared": "NONE",
   "sourceInfo": "acquired package info from go module information: /bin/vsphere-cloud-controller-manager",
   "versionInfo": "v1.10.0"
  },
  {
   "SPDXID": "SPDXRef-215dc3570aceef01",
   "name": "golang.org/x/crypto",
   "licenseConcluded": "NONE",
   "downloadLocation": "NOASSERTION",
   "externalRefs": [
    {
     "referenceCategory": "SECURITY",
     "referenceLocator": "cpe:2.3:a:golang:x\\/crypto:v0.0.0-20200622213623-75b288015ac9:*:*:*:*:*:*:*",
     "referenceType": "cpe23Type"
    },
    {
     "referenceCategory": "PACKAGE_MANAGER",
     "referenceLocator": "pkg:golang/golang.org/x/crypto@v0.0.0-20200622213623-75b288015ac9",
     "referenceType": "purl"
    }
   ],
   "filesAnalyzed": false,
   "licenseDeclared": "NONE",
   "sourceInfo": "acquired package info from go module information: /bin/vsphere-cloud-controller-manager",
   "versionInfo": "v0.0.0-20200622213623-75b288015ac9"
  },
  {
   "SPDXID": "SPDXRef-b30cc1797e2726cd",
   "name": "golang.org/x/net",
   "licenseConcluded": "NONE",
   "downloadLocation": "NOASSERTION",
   "externalRefs": [
    {
     "referenceCategory": "SECURITY",
     "referenceLocator": "cpe:2.3:a:golang:x\\/net:v0.0.0-20201110031124-69a78807bb2b:*:*:*:*:*:*:*",
     "referenceType": "cpe23Type"
    },
    {
     "referenceCategory": "PACKAGE_MANAGER",
     "referenceLocator": "pkg:golang/golang.org/x/net@v0.0.0-20201110031124-69a78807bb2b",
     "referenceType": "purl"
    }
   ],
   "filesAnalyzed": false,
   "licenseDeclared": "NONE",
   "sourceInfo": "acquired package info from go module information: /bin/vsphere-cloud-controller-manager",
   "versionInfo": "v0.0.0-20201110031124-69a78807bb2b"
  },
  {
   "SPDXID": "SPDXRef-ebd94048be582a63",
   "name": "golang.org/x/oauth2",
   "licenseConcluded": "NONE",
   "downloadLocation": "NOASSERTION",
   "externalRefs": [
    {
     "referenceCategory": "SECURITY",
     "referenceLocator": "cpe:2.3:a:golang:x\\/oauth2:v0.0.0-20191202225959-858c2ad4c8b6:*:*:*:*:*:*:*",
     "referenceType": "cpe23Type"
    },
    {
     "referenceCategory": "PACKAGE_MANAGER",
     "referenceLocator": "pkg:golang/golang.org/x/oauth2@v0.0.0-20191202225959-858c2ad4c8b6",
     "referenceType": "purl"
    }
   ],
   "filesAnalyzed": false,
   "licenseDeclared": "NONE",
   "sourceInfo": "acquired package info from go module information: /bin/vsphere-cloud-controller-manager",
   "versionInfo": "v0.0.0-20191202225959-858c2ad4c8b6"
  },
  {
   "SPDXID": "SPDXRef-4d59cd9a64080a22",
   "name": "golang.org/x/sync",
   "licenseConcluded": "NONE",
   "downloadLocation": "NOASSERTION",
   "externalRefs": [
    {
     "referenceCategory": "SECURITY",
     "referenceLocator": "cpe:2.3:a:golang:x\\/sync:v0.0.0-20201020160332-67f06af15bc9:*:*:*:*:*:*:*",
     "referenceType": "cpe23Type"
    },
    {
     "referenceCategory": "PACKAGE_MANAGER",
     "referenceLocator": "pkg:golang/golang.org/x/sync@v0.0.0-20201020160332-67f06af15bc9",
     "referenceType": "purl"
    }
   ],
   "filesAnalyzed": false,
   "licenseDeclared": "NONE",
   "sourceInfo": "acquired package info from go module information: /bin/vsphere-cloud-controller-manager",
   "versionInfo": "v0.0.0-20201020160332-67f06af15bc9"
  },
  {
   "SPDXID": "SPDXRef-d4c30575980beece",
   "name": "golang.org/x/sys",
   "licenseConcluded": "NONE",
   "downloadLocation": "NOASSERTION",
   "externalRefs": [
    {
     "referenceCategory": "SECURITY",
     "referenceLocator": "cpe:2.3:a:golang:x\\/sys:v0.0.0-20201112073958-5cba982894dd:*:*:*:*:*:*:*",
     "referenceType": "cpe23Type"
    },
    {
     "referenceCategory": "PACKAGE_MANAGER",
     "referenceLocator": "pkg:golang/golang.org/x/sys@v0.0.0-20201112073958-5cba982894dd",
     "referenceType": "purl"
    }
   ],
   "filesAnalyzed": false,
   "licenseDeclared": "NONE",
   "sourceInfo": "acquired package info from go module information: /bin/vsphere-cloud-controller-manager",
   "versionInfo": "v0.0.0-20201112073958-5cba982894dd"
  },
  {
   "SPDXID": "SPDXRef-274cbf428898ad65",
   "name": "golang.org/x/text",
   "licenseConcluded": "NONE",
   "downloadLocation": "NOASSERTION",
   "externalRefs": [
    {
     "referenceCategory": "SECURITY",
     "referenceLocator": "cpe:2.3:a:golang:x\\/text:v0.3.3:*:*:*:*:*:*:*",
     "referenceType": "cpe23Type"
    },
    {
     "referenceCategory": "PACKAGE_MANAGER",
     "referenceLocator": "pkg:golang/golang.org/x/text@v0.3.3",
     "referenceType": "purl"
    }
   ],
   "filesAnalyzed": false,
   "licenseDeclared": "NONE",
   "sourceInfo": "acquired package info from go module information: /bin/vsphere-cloud-controller-manager",
   "versionInfo": "v0.3.3"
  },
  {
   "SPDXID": "SPDXRef-3df0be8711f85ca4",
   "name": "golang.org/x/time",
   "licenseConcluded": "NONE",
   "downloadLocation": "NOASSERTION",
   "externalRefs": [
    {
     "referenceCategory": "SECURITY",
     "referenceLocator": "cpe:2.3:a:golang:x\\/time:v0.0.0-20191024005414-555d28b269f0:*:*:*:*:*:*:*",
     "referenceType": "cpe23Type"
    },
    {
     "referenceCategory": "PACKAGE_MANAGER",
     "referenceLocator": "pkg:golang/golang.org/x/time@v0.0.0-20191024005414-555d28b269f0",
     "referenceType": "purl"
    }
   ],
   "filesAnalyzed": false,
   "licenseDeclared": "NONE",
   "sourceInfo": "acquired package info from go module information: /bin/vsphere-cloud-controller-manager",
   "versionInfo": "v0.0.0-20191024005414-555d28b269f0"
  },
  {
   "SPDXID": "SPDXRef-bedabf61a1dcb82a",
   "name": "google.golang.org/genproto",
   "licenseConcluded": "NONE",
   "downloadLocation": "NOASSERTION",
   "externalRefs": [
    {
     "referenceCategory": "SECURITY",
     "referenceLocator": "cpe:2.3:a:google:genproto:v0.0.0-20200526211855-cb27e3aa2013:*:*:*:*:*:*:*",
     "referenceType": "cpe23Type"
    },
    {
     "referenceCategory": "PACKAGE_MANAGER",
     "referenceLocator": "pkg:golang/google.golang.org/genproto@v0.0.0-20200526211855-cb27e3aa2013",
     "referenceType": "purl"
    }
   ],
   "filesAnalyzed": false,
   "licenseDeclared": "NONE",
   "sourceInfo": "acquired package info from go module information: /bin/vsphere-cloud-controller-manager",
   "versionInfo": "v0.0.0-20200526211855-cb27e3aa2013"
  },
  {
   "SPDXID": "SPDXRef-3d2d6e63ff70126d",
   "name": "google.golang.org/grpc",
   "licenseConcluded": "NONE",
   "downloadLocation": "NOASSERTION",
   "externalRefs": [
    {
     "referenceCategory": "SECURITY",
     "referenceLocator": "cpe:2.3:a:google:grpc:v1.27.0:*:*:*:*:*:*:*",
     "referenceType": "cpe23Type"
    },
    {
     "referenceCategory": "PACKAGE_MANAGER",
     "referenceLocator": "pkg:golang/google.golang.org/grpc@v1.27.0",
     "referenceType": "purl"
    }
   ],
   "filesAnalyzed": false,
   "licenseDeclared": "NONE",
   "sourceInfo": "acquired package info from go module information: /bin/vsphere-cloud-controller-manager",
   "versionInfo": "v1.27.0"
  },
  {
   "SPDXID": "SPDXRef-32a64acfbad204e1",
   "name": "google.golang.org/protobuf",
   "licenseConcluded": "NONE",
   "downloadLocation": "NOASSERTION",
   "externalRefs": [
    {
     "referenceCategory": "SECURITY",
     "referenceLocator": "cpe:2.3:a:google:protobuf:v1.24.0:*:*:*:*:*:*:*",
     "referenceType": "cpe23Type"
    },
    {
     "referenceCategory": "PACKAGE_MANAGER",
     "referenceLocator": "pkg:golang/google.golang.org/protobuf@v1.24.0",
     "referenceType": "purl"
    }
   ],
   "filesAnalyzed": false,
   "licenseDeclared": "NONE",
   "sourceInfo": "acquired package info from go module information: /bin/vsphere-cloud-controller-manager",
   "versionInfo": "v1.24.0"
  },
  {
   "SPDXID": "SPDXRef-e1254a6ec509a4d",
   "name": "gopkg.in/gcfg.v1",
   "licenseConcluded": "NONE",
   "downloadLocation": "NOASSERTION",
   "externalRefs": [
    {
     "referenceCategory": "PACKAGE_MANAGER",
     "referenceLocator": "pkg:golang/gopkg.in/gcfg.v1@v1.2.3",
     "referenceType": "purl"
    }
   ],
   "filesAnalyzed": false,
   "licenseDeclared": "NONE",
   "sourceInfo": "acquired package info from go module information: /bin/vsphere-cloud-controller-manager",
   "versionInfo": "v1.2.3"
  },
  {
   "SPDXID": "SPDXRef-1ca7b65bedc48ad0",
   "name": "gopkg.in/inf.v0",
   "licenseConcluded": "NONE",
   "downloadLocation": "NOASSERTION",
   "externalRefs": [
    {
     "referenceCategory": "PACKAGE_MANAGER",
     "referenceLocator": "pkg:golang/gopkg.in/inf.v0@v0.9.1",
     "referenceType": "purl"
    }
   ],
   "filesAnalyzed": false,
   "licenseDeclared": "NONE",
   "sourceInfo": "acquired package info from go module information: /bin/vsphere-cloud-controller-manager",
   "versionInfo": "v0.9.1"
  },
  {
   "SPDXID": "SPDXRef-2c6b07e976c0565c",
   "name": "gopkg.in/natefinch/lumberjack.v2",
   "licenseConcluded": "NONE",
   "downloadLocation": "NOASSERTION",
   "externalRefs": [
    {
     "referenceCategory": "PACKAGE_MANAGER",
     "referenceLocator": "pkg:golang/gopkg.in/natefinch/lumberjack.v2@v2.0.0",
     "referenceType": "purl"
    }
   ],
   "filesAnalyzed": false,
   "licenseDeclared": "NONE",
   "sourceInfo": "acquired package info from go module information: /bin/vsphere-cloud-controller-manager",
   "versionInfo": "v2.0.0"
  },
  {
   "SPDXID": "SPDXRef-123b82c79c029bc7",
   "name": "gopkg.in/square/go-jose.v2",
   "licenseConcluded": "NONE",
   "downloadLocation": "NOASSERTION",
   "externalRefs": [
    {
     "referenceCategory": "PACKAGE_MANAGER",
     "referenceLocator": "pkg:golang/gopkg.in/square/go-jose.v2@v2.2.2",
     "referenceType": "purl"
    }
   ],
   "filesAnalyzed": false,
   "licenseDeclared": "NONE",
   "sourceInfo": "acquired package info from go module information: /bin/vsphere-cloud-controller-manager",
   "versionInfo": "v2.2.2"
  },
  {
   "SPDXID": "SPDXRef-cc3f4e9884ee03c8",
   "name": "gopkg.in/warnings.v0",
   "licenseConcluded": "NONE",
   "downloadLocation": "NOASSERTION",
   "externalRefs": [
    {
     "referenceCategory": "PACKAGE_MANAGER",
     "referenceLocator": "pkg:golang/gopkg.in/warnings.v0@v0.1.2",
     "referenceType": "purl"
    }
   ],
   "filesAnalyzed": false,
   "licenseDeclared": "NONE",
   "sourceInfo": "acquired package info from go module information: /bin/vsphere-cloud-controller-manager",
   "versionInfo": "v0.1.2"
  },
  {
   "SPDXID": "SPDXRef-7c9c6ec022fadc79",
   "name": "gopkg.in/yaml.v2",
   "licenseConcluded": "NONE",
   "downloadLocation": "NOASSERTION",
   "externalRefs": [
    {
     "referenceCategory": "PACKAGE_MANAGER",
     "referenceLocator": "pkg:golang/gopkg.in/yaml.v2@v2.2.8",
     "referenceType": "purl"
    }
   ],
   "filesAnalyzed": false,
   "licenseDeclared": "NONE",
   "sourceInfo": "acquired package info from go module information: /bin/vsphere-cloud-controller-manager",
   "versionInfo": "v2.2.8"
  },
  {
   "SPDXID": "SPDXRef-71d5ee98c8905bbc",
   "name": "k8s.io/cloud-provider-vsphere",
   "licenseConcluded": "NONE",
   "downloadLocation": "NOASSERTION",
   "externalRefs": [
    {
     "referenceCategory": "PACKAGE_MANAGER",
     "referenceLocator": "pkg:golang/k8s.io/cloud-provider-vsphere@(devel)",
     "referenceType": "purl"
    }
   ],
   "filesAnalyzed": false,
   "licenseDeclared": "NONE",
   "sourceInfo": "acquired package info from go module information: /bin/vsphere-cloud-controller-manager",
   "versionInfo": "(devel)"
  },
  {
   "SPDXID": "SPDXRef-c69e642d5dadd9e9",
   "name": "k8s.io/klog/v2",
   "licenseConcluded": "NONE",
   "downloadLocation": "NOASSERTION",
   "externalRefs": [
    {
     "referenceCategory": "SECURITY",
     "referenceLocator": "cpe:2.3:a:klog:v2:v2.4.0:*:*:*:*:*:*:*",
     "referenceType": "cpe23Type"
    },
    {
     "referenceCategory": "PACKAGE_MANAGER",
     "referenceLocator": "pkg:golang/k8s.io/klog/v2@v2.4.0",
     "referenceType": "purl"
    }
   ],
   "filesAnalyzed": false,
   "licenseDeclared": "NONE",
   "sourceInfo": "acquired package info from go module information: /bin/vsphere-cloud-controller-manager",
   "versionInfo": "v2.4.0"
  },
  {
   "SPDXID": "SPDXRef-43ecb87e2eb89f03",
   "name": "k8s.io/kube-openapi",
   "licenseConcluded": "NONE",
   "downloadLocation": "NOASSERTION",
   "externalRefs": [
    {
     "referenceCategory": "PACKAGE_MANAGER",
     "referenceLocator": "pkg:golang/k8s.io/kube-openapi@v0.0.0-20200805222855-6aeccd4b50c6",
     "referenceType": "purl"
    }
   ],
   "filesAnalyzed": false,
   "licenseDeclared": "NONE",
   "sourceInfo": "acquired package info from go module information: /bin/vsphere-cloud-controller-manager",
   "versionInfo": "v0.0.0-20200805222855-6aeccd4b50c6"
  },
  {
   "SPDXID": "SPDXRef-bcba66a9e8f38c53",
   "name": "k8s.io/kubernetes",
   "licenseConcluded": "NONE",
   "downloadLocation": "NOASSERTION",
   "externalRefs": [
    {
     "referenceCategory": "PACKAGE_MANAGER",
     "referenceLocator": "pkg:golang/k8s.io/kubernetes@v1.19.7",
     "referenceType": "purl"
    }
   ],
   "filesAnalyzed": false,
   "licenseDeclared": "NONE",
   "sourceInfo": "acquired package info from go module information: /bin/vsphere-cloud-controller-manager",
   "versionInfo": "v1.19.7"
  },
  {
   "SPDXID": "SPDXRef-2d2c6a1c6d493ea4",
   "name": "k8s.io/kubernetes/staging/src/k8s.io/api",
   "licenseConcluded": "NONE",
   "downloadLocation": "NOASSERTION",
   "externalRefs": [
    {
     "referenceCategory": "SECURITY",
     "referenceLocator": "cpe:2.3:a:kubernetes:staging\\/src\\/k8s.io\\/api:v0.0.0-20210113141052-1be54aaa7077:*:*:*:*:*:*:*",
     "referenceType": "cpe23Type"
    },
    {
     "referenceCategory": "PACKAGE_MANAGER",
     "referenceLocator": "pkg:golang/k8s.io/kubernetes/staging/src/k8s.io/api@v0.0.0-20210113141052-1be54aaa7077",
     "referenceType": "purl"
    }
   ],
   "filesAnalyzed": false,
   "licenseDeclared": "NONE",
   "sourceInfo": "acquired package info from go module information: /bin/vsphere-cloud-controller-manager",
   "versionInfo": "v0.0.0-20210113141052-1be54aaa7077"
  },
  {
   "SPDXID": "SPDXRef-d76dd0285910e740",
   "name": "k8s.io/kubernetes/staging/src/k8s.io/apimachinery",
   "licenseConcluded": "NONE",
   "downloadLocation": "NOASSERTION",
   "externalRefs": [
    {
     "referenceCategory": "SECURITY",
     "referenceLocator": "cpe:2.3:a:kubernetes:staging\\/src\\/k8s.io\\/apimachinery:v0.0.0-20210113141052-1be54aaa7077:*:*:*:*:*:*:*",
     "referenceType": "cpe23Type"
    },
    {
     "referenceCategory": "PACKAGE_MANAGER",
     "referenceLocator": "pkg:golang/k8s.io/kubernetes/staging/src/k8s.io/apimachinery@v0.0.0-20210113141052-1be54aaa7077",
     "referenceType": "purl"
    }
   ],
   "filesAnalyzed": false,
   "licenseDeclared": "NONE",
   "sourceInfo": "acquired package info from go module information: /bin/vsphere-cloud-controller-manager",
   "versionInfo": "v0.0.0-20210113141052-1be54aaa7077"
  },
  {
   "SPDXID": "SPDXRef-125fe97c120967a",
   "name": "k8s.io/kubernetes/staging/src/k8s.io/apiserver",
   "licenseConcluded": "NONE",
   "downloadLocation": "NOASSERTION",
   "externalRefs": [
    {
     "referenceCategory": "SECURITY",
     "referenceLocator": "cpe:2.3:a:kubernetes:staging\\/src\\/k8s.io\\/apiserver:v0.0.0-20210113141052-1be54aaa7077:*:*:*:*:*:*:*",
     "referenceType": "cpe23Type"
    },
    {
     "referenceCategory": "PACKAGE_MANAGER",
     "referenceLocator": "pkg:golang/k8s.io/kubernetes/staging/src/k8s.io/apiserver@v0.0.0-20210113141052-1be54aaa7077",
     "referenceType": "purl"
    }
   ],
   "filesAnalyzed": false,
   "licenseDeclared": "NONE",
   "sourceInfo": "acquired package info from go module information: /bin/vsphere-cloud-controller-manager",
   "versionInfo": "v0.0.0-20210113141052-1be54aaa7077"
  },
  {
   "SPDXID": "SPDXRef-d6145d8856425821",
   "name": "k8s.io/kubernetes/staging/src/k8s.io/client-go",
   "licenseConcluded": "NONE",
   "downloadLocation": "NOASSERTION",
   "externalRefs": [
    {
     "referenceCategory": "SECURITY",
     "referenceLocator": "cpe:2.3:a:kubernetes:staging\\/src\\/k8s.io\\/client-go:v0.0.0-20210113141052-1be54aaa7077:*:*:*:*:*:*:*",
     "referenceType": "cpe23Type"
    },
    {
     "referenceCategory": "SECURITY",
     "referenceLocator": "cpe:2.3:a:kubernetes:staging\\/src\\/k8s.io\\/client_go:v0.0.0-20210113141052-1be54aaa7077:*:*:*:*:*:*:*",
     "referenceType": "cpe23Type"
    },
    {
     "referenceCategory": "PACKAGE_MANAGER",
     "referenceLocator": "pkg:golang/k8s.io/kubernetes/staging/src/k8s.io/client-go@v0.0.0-20210113141052-1be54aaa7077",
     "referenceType": "purl"
    }
   ],
   "filesAnalyzed": false,
   "licenseDeclared": "NONE",
   "sourceInfo": "acquired package info from go module information: /bin/vsphere-cloud-controller-manager",
   "versionInfo": "v0.0.0-20210113141052-1be54aaa7077"
  },
  {
   "SPDXID": "SPDXRef-80671c4e85148293",
   "name": "k8s.io/kubernetes/staging/src/k8s.io/cloud-provider",
   "licenseConcluded": "NONE",
   "downloadLocation": "NOASSERTION",
   "externalRefs": [
    {
     "referenceCategory": "SECURITY",
     "referenceLocator": "cpe:2.3:a:kubernetes:staging\\/src\\/k8s.io\\/cloud-provider:v0.0.0-20210113141052-1be54aaa7077:*:*:*:*:*:*:*",
     "referenceType": "cpe23Type"
    },
    {
     "referenceCategory": "SECURITY",
     "referenceLocator": "cpe:2.3:a:kubernetes:staging\\/src\\/k8s.io\\/cloud_provider:v0.0.0-20210113141052-1be54aaa7077:*:*:*:*:*:*:*",
     "referenceType": "cpe23Type"
    },
    {
     "referenceCategory": "PACKAGE_MANAGER",
     "referenceLocator": "pkg:golang/k8s.io/kubernetes/staging/src/k8s.io/cloud-provider@v0.0.0-20210113141052-1be54aaa7077",
     "referenceType": "purl"
    }
   ],
   "filesAnalyzed": false,
   "licenseDeclared": "NONE",
   "sourceInfo": "acquired package info from go module information: /bin/vsphere-cloud-controller-manager",
   "versionInfo": "v0.0.0-20210113141052-1be54aaa7077"
  },
  {
   "SPDXID": "SPDXRef-33e99f7edb7976a4",
   "name": "k8s.io/kubernetes/staging/src/k8s.io/component-base",
   "licenseConcluded": "NONE",
   "downloadLocation": "NOASSERTION",
   "externalRefs": [
    {
     "referenceCategory": "SECURITY",
     "referenceLocator": "cpe:2.3:a:kubernetes:staging\\/src\\/k8s.io\\/component-base:v0.0.0-20210113141052-1be54aaa7077:*:*:*:*:*:*:*",
     "referenceType": "cpe23Type"
    },
    {
     "referenceCategory": "SECURITY",
     "referenceLocator": "cpe:2.3:a:kubernetes:staging\\/src\\/k8s.io\\/component_base:v0.0.0-20210113141052-1be54aaa7077:*:*:*:*:*:*:*",
     "referenceType": "cpe23Type"
    },
    {
     "referenceCategory": "PACKAGE_MANAGER",
     "referenceLocator": "pkg:golang/k8s.io/kubernetes/staging/src/k8s.io/component-base@v0.0.0-20210113141052-1be54aaa7077",
     "referenceType": "purl"
    }
   ],
   "filesAnalyzed": false,
   "licenseDeclared": "NONE",
   "sourceInfo": "acquired package info from go module information: /bin/vsphere-cloud-controller-manager",
   "versionInfo": "v0.0.0-20210113141052-1be54aaa7077"
  },
  {
   "SPDXID": "SPDXRef-dcf88f70bc15c670",
   "name": "k8s.io/kubernetes/staging/src/k8s.io/kube-controller-manager",
   "licenseConcluded": "NONE",
   "downloadLocation": "NOASSERTION",
   "externalRefs": [
    {
     "referenceCategory": "SECURITY",
     "referenceLocator": "cpe:2.3:a:kubernetes:staging\\/src\\/k8s.io\\/kube-controller-manager:v0.0.0-20210113141052-1be54aaa7077:*:*:*:*:*:*:*",
     "referenceType": "cpe23Type"
    },
    {
     "referenceCategory": "SECURITY",
     "referenceLocator": "cpe:2.3:a:kubernetes:staging\\/src\\/k8s.io\\/kube_controller_manager:v0.0.0-20210113141052-1be54aaa7077:*:*:*:*:*:*:*",
     "referenceType": "cpe23Type"
    },
    {
     "referenceCategory": "PACKAGE_MANAGER",
     "referenceLocator": "pkg:golang/k8s.io/kubernetes/staging/src/k8s.io/kube-controller-manager@v0.0.0-20210113141052-1be54aaa7077",
     "referenceType": "purl"
    }
   ],
   "filesAnalyzed": false,
   "licenseDeclared": "NONE",
   "sourceInfo": "acquired package info from go module information: /bin/vsphere-cloud-controller-manager",
   "versionInfo": "v0.0.0-20210113141052-1be54aaa7077"
  },
  {
   "SPDXID": "SPDXRef-1ca4ab6dd96f7cb9",
   "name": "k8s.io/utils",
   "licenseConcluded": "NONE",
   "downloadLocation": "NOASSERTION",
   "externalRefs": [
    {
     "referenceCategory": "PACKAGE_MANAGER",
     "referenceLocator": "pkg:golang/k8s.io/utils@v0.0.0-20200729134348-d5654de09c73",
     "referenceType": "purl"
    }
   ],
   "filesAnalyzed": false,
   "licenseDeclared": "NONE",
   "sourceInfo": "acquired package info from go module information: /bin/vsphere-cloud-controller-manager",
   "versionInfo": "v0.0.0-20200729134348-d5654de09c73"
  },
  {
   "SPDXID": "SPDXRef-f251c3f02e01d42",
   "name": "netbase",
   "licenseConcluded": "GPL-2.0-only",
   "downloadLocation": "NOASSERTION",
   "externalRefs": [
    {
     "referenceCategory": "SECURITY",
     "referenceLocator": "cpe:2.3:a:netbase:netbase:5.4:*:*:*:*:*:*:*",
     "referenceType": "cpe23Type"
    },
    {
     "referenceCategory": "PACKAGE_MANAGER",
     "referenceLocator": "pkg:deb/debian/netbase@5.4?arch=all&distro=debian-9",
     "referenceType": "purl"
    }
   ],
   "filesAnalyzed": false,
   "licenseDeclared": "GPL-2.0-only",
   "originator": "Person: Marco d'Itri <md@linux.it>",
   "sourceInfo": "acquired package info from DPKG DB: /usr/share/doc/netbase/copyright, /var/lib/dpkg/status.d/netbase",
   "versionInfo": "5.4"
  },
  {
   "SPDXID": "SPDXRef-938031817016eeae",
   "name": "sigs.k8s.io/apiserver-network-proxy/konnectivity-client",
   "licenseConcluded": "NONE",
   "downloadLocation": "NOASSERTION",
   "externalRefs": [
    {
     "referenceCategory": "SECURITY",
     "referenceLocator": "cpe:2.3:a:apiserver-network-proxy:konnectivity-client:v0.0.9:*:*:*:*:*:*:*",
     "referenceType": "cpe23Type"
    },
    {
     "referenceCategory": "SECURITY",
     "referenceLocator": "cpe:2.3:a:apiserver-network-proxy:konnectivity_client:v0.0.9:*:*:*:*:*:*:*",
     "referenceType": "cpe23Type"
    },
    {
     "referenceCategory": "SECURITY",
     "referenceLocator": "cpe:2.3:a:apiserver_network_proxy:konnectivity-client:v0.0.9:*:*:*:*:*:*:*",
     "referenceType": "cpe23Type"
    },
    {
     "referenceCategory": "SECURITY",
     "referenceLocator": "cpe:2.3:a:apiserver_network_proxy:konnectivity_client:v0.0.9:*:*:*:*:*:*:*",
     "referenceType": "cpe23Type"
    },
    {
     "referenceCategory": "SECURITY",
     "referenceLocator": "cpe:2.3:a:apiserver-network:konnectivity-client:v0.0.9:*:*:*:*:*:*:*",
     "referenceType": "cpe23Type"
    },
    {
     "referenceCategory": "SECURITY",
     "referenceLocator": "cpe:2.3:a:apiserver-network:konnectivity_client:v0.0.9:*:*:*:*:*:*:*",
     "referenceType": "cpe23Type"
    },
    {
     "referenceCategory": "SECURITY",
     "referenceLocator": "cpe:2.3:a:apiserver_network:konnectivity-client:v0.0.9:*:*:*:*:*:*:*",
     "referenceType": "cpe23Type"
    },
    {
     "referenceCategory": "SECURITY",
     "referenceLocator": "cpe:2.3:a:apiserver_network:konnectivity_client:v0.0.9:*:*:*:*:*:*:*",
     "referenceType": "cpe23Type"
    },
    {
     "referenceCategory": "SECURITY",
     "referenceLocator": "cpe:2.3:a:apiserver:konnectivity-client:v0.0.9:*:*:*:*:*:*:*",
     "referenceType": "cpe23Type"
    },
    {
     "referenceCategory": "SECURITY",
     "referenceLocator": "cpe:2.3:a:apiserver:konnectivity_client:v0.0.9:*:*:*:*:*:*:*",
     "referenceType": "cpe23Type"
    },
    {
     "referenceCategory": "PACKAGE_MANAGER",
     "referenceLocator": "pkg:golang/sigs.k8s.io/apiserver-network-proxy/konnectivity-client@v0.0.9",
     "referenceType": "purl"
    }
   ],
   "filesAnalyzed": false,
   "licenseDeclared": "NONE",
   "sourceInfo": "acquired package info from go module information: /bin/vsphere-cloud-controller-manager",
   "versionInfo": "v0.0.9"
  },
  {
   "SPDXID": "SPDXRef-f99267a1770c06df",
   "name": "sigs.k8s.io/structured-merge-diff/v4",
   "licenseConcluded": "NONE",
   "downloadLocation": "NOASSERTION",
   "externalRefs": [
    {
     "referenceCategory": "SECURITY",
     "referenceLocator": "cpe:2.3:a:structured-merge-diff:v4:v4.0.1:*:*:*:*:*:*:*",
     "referenceType": "cpe23Type"
    },
    {
     "referenceCategory": "SECURITY",
     "referenceLocator": "cpe:2.3:a:structured_merge_diff:v4:v4.0.1:*:*:*:*:*:*:*",
     "referenceType": "cpe23Type"
    },
    {
     "referenceCategory": "SECURITY",
     "referenceLocator": "cpe:2.3:a:structured-merge:v4:v4.0.1:*:*:*:*:*:*:*",
     "referenceType": "cpe23Type"
    },
    {
     "referenceCategory": "SECURITY",
     "referenceLocator": "cpe:2.3:a:structured_merge:v4:v4.0.1:*:*:*:*:*:*:*",
     "referenceType": "cpe23Type"
    },
    {
     "referenceCategory": "SECURITY",
     "referenceLocator": "cpe:2.3:a:structured:v4:v4.0.1:*:*:*:*:*:*:*",
     "referenceType": "cpe23Type"
    },
    {
     "referenceCategory": "PACKAGE_MANAGER",
     "referenceLocator": "pkg:golang/sigs.k8s.io/structured-merge-diff/v4@v4.0.1",
     "referenceType": "purl"
    }
   ],
   "filesAnalyzed": false,
   "licenseDeclared": "NONE",
   "sourceInfo": "acquired package info from go module information: /bin/vsphere-cloud-controller-manager",
   "versionInfo": "v4.0.1"
  },
  {
   "SPDXID": "SPDXRef-fec7d47781b9a2bc",
   "name": "sigs.k8s.io/yaml",
   "licenseConcluded": "NONE",
   "downloadLocation": "NOASSERTION",
   "externalRefs": [
    {
     "referenceCategory": "PACKAGE_MANAGER",
     "referenceLocator": "pkg:golang/sigs.k8s.io/yaml@v1.2.0",
     "referenceType": "purl"
    }
   ],
   "filesAnalyzed": false,
   "licenseDeclared": "NONE",
   "sourceInfo": "acquired package info from go module information: /bin/vsphere-cloud-controller-manager",
   "versionInfo": "v1.2.0"
  },
  {
   "SPDXID": "SPDXRef-b5d1cb8499845791",
   "name": "tzdata",
   "licenseConcluded": "NONE",
   "downloadLocation": "NOASSERTION",
   "externalRefs": [
    {
     "referenceCategory": "SECURITY",
     "referenceLocator": "cpe:2.3:a:tzdata:tzdata:2019a-0\\+deb9u1:*:*:*:*:*:*:*",
     "referenceType": "cpe23Type"
    },
    {
     "referenceCategory": "PACKAGE_MANAGER",
     "referenceLocator": "pkg:deb/debian/tzdata@2019a-0+deb9u1?arch=all&distro=debian-9",
     "referenceType": "purl"
    }
   ],
   "filesAnalyzed": false,
   "licenseDeclared": "NONE",
   "originator": "Person: GNU Libc Maintainers <debian-glibc@lists.debian.org>",
   "sourceInfo": "acquired package info from DPKG DB: /usr/share/doc/tzdata/copyright, /var/lib/dpkg/status.d/tzdata",
   "versionInfo": "2019a-0+deb9u1"
  }
 ]
}
