{
  "SPDXID": "SPDXRef-DOCUMENT",
  "creationInfo": {
    "created": "2024-03-01T23:30:30Z",
    "creators": [
      "Organization: Anchore, Inc",
      "Tool: syft-0.103.1"
    ],
    "licenseListVersion": "3.22"
  },
  "dataLicense": "CC0-1.0",
  "documentNamespace": "https://anchore.com/syft/image/rgcrprod.azurecr.us/rancher/hardened-multus-cni-e6a4d61f-05ef-4833-bdff-ed8663df8680",
  "files": [
    {
      "SPDXID": "SPDXRef-File-thin-entrypoint-9d1b6fa03e5a9778",
      "checksums": [
        {
          "algorithm": "SHA1",
          "checksumValue": "0000000000000000000000000000000000000000"
        }
      ],
      "comment": "layerID: sha256:8c4edbc8febe2f566c12e954fe4f91952bf58f16fb6ada3f13ea26a05c3d2e78",
      "copyrightText": "",
      "fileName": "/thin_entrypoint",
      "licenseConcluded": "NOASSERTION"
    },
    {
      "SPDXID": "SPDXRef-File-usr-src-multus-cni-bin-multus-e66d1b1fd8f35711",
      "checksums": [
        {
          "algorithm": "SHA1",
          "checksumValue": "0000000000000000000000000000000000000000"
        }
      ],
      "comment": "layerID: sha256:4d6953cab10f31b013c56b2b29ecae8c823394769c1676a9fa677d2f8dfb9c08",
      "copyrightText": "",
      "fileName": "/usr/src/multus-cni/bin/multus",
      "licenseConcluded": "NOASSERTION"
    }
  ],
  "name": "rgcrprod.azurecr.us/rancher/hardened-multus-cni",
  "packages": [
    {
      "SPDXID": "SPDXRef-Package-go-module-github.com-containernetworking-cni-7354c0e0494e74ed",
      "copyrightText": "NOASSERTION",
      "downloadLocation": "NOASSERTION",
      "externalRefs": [
        {
          "referenceCategory": "SECURITY",
          "referenceLocator": "cpe:2.3:a:containernetworking:cni:v1.1.2:*:*:*:*:*:*:*",
          "referenceType": "cpe23Type"
        },
        {
          "referenceCategory": "PACKAGE-MANAGER",
          "referenceLocator": "pkg:golang/github.com/containernetworking/cni@v1.1.2",
          "referenceType": "purl"
        }
      ],
      "filesAnalyzed": false,
      "licenseConcluded": "NOASSERTION",
      "licenseDeclared": "NOASSERTION",
      "name": "github.com/containernetworking/cni",
      "sourceInfo": "acquired package info from go module information: /thin_entrypoint",
      "supplier": "NOASSERTION",
      "versionInfo": "v1.1.2"
    },
    {
      "SPDXID": "SPDXRef-Package-go-module-github.com-containernetworking-cni-7fce03f0d543e13e",
      "copyrightText": "NOASSERTION",
      "downloadLocation": "NOASSERTION",
      "externalRefs": [
        {
          "referenceCategory": "SECURITY",
          "referenceLocator": "cpe:2.3:a:containernetworking:cni:v1.1.2:*:*:*:*:*:*:*",
          "referenceType": "cpe23Type"
        },
        {
          "referenceCategory": "PACKAGE-MANAGER",
          "referenceLocator": "pkg:golang/github.com/containernetworking/cni@v1.1.2",
          "referenceType": "purl"
        }
      ],
      "filesAnalyzed": false,
      "licenseConcluded": "NOASSERTION",
      "licenseDeclared": "NOASSERTION",
      "name": "github.com/containernetworking/cni",
      "sourceInfo": "acquired package info from go module information: /usr/src/multus-cni/bin/multus",
      "supplier": "NOASSERTION",
      "versionInfo": "v1.1.2"
    },
    {
      "SPDXID": "SPDXRef-Package-go-module-github.com-containernetworking-plugins-1d72c1c8fa1c0c3f",
      "copyrightText": "NOASSERTION",
      "downloadLocation": "NOASSERTION",
      "externalRefs": [
        {
          "referenceCategory": "SECURITY",
          "referenceLocator": "cpe:2.3:a:containernetworking:plugins:v1.1.0:*:*:*:*:*:*:*",
          "referenceType": "cpe23Type"
        },
        {
          "referenceCategory": "PACKAGE-MANAGER",
          "referenceLocator": "pkg:golang/github.com/containernetworking/plugins@v1.1.0",
          "referenceType": "purl"
        }
      ],
      "filesAnalyzed": false,
      "licenseConcluded": "NOASSERTION",
      "licenseDeclared": "NOASSERTION",
      "name": "github.com/containernetworking/plugins",
      "sourceInfo": "acquired package info from go module information: /usr/src/multus-cni/bin/multus",
      "supplier": "NOASSERTION",
      "versionInfo": "v1.1.0"
    },
    {
      "SPDXID": "SPDXRef-Package-go-module-github.com-davecgh-go-spew-132f9ce742c9dd96",
      "copyrightText": "NOASSERTION",
      "downloadLocation": "NOASSERTION",
      "externalRefs": [
        {
          "referenceCategory": "SECURITY",
          "referenceLocator": "cpe:2.3:a:davecgh:go-spew:v1.1.1:*:*:*:*:*:*:*",
          "referenceType": "cpe23Type"
        },
        {
          "referenceCategory": "SECURITY",
          "referenceLocator": "cpe:2.3:a:davecgh:go_spew:v1.1.1:*:*:*:*:*:*:*",
          "referenceType": "cpe23Type"
        },
        {
          "referenceCategory": "PACKAGE-MANAGER",
          "referenceLocator": "pkg:golang/github.com/davecgh/go-spew@v1.1.1",
          "referenceType": "purl"
        }
      ],
      "filesAnalyzed": false,
      "licenseConcluded": "NOASSERTION",
      "licenseDeclared": "NOASSERTION",
      "name": "github.com/davecgh/go-spew",
      "sourceInfo": "acquired package info from go module information: /usr/src/multus-cni/bin/multus",
      "supplier": "NOASSERTION",
      "versionInfo": "v1.1.1"
    },
    {
      "SPDXID": "SPDXRef-Package-go-module-github.com-go-logr-logr-00cf0ad5bbae4338",
      "copyrightText": "NOASSERTION",
      "downloadLocation": "NOASSERTION",
      "externalRefs": [
        {
          "referenceCategory": "SECURITY",
          "referenceLocator": "cpe:2.3:a:go-logr:logr:v1.2.3:*:*:*:*:*:*:*",
          "referenceType": "cpe23Type"
        },
        {
          "referenceCategory": "SECURITY",
          "referenceLocator": "cpe:2.3:a:go_logr:logr:v1.2.3:*:*:*:*:*:*:*",
          "referenceType": "cpe23Type"
        },
        {
          "referenceCategory": "SECURITY",
          "referenceLocator": "cpe:2.3:a:go:logr:v1.2.3:*:*:*:*:*:*:*",
          "referenceType": "cpe23Type"
        },
        {
          "referenceCategory": "PACKAGE-MANAGER",
          "referenceLocator": "pkg:golang/github.com/go-logr/logr@v1.2.3",
          "referenceType": "purl"
        }
      ],
      "filesAnalyzed": false,
      "licenseConcluded": "NOASSERTION",
      "licenseDeclared": "NOASSERTION",
      "name": "github.com/go-logr/logr",
      "sourceInfo": "acquired package info from go module information: /usr/src/multus-cni/bin/multus",
      "supplier": "NOASSERTION",
      "versionInfo": "v1.2.3"
    },
    {
      "SPDXID": "SPDXRef-Package-go-module-github.com-gogo-protobuf-2a58897866a0884b",
      "copyrightText": "NOASSERTION",
      "downloadLocation": "NOASSERTION",
      "externalRefs": [
        {
          "referenceCategory": "SECURITY",
          "referenceLocator": "cpe:2.3:a:gogo:protobuf:v1.3.2:*:*:*:*:*:*:*",
          "referenceType": "cpe23Type"
        },
        {
          "referenceCategory": "PACKAGE-MANAGER",
          "referenceLocator": "pkg:golang/github.com/gogo/protobuf@v1.3.2",
          "referenceType": "purl"
        }
      ],
      "filesAnalyzed": false,
      "licenseConcluded": "NOASSERTION",
      "licenseDeclared": "NOASSERTION",
      "name": "github.com/gogo/protobuf",
      "sourceInfo": "acquired package info from go module information: /usr/src/multus-cni/bin/multus",
      "supplier": "NOASSERTION",
      "versionInfo": "v1.3.2"
    },
    {
      "SPDXID": "SPDXRef-Package-go-module-github.com-golang-groupcache-b27d96074fd99a0c",
      "copyrightText": "NOASSERTION",
      "downloadLocation": "NOASSERTION",
      "externalRefs": [
        {
          "referenceCategory": "SECURITY",
          "referenceLocator": "cpe:2.3:a:golang:groupcache:v0.0.0-20210331224755-41bb18bfe9da:*:*:*:*:*:*:*",
          "referenceType": "cpe23Type"
        },
        {
          "referenceCategory": "PACKAGE-MANAGER",
          "referenceLocator": "pkg:golang/github.com/golang/groupcache@v0.0.0-20210331224755-41bb18bfe9da",
          "referenceType": "purl"
        }
      ],
      "filesAnalyzed": false,
      "licenseConcluded": "NOASSERTION",
      "licenseDeclared": "NOASSERTION",
      "name": "github.com/golang/groupcache",
      "sourceInfo": "acquired package info from go module information: /usr/src/multus-cni/bin/multus",
      "supplier": "NOASSERTION",
      "versionInfo": "v0.0.0-20210331224755-41bb18bfe9da"
    },
    {
      "SPDXID": "SPDXRef-Package-go-module-github.com-golang-protobuf-3c8c29d4168e751b",
      "copyrightText": "NOASSERTION",
      "downloadLocation": "NOASSERTION",
      "externalRefs": [
        {
          "referenceCategory": "SECURITY",
          "referenceLocator": "cpe:2.3:a:golang:protobuf:v1.5.2:*:*:*:*:*:*:*",
          "referenceType": "cpe23Type"
        },
        {
          "referenceCategory": "PACKAGE-MANAGER",
          "referenceLocator": "pkg:golang/github.com/golang/protobuf@v1.5.2",
          "referenceType": "purl"
        }
      ],
      "filesAnalyzed": false,
      "licenseConcluded": "NOASSERTION",
      "licenseDeclared": "NOASSERTION",
      "name": "github.com/golang/protobuf",
      "sourceInfo": "acquired package info from go module information: /usr/src/multus-cni/bin/multus",
      "supplier": "NOASSERTION",
      "versionInfo": "v1.5.2"
    },
    {
      "SPDXID": "SPDXRef-Package-go-module-github.com-google-go-cmp-2222ce858ba71596",
      "copyrightText": "NOASSERTION",
      "downloadLocation": "NOASSERTION",
      "externalRefs": [
        {
          "referenceCategory": "SECURITY",
          "referenceLocator": "cpe:2.3:a:google:go-cmp:v0.5.9:*:*:*:*:*:*:*",
          "referenceType": "cpe23Type"
        },
        {
          "referenceCategory": "SECURITY",
          "referenceLocator": "cpe:2.3:a:google:go_cmp:v0.5.9:*:*:*:*:*:*:*",
          "referenceType": "cpe23Type"
        },
        {
          "referenceCategory": "PACKAGE-MANAGER",
          "referenceLocator": "pkg:golang/github.com/google/go-cmp@v0.5.9",
          "referenceType": "purl"
        }
      ],
      "filesAnalyzed": false,
      "licenseConcluded": "NOASSERTION",
      "licenseDeclared": "NOASSERTION",
      "name": "github.com/google/go-cmp",
      "sourceInfo": "acquired package info from go module information: /usr/src/multus-cni/bin/multus",
      "supplier": "NOASSERTION",
      "versionInfo": "v0.5.9"
    },
    {
      "SPDXID": "SPDXRef-Package-go-module-github.com-google-gofuzz-b1d21f9ca595670a",
      "copyrightText": "NOASSERTION",
      "downloadLocation": "NOASSERTION",
      "externalRefs": [
        {
          "referenceCategory": "SECURITY",
          "referenceLocator": "cpe:2.3:a:google:gofuzz:v1.1.0:*:*:*:*:*:*:*",
          "referenceType": "cpe23Type"
        },
        {
          "referenceCategory": "PACKAGE-MANAGER",
          "referenceLocator": "pkg:golang/github.com/google/gofuzz@v1.1.0",
          "referenceType": "purl"
        }
      ],
      "filesAnalyzed": false,
      "licenseConcluded": "NOASSERTION",
      "licenseDeclared": "NOASSERTION",
      "name": "github.com/google/gofuzz",
      "sourceInfo": "acquired package info from go module information: /usr/src/multus-cni/bin/multus",
      "supplier": "NOASSERTION",
      "versionInfo": "v1.1.0"
    },
    {
      "SPDXID": "SPDXRef-Package-go-module-github.com-googleapis-gnostic-56304ca157b54f58",
      "copyrightText": "NOASSERTION",
      "downloadLocation": "NOASSERTION",
      "externalRefs": [
        {
          "referenceCategory": "SECURITY",
          "referenceLocator": "cpe:2.3:a:googleapis:gnostic:v0.5.5:*:*:*:*:*:*:*",
          "referenceType": "cpe23Type"
        },
        {
          "referenceCategory": "PACKAGE-MANAGER",
          "referenceLocator": "pkg:golang/github.com/googleapis/gnostic@v0.5.5",
          "referenceType": "purl"
        }
      ],
      "filesAnalyzed": false,
      "licenseConcluded": "NOASSERTION",
      "licenseDeclared": "NOASSERTION",
      "name": "github.com/googleapis/gnostic",
      "sourceInfo": "acquired package info from go module information: /usr/src/multus-cni/bin/multus",
      "supplier": "NOASSERTION",
      "versionInfo": "v0.5.5"
    },
    {
      "SPDXID": "SPDXRef-Package-go-module-github.com-imdario-mergo-74e8c71db6662d38",
      "copyrightText": "NOASSERTION",
      "downloadLocation": "NOASSERTION",
      "externalRefs": [
        {
          "referenceCategory": "SECURITY",
          "referenceLocator": "cpe:2.3:a:imdario:mergo:v0.3.11:*:*:*:*:*:*:*",
          "referenceType": "cpe23Type"
        },
        {
          "referenceCategory": "PACKAGE-MANAGER",
          "referenceLocator": "pkg:golang/github.com/imdario/mergo@v0.3.11",
          "referenceType": "purl"
        }
      ],
      "filesAnalyzed": false,
      "licenseConcluded": "NOASSERTION",
      "licenseDeclared": "NOASSERTION",
      "name": "github.com/imdario/mergo",
      "sourceInfo": "acquired package info from go module information: /usr/src/multus-cni/bin/multus",
      "supplier": "NOASSERTION",
      "versionInfo": "v0.3.11"
    },
    {
      "SPDXID": "SPDXRef-Package-go-module-github.com-json-iterator-go-dea74cf866944be6",
      "copyrightText": "NOASSERTION",
      "downloadLocation": "NOASSERTION",
      "externalRefs": [
        {
          "referenceCategory": "SECURITY",
          "referenceLocator": "cpe:2.3:a:json-iterator:go:v1.1.12:*:*:*:*:*:*:*",
          "referenceType": "cpe23Type"
        },
        {
          "referenceCategory": "SECURITY",
          "referenceLocator": "cpe:2.3:a:json_iterator:go:v1.1.12:*:*:*:*:*:*:*",
          "referenceType": "cpe23Type"
        },
        {
          "referenceCategory": "SECURITY",
          "referenceLocator": "cpe:2.3:a:json:go:v1.1.12:*:*:*:*:*:*:*",
          "referenceType": "cpe23Type"
        },
        {
          "referenceCategory": "PACKAGE-MANAGER",
          "referenceLocator": "pkg:golang/github.com/json-iterator/go@v1.1.12",
          "referenceType": "purl"
        }
      ],
      "filesAnalyzed": false,
      "licenseConcluded": "NOASSERTION",
      "licenseDeclared": "NOASSERTION",
      "name": "github.com/json-iterator/go",
      "sourceInfo": "acquired package info from go module information: /usr/src/multus-cni/bin/multus",
      "supplier": "NOASSERTION",
      "versionInfo": "v1.1.12"
    },
    {
      "SPDXID": "SPDXRef-Package-go-module-github.com-k8snetworkplumbingwg-network-attachment-definition-client-32b990a9c66c9e35",
      "copyrightText": "NOASSERTION",
      "downloadLocation": "NOASSERTION",
      "externalRefs": [
        {
          "referenceCategory": "SECURITY",
          "referenceLocator": "cpe:2.3:a:k8snetworkplumbingwg:network-attachment-definition-client:v1.4.0:*:*:*:*:*:*:*",
          "referenceType": "cpe23Type"
        },
        {
          "referenceCategory": "SECURITY",
          "referenceLocator": "cpe:2.3:a:k8snetworkplumbingwg:network_attachment_definition_client:v1.4.0:*:*:*:*:*:*:*",
          "referenceType": "cpe23Type"
        },
        {
          "referenceCategory": "PACKAGE-MANAGER",
          "referenceLocator": "pkg:golang/github.com/k8snetworkplumbingwg/network-attachment-definition-client@v1.4.0",
          "referenceType": "purl"
        }
      ],
      "filesAnalyzed": false,
      "licenseConcluded": "NOASSERTION",
      "licenseDeclared": "NOASSERTION",
      "name": "github.com/k8snetworkplumbingwg/network-attachment-definition-client",
      "sourceInfo": "acquired package info from go module information: /usr/src/multus-cni/bin/multus",
      "supplier": "NOASSERTION",
      "versionInfo": "v1.4.0"
    },
    {
      "SPDXID": "SPDXRef-Package-go-module-github.com-modern-go-concurrent-d15e03ce0b1c0402",
      "copyrightText": "NOASSERTION",
      "downloadLocation": "NOASSERTION",
      "externalRefs": [
        {
          "referenceCategory": "SECURITY",
          "referenceLocator": "cpe:2.3:a:modern-go:concurrent:v0.0.0-20180306012644-bacd9c7ef1dd:*:*:*:*:*:*:*",
          "referenceType": "cpe23Type"
        },
        {
          "referenceCategory": "SECURITY",
          "referenceLocator": "cpe:2.3:a:modern_go:concurrent:v0.0.0-20180306012644-bacd9c7ef1dd:*:*:*:*:*:*:*",
          "referenceType": "cpe23Type"
        },
        {
          "referenceCategory": "SECURITY",
          "referenceLocator": "cpe:2.3:a:modern:concurrent:v0.0.0-20180306012644-bacd9c7ef1dd:*:*:*:*:*:*:*",
          "referenceType": "cpe23Type"
        },
        {
          "referenceCategory": "PACKAGE-MANAGER",
          "referenceLocator": "pkg:golang/github.com/modern-go/concurrent@v0.0.0-20180306012644-bacd9c7ef1dd",
          "referenceType": "purl"
        }
      ],
      "filesAnalyzed": false,
      "licenseConcluded": "NOASSERTION",
      "licenseDeclared": "NOASSERTION",
      "name": "github.com/modern-go/concurrent",
      "sourceInfo": "acquired package info from go module information: /usr/src/multus-cni/bin/multus",
      "supplier": "NOASSERTION",
      "versionInfo": "v0.0.0-20180306012644-bacd9c7ef1dd"
    },
    {
      "SPDXID": "SPDXRef-Package-go-module-github.com-modern-go-reflect2-ca7cf988a5a2574b",
      "copyrightText": "NOASSERTION",
      "downloadLocation": "NOASSERTION",
      "externalRefs": [
        {
          "referenceCategory": "SECURITY",
          "referenceLocator": "cpe:2.3:a:modern-go:reflect2:v1.0.2:*:*:*:*:*:*:*",
          "referenceType": "cpe23Type"
        },
        {
          "referenceCategory": "SECURITY",
          "referenceLocator": "cpe:2.3:a:modern_go:reflect2:v1.0.2:*:*:*:*:*:*:*",
          "referenceType": "cpe23Type"
        },
        {
          "referenceCategory": "SECURITY",
          "referenceLocator": "cpe:2.3:a:modern:reflect2:v1.0.2:*:*:*:*:*:*:*",
          "referenceType": "cpe23Type"
        },
        {
          "referenceCategory": "PACKAGE-MANAGER",
          "referenceLocator": "pkg:golang/github.com/modern-go/reflect2@v1.0.2",
          "referenceType": "purl"
        }
      ],
      "filesAnalyzed": false,
      "licenseConcluded": "NOASSERTION",
      "licenseDeclared": "NOASSERTION",
      "name": "github.com/modern-go/reflect2",
      "sourceInfo": "acquired package info from go module information: /usr/src/multus-cni/bin/multus",
      "supplier": "NOASSERTION",
      "versionInfo": "v1.0.2"
    },
    {
      "SPDXID": "SPDXRef-Package-go-module-github.com-spf13-pflag-1e57fd8ee330dc7d",
      "copyrightText": "NOASSERTION",
      "downloadLocation": "NOASSERTION",
      "externalRefs": [
        {
          "referenceCategory": "SECURITY",
          "referenceLocator": "cpe:2.3:a:spf13:pflag:v1.0.5:*:*:*:*:*:*:*",
          "referenceType": "cpe23Type"
        },
        {
          "referenceCategory": "PACKAGE-MANAGER",
          "referenceLocator": "pkg:golang/github.com/spf13/pflag@v1.0.5",
          "referenceType": "purl"
        }
      ],
      "filesAnalyzed": false,
      "licenseConcluded": "NOASSERTION",
      "licenseDeclared": "NOASSERTION",
      "name": "github.com/spf13/pflag",
      "sourceInfo": "acquired package info from go module information: /thin_entrypoint",
      "supplier": "NOASSERTION",
      "versionInfo": "v1.0.5"
    },
    {
      "SPDXID": "SPDXRef-Package-go-module-github.com-spf13-pflag-3aaa284c7a27d789",
      "copyrightText": "NOASSERTION",
      "downloadLocation": "NOASSERTION",
      "externalRefs": [
        {
          "referenceCategory": "SECURITY",
          "referenceLocator": "cpe:2.3:a:spf13:pflag:v1.0.5:*:*:*:*:*:*:*",
          "referenceType": "cpe23Type"
        },
        {
          "referenceCategory": "PACKAGE-MANAGER",
          "referenceLocator": "pkg:golang/github.com/spf13/pflag@v1.0.5",
          "referenceType": "purl"
        }
      ],
      "filesAnalyzed": false,
      "licenseConcluded": "NOASSERTION",
      "licenseDeclared": "NOASSERTION",
      "name": "github.com/spf13/pflag",
      "sourceInfo": "acquired package info from go module information: /usr/src/multus-cni/bin/multus",
      "supplier": "NOASSERTION",
      "versionInfo": "v1.0.5"
    },
    {
      "SPDXID": "SPDXRef-Package-go-module-github.com-vishvananda-netlink-6d494d11b16ce5ed",
      "copyrightText": "NOASSERTION",
      "downloadLocation": "NOASSERTION",
      "externalRefs": [
        {
          "referenceCategory": "SECURITY",
          "referenceLocator": "cpe:2.3:a:vishvananda:netlink:v1.1.1-0.20210330154013-f5de75959ad5:*:*:*:*:*:*:*",
          "referenceType": "cpe23Type"
        },
        {
          "referenceCategory": "PACKAGE-MANAGER",
          "referenceLocator": "pkg:golang/github.com/vishvananda/netlink@v1.1.1-0.20210330154013-f5de75959ad5",
          "referenceType": "purl"
        }
      ],
      "filesAnalyzed": false,
      "licenseConcluded": "NOASSERTION",
      "licenseDeclared": "NOASSERTION",
      "name": "github.com/vishvananda/netlink",
      "sourceInfo": "acquired package info from go module information: /usr/src/multus-cni/bin/multus",
      "supplier": "NOASSERTION",
      "versionInfo": "v1.1.1-0.20210330154013-f5de75959ad5"
    },
    {
      "SPDXID": "SPDXRef-Package-go-module-github.com-vishvananda-netns-4818ec732690a355",
      "copyrightText": "NOASSERTION",
      "downloadLocation": "NOASSERTION",
      "externalRefs": [
        {
          "referenceCategory": "SECURITY",
          "referenceLocator": "cpe:2.3:a:vishvananda:netns:v0.0.0-20210104183010-2eb08e3e575f:*:*:*:*:*:*:*",
          "referenceType": "cpe23Type"
        },
        {
          "referenceCategory": "PACKAGE-MANAGER",
          "referenceLocator": "pkg:golang/github.com/vishvananda/netns@v0.0.0-20210104183010-2eb08e3e575f",
          "referenceType": "purl"
        }
      ],
      "filesAnalyzed": false,
      "licenseConcluded": "NOASSERTION",
      "licenseDeclared": "NOASSERTION",
      "name": "github.com/vishvananda/netns",
      "sourceInfo": "acquired package info from go module information: /usr/src/multus-cni/bin/multus",
      "supplier": "NOASSERTION",
      "versionInfo": "v0.0.0-20210104183010-2eb08e3e575f"
    },
    {
      "SPDXID": "SPDXRef-Package-go-module-golang.org-x-net-5ed3240cac236291",
      "copyrightText": "NOASSERTION",
      "downloadLocation": "NOASSERTION",
      "externalRefs": [
        {
          "referenceCategory": "SECURITY",
          "referenceLocator": "cpe:2.3:a:golang:x\\/net:v0.7.0:*:*:*:*:*:*:*",
          "referenceType": "cpe23Type"
        },
        {
          "referenceCategory": "PACKAGE-MANAGER",
          "referenceLocator": "pkg:golang/golang.org/x/net@v0.7.0",
          "referenceType": "purl"
        }
      ],
      "filesAnalyzed": false,
      "licenseConcluded": "NOASSERTION",
      "licenseDeclared": "NOASSERTION",
      "name": "golang.org/x/net",
      "sourceInfo": "acquired package info from go module information: /usr/src/multus-cni/bin/multus",
      "supplier": "NOASSERTION",
      "versionInfo": "v0.7.0"
    },
    {
      "SPDXID": "SPDXRef-Package-go-module-golang.org-x-oauth2-f65d60ecc01a82a4",
      "copyrightText": "NOASSERTION",
      "downloadLocation": "NOASSERTION",
      "externalRefs": [
        {
          "referenceCategory": "SECURITY",
          "referenceLocator": "cpe:2.3:a:golang:x\\/oauth2:v0.0.0-20210819190943-2bc19b11175f:*:*:*:*:*:*:*",
          "referenceType": "cpe23Type"
        },
        {
          "referenceCategory": "PACKAGE-MANAGER",
          "referenceLocator": "pkg:golang/golang.org/x/oauth2@v0.0.0-20210819190943-2bc19b11175f",
          "referenceType": "purl"
        }
      ],
      "filesAnalyzed": false,
      "licenseConcluded": "NOASSERTION",
      "licenseDeclared": "NOASSERTION",
      "name": "golang.org/x/oauth2",
      "sourceInfo": "acquired package info from go module information: /usr/src/multus-cni/bin/multus",
      "supplier": "NOASSERTION",
      "versionInfo": "v0.0.0-20210819190943-2bc19b11175f"
    },
    {
      "SPDXID": "SPDXRef-Package-go-module-golang.org-x-sys-dcabc3f70177b443",
      "copyrightText": "NOASSERTION",
      "downloadLocation": "NOASSERTION",
      "externalRefs": [
        {
          "referenceCategory": "SECURITY",
          "referenceLocator": "cpe:2.3:a:golang:x\\/sys:v0.5.0:*:*:*:*:*:*:*",
          "referenceType": "cpe23Type"
        },
        {
          "referenceCategory": "PACKAGE-MANAGER",
          "referenceLocator": "pkg:golang/golang.org/x/sys@v0.5.0",
          "referenceType": "purl"
        }
      ],
      "filesAnalyzed": false,
      "licenseConcluded": "NOASSERTION",
      "licenseDeclared": "NOASSERTION",
      "name": "golang.org/x/sys",
      "sourceInfo": "acquired package info from go module information: /usr/src/multus-cni/bin/multus",
      "supplier": "NOASSERTION",
      "versionInfo": "v0.5.0"
    },
    {
      "SPDXID": "SPDXRef-Package-go-module-golang.org-x-term-e1ef1313b04a0ed6",
      "copyrightText": "NOASSERTION",
      "downloadLocation": "NOASSERTION",
      "externalRefs": [
        {
          "referenceCategory": "SECURITY",
          "referenceLocator": "cpe:2.3:a:golang:x\\/term:v0.5.0:*:*:*:*:*:*:*",
          "referenceType": "cpe23Type"
        },
        {
          "referenceCategory": "PACKAGE-MANAGER",
          "referenceLocator": "pkg:golang/golang.org/x/term@v0.5.0",
          "referenceType": "purl"
        }
      ],
      "filesAnalyzed": false,
      "licenseConcluded": "NOASSERTION",
      "licenseDeclared": "NOASSERTION",
      "name": "golang.org/x/term",
      "sourceInfo": "acquired package info from go module information: /usr/src/multus-cni/bin/multus",
      "supplier": "NOASSERTION",
      "versionInfo": "v0.5.0"
    },
    {
      "SPDXID": "SPDXRef-Package-go-module-golang.org-x-text-ec07ed95e49ed49a",
      "copyrightText": "NOASSERTION",
      "downloadLocation": "NOASSERTION",
      "externalRefs": [
        {
          "referenceCategory": "SECURITY",
          "referenceLocator": "cpe:2.3:a:golang:x\\/text:v0.7.0:*:*:*:*:*:*:*",
          "referenceType": "cpe23Type"
        },
        {
          "referenceCategory": "PACKAGE-MANAGER",
          "referenceLocator": "pkg:golang/golang.org/x/text@v0.7.0",
          "referenceType": "purl"
        }
      ],
      "filesAnalyzed": false,
      "licenseConcluded": "NOASSERTION",
      "licenseDeclared": "NOASSERTION",
      "name": "golang.org/x/text",
      "sourceInfo": "acquired package info from go module information: /usr/src/multus-cni/bin/multus",
      "supplier": "NOASSERTION",
      "versionInfo": "v0.7.0"
    },
    {
      "SPDXID": "SPDXRef-Package-go-module-golang.org-x-time-98cff8c87f3f0c59",
      "copyrightText": "NOASSERTION",
      "downloadLocation": "NOASSERTION",
      "externalRefs": [
        {
          "referenceCategory": "SECURITY",
          "referenceLocator": "cpe:2.3:a:golang:x\\/time:v0.0.0-20210723032227-1f47c861a9ac:*:*:*:*:*:*:*",
          "referenceType": "cpe23Type"
        },
        {
          "referenceCategory": "PACKAGE-MANAGER",
          "referenceLocator": "pkg:golang/golang.org/x/time@v0.0.0-20210723032227-1f47c861a9ac",
          "referenceType": "purl"
        }
      ],
      "filesAnalyzed": false,
      "licenseConcluded": "NOASSERTION",
      "licenseDeclared": "NOASSERTION",
      "name": "golang.org/x/time",
      "sourceInfo": "acquired package info from go module information: /usr/src/multus-cni/bin/multus",
      "supplier": "NOASSERTION",
      "versionInfo": "v0.0.0-20210723032227-1f47c861a9ac"
    },
    {
      "SPDXID": "SPDXRef-Package-go-module-google.golang.org-genproto-c1054c251f9b325a",
      "copyrightText": "NOASSERTION",
      "downloadLocation": "NOASSERTION",
      "externalRefs": [
        {
          "referenceCategory": "SECURITY",
          "referenceLocator": "cpe:2.3:a:google:genproto:v0.0.0-20220107163113-42d7afdf6368:*:*:*:*:*:*:*",
          "referenceType": "cpe23Type"
        },
        {
          "referenceCategory": "PACKAGE-MANAGER",
          "referenceLocator": "pkg:golang/google.golang.org/genproto@v0.0.0-20220107163113-42d7afdf6368",
          "referenceType": "purl"
        }
      ],
      "filesAnalyzed": false,
      "licenseConcluded": "NOASSERTION",
      "licenseDeclared": "NOASSERTION",
      "name": "google.golang.org/genproto",
      "sourceInfo": "acquired package info from go module information: /usr/src/multus-cni/bin/multus",
      "supplier": "NOASSERTION",
      "versionInfo": "v0.0.0-20220107163113-42d7afdf6368"
    },
    {
      "SPDXID": "SPDXRef-Package-go-module-google.golang.org-grpc-d69e1a86d331b4ac",
      "copyrightText": "NOASSERTION",
      "downloadLocation": "NOASSERTION",
      "externalRefs": [
        {
          "referenceCategory": "SECURITY",
          "referenceLocator": "cpe:2.3:a:google:grpc:v1.40.0:*:*:*:*:*:*:*",
          "referenceType": "cpe23Type"
        },
        {
          "referenceCategory": "PACKAGE-MANAGER",
          "referenceLocator": "pkg:golang/google.golang.org/grpc@v1.40.0",
          "referenceType": "purl"
        }
      ],
      "filesAnalyzed": false,
      "licenseConcluded": "NOASSERTION",
      "licenseDeclared": "NOASSERTION",
      "name": "google.golang.org/grpc",
      "sourceInfo": "acquired package info from go module information: /usr/src/multus-cni/bin/multus",
      "supplier": "NOASSERTION",
      "versionInfo": "v1.40.0"
    },
    {
      "SPDXID": "SPDXRef-Package-go-module-google.golang.org-protobuf-f341ddc0fb5df32c",
      "copyrightText": "NOASSERTION",
      "downloadLocation": "NOASSERTION",
      "externalRefs": [
        {
          "referenceCategory": "SECURITY",
          "referenceLocator": "cpe:2.3:a:google:protobuf:v1.28.0:*:*:*:*:*:*:*",
          "referenceType": "cpe23Type"
        },
        {
          "referenceCategory": "PACKAGE-MANAGER",
          "referenceLocator": "pkg:golang/google.golang.org/protobuf@v1.28.0",
          "referenceType": "purl"
        }
      ],
      "filesAnalyzed": false,
      "licenseConcluded": "NOASSERTION",
      "licenseDeclared": "NOASSERTION",
      "name": "google.golang.org/protobuf",
      "sourceInfo": "acquired package info from go module information: /usr/src/multus-cni/bin/multus",
      "supplier": "NOASSERTION",
      "versionInfo": "v1.28.0"
    },
    {
      "SPDXID": "SPDXRef-Package-go-module-gopkg.in-inf.v0-ddea4da38bc942fe",
      "copyrightText": "NOASSERTION",
      "downloadLocation": "NOASSERTION",
      "externalRefs": [
        {
          "referenceCategory": "PACKAGE-MANAGER",
          "referenceLocator": "pkg:golang/gopkg.in/inf.v0@v0.9.1",
          "referenceType": "purl"
        }
      ],
      "filesAnalyzed": false,
      "licenseConcluded": "NOASSERTION",
      "licenseDeclared": "NOASSERTION",
      "name": "gopkg.in/inf.v0",
      "sourceInfo": "acquired package info from go module information: /usr/src/multus-cni/bin/multus",
      "supplier": "NOASSERTION",
      "versionInfo": "v0.9.1"
    },
    {
      "SPDXID": "SPDXRef-Package-go-module-gopkg.in-k8snetworkplumbingwg-multus-cni.v4-c95213aa84099427",
      "copyrightText": "NOASSERTION",
      "downloadLocation": "NOASSERTION",
      "externalRefs": [
        {
          "referenceCategory": "PACKAGE-MANAGER",
          "referenceLocator": "pkg:golang/gopkg.in/k8snetworkplumbingwg/multus-cni.v4@v4.0.2",
          "referenceType": "purl"
        }
      ],
      "filesAnalyzed": false,
      "licenseConcluded": "NOASSERTION",
      "licenseDeclared": "NOASSERTION",
      "name": "gopkg.in/k8snetworkplumbingwg/multus-cni.v4",
      "sourceInfo": "acquired package info from go module information: /thin_entrypoint",
      "supplier": "NOASSERTION",
      "versionInfo": "v4.0.2"
    },
    {
      "SPDXID": "SPDXRef-Package-go-module-gopkg.in-k8snetworkplumbingwg-multus-cni.v4-85cd6ec487ab06d0",
      "copyrightText": "NOASSERTION",
      "downloadLocation": "NOASSERTION",
      "externalRefs": [
        {
          "referenceCategory": "PACKAGE-MANAGER",
          "referenceLocator": "pkg:golang/gopkg.in/k8snetworkplumbingwg/multus-cni.v4@v4.0.2",
          "referenceType": "purl"
        }
      ],
      "filesAnalyzed": false,
      "licenseConcluded": "NOASSERTION",
      "licenseDeclared": "NOASSERTION",
      "name": "gopkg.in/k8snetworkplumbingwg/multus-cni.v4",
      "sourceInfo": "acquired package info from go module information: /usr/src/multus-cni/bin/multus",
      "supplier": "NOASSERTION",
      "versionInfo": "v4.0.2"
    },
    {
      "SPDXID": "SPDXRef-Package-go-module-gopkg.in-natefinch-lumberjack.v2-a4beaec8570db8f0",
      "copyrightText": "NOASSERTION",
      "downloadLocation": "NOASSERTION",
      "externalRefs": [
        {
          "referenceCategory": "PACKAGE-MANAGER",
          "referenceLocator": "pkg:golang/gopkg.in/natefinch/lumberjack.v2@v2.0.0",
          "referenceType": "purl"
        }
      ],
      "filesAnalyzed": false,
      "licenseConcluded": "NOASSERTION",
      "licenseDeclared": "NOASSERTION",
      "name": "gopkg.in/natefinch/lumberjack.v2",
      "sourceInfo": "acquired package info from go module information: /usr/src/multus-cni/bin/multus",
      "supplier": "NOASSERTION",
      "versionInfo": "v2.0.0"
    },
    {
      "SPDXID": "SPDXRef-Package-go-module-gopkg.in-yaml.v2-d64313a11926b2cb",
      "copyrightText": "NOASSERTION",
      "downloadLocation": "NOASSERTION",
      "externalRefs": [
        {
          "referenceCategory": "PACKAGE-MANAGER",
          "referenceLocator": "pkg:golang/gopkg.in/yaml.v2@v2.4.0",
          "referenceType": "purl"
        }
      ],
      "filesAnalyzed": false,
      "licenseConcluded": "NOASSERTION",
      "licenseDeclared": "NOASSERTION",
      "name": "gopkg.in/yaml.v2",
      "sourceInfo": "acquired package info from go module information: /usr/src/multus-cni/bin/multus",
      "supplier": "NOASSERTION",
      "versionInfo": "v2.4.0"
    },
    {
      "SPDXID": "SPDXRef-Package-go-module-gopkg.in-yaml.v3-35e9d966a0a3b1fa",
      "copyrightText": "NOASSERTION",
      "downloadLocation": "NOASSERTION",
      "externalRefs": [
        {
          "referenceCategory": "PACKAGE-MANAGER",
          "referenceLocator": "pkg:golang/gopkg.in/yaml.v3@v3.0.1",
          "referenceType": "purl"
        }
      ],
      "filesAnalyzed": false,
      "licenseConcluded": "NOASSERTION",
      "licenseDeclared": "NOASSERTION",
      "name": "gopkg.in/yaml.v3",
      "sourceInfo": "acquired package info from go module information: /usr/src/multus-cni/bin/multus",
      "supplier": "NOASSERTION",
      "versionInfo": "v3.0.1"
    },
    {
      "SPDXID": "SPDXRef-Package-go-module-k8s.io-api-cb5e6606f1506abc",
      "copyrightText": "NOASSERTION",
      "downloadLocation": "NOASSERTION",
      "externalRefs": [
        {
          "referenceCategory": "PACKAGE-MANAGER",
          "referenceLocator": "pkg:golang/k8s.io/api@v0.22.8",
          "referenceType": "purl"
        }
      ],
      "filesAnalyzed": false,
      "licenseConcluded": "NOASSERTION",
      "licenseDeclared": "NOASSERTION",
      "name": "k8s.io/api",
      "sourceInfo": "acquired package info from go module information: /usr/src/multus-cni/bin/multus",
      "supplier": "NOASSERTION",
      "versionInfo": "v0.22.8"
    },
    {
      "SPDXID": "SPDXRef-Package-go-module-k8s.io-apimachinery-398b295e9def27be",
      "copyrightText": "NOASSERTION",
      "downloadLocation": "NOASSERTION",
      "externalRefs": [
        {
          "referenceCategory": "PACKAGE-MANAGER",
          "referenceLocator": "pkg:golang/k8s.io/apimachinery@v0.22.8",
          "referenceType": "purl"
        }
      ],
      "filesAnalyzed": false,
      "licenseConcluded": "NOASSERTION",
      "licenseDeclared": "NOASSERTION",
      "name": "k8s.io/apimachinery",
      "sourceInfo": "acquired package info from go module information: /usr/src/multus-cni/bin/multus",
      "supplier": "NOASSERTION",
      "versionInfo": "v0.22.8"
    },
    {
      "SPDXID": "SPDXRef-Package-go-module-k8s.io-client-go-57734f9f29557ea6",
      "copyrightText": "NOASSERTION",
      "downloadLocation": "NOASSERTION",
      "externalRefs": [
        {
          "referenceCategory": "PACKAGE-MANAGER",
          "referenceLocator": "pkg:golang/k8s.io/client-go@v0.22.8",
          "referenceType": "purl"
        }
      ],
      "filesAnalyzed": false,
      "licenseConcluded": "NOASSERTION",
      "licenseDeclared": "NOASSERTION",
      "name": "k8s.io/client-go",
      "sourceInfo": "acquired package info from go module information: /usr/src/multus-cni/bin/multus",
      "supplier": "NOASSERTION",
      "versionInfo": "v0.22.8"
    },
    {
      "SPDXID": "SPDXRef-Package-go-module-k8s.io-klog-1ac9dda9e93c721f",
      "copyrightText": "NOASSERTION",
      "downloadLocation": "NOASSERTION",
      "externalRefs": [
        {
          "referenceCategory": "PACKAGE-MANAGER",
          "referenceLocator": "pkg:golang/k8s.io/klog@v1.0.0",
          "referenceType": "purl"
        }
      ],
      "filesAnalyzed": false,
      "licenseConcluded": "NOASSERTION",
      "licenseDeclared": "NOASSERTION",
      "name": "k8s.io/klog",
      "sourceInfo": "acquired package info from go module information: /usr/src/multus-cni/bin/multus",
      "supplier": "NOASSERTION",
      "versionInfo": "v1.0.0"
    },
    {
      "SPDXID": "SPDXRef-Package-go-module-k8s.io-klog-v2-a191ad0269724c00",
      "copyrightText": "NOASSERTION",
      "downloadLocation": "NOASSERTION",
      "externalRefs": [
        {
          "referenceCategory": "SECURITY",
          "referenceLocator": "cpe:2.3:a:klog:v2:v2.60.1:*:*:*:*:*:*:*",
          "referenceType": "cpe23Type"
        },
        {
          "referenceCategory": "PACKAGE-MANAGER",
          "referenceLocator": "pkg:golang/k8s.io/klog/v2@v2.60.1",
          "referenceType": "purl"
        }
      ],
      "filesAnalyzed": false,
      "licenseConcluded": "NOASSERTION",
      "licenseDeclared": "NOASSERTION",
      "name": "k8s.io/klog/v2",
      "sourceInfo": "acquired package info from go module information: /usr/src/multus-cni/bin/multus",
      "supplier": "NOASSERTION",
      "versionInfo": "v2.60.1"
    },
    {
      "SPDXID": "SPDXRef-Package-go-module-k8s.io-kube-openapi-4def798fe86dccbb",
      "copyrightText": "NOASSERTION",
      "downloadLocation": "NOASSERTION",
      "externalRefs": [
        {
          "referenceCategory": "PACKAGE-MANAGER",
          "referenceLocator": "pkg:golang/k8s.io/kube-openapi@v0.0.0-20211109043538-20434351676c",
          "referenceType": "purl"
        }
      ],
      "filesAnalyzed": false,
      "licenseConcluded": "NOASSERTION",
      "licenseDeclared": "NOASSERTION",
      "name": "k8s.io/kube-openapi",
      "sourceInfo": "acquired package info from go module information: /usr/src/multus-cni/bin/multus",
      "supplier": "NOASSERTION",
      "versionInfo": "v0.0.0-20211109043538-20434351676c"
    },
    {
      "SPDXID": "SPDXRef-Package-go-module-k8s.io-kubelet-e7420432d26ab3f1",
      "copyrightText": "NOASSERTION",
      "downloadLocation": "NOASSERTION",
      "externalRefs": [
        {
          "referenceCategory": "PACKAGE-MANAGER",
          "referenceLocator": "pkg:golang/k8s.io/kubelet@v0.22.8",
          "referenceType": "purl"
        }
      ],
      "filesAnalyzed": false,
      "licenseConcluded": "NOASSERTION",
      "licenseDeclared": "NOASSERTION",
      "name": "k8s.io/kubelet",
      "sourceInfo": "acquired package info from go module information: /usr/src/multus-cni/bin/multus",
      "supplier": "NOASSERTION",
      "versionInfo": "v0.22.8"
    },
    {
      "SPDXID": "SPDXRef-Package-go-module-k8s.io-utils-9f55aa972b37d520",
      "copyrightText": "NOASSERTION",
      "downloadLocation": "NOASSERTION",
      "externalRefs": [
        {
          "referenceCategory": "PACKAGE-MANAGER",
          "referenceLocator": "pkg:golang/k8s.io/utils@v0.0.0-20211116205334-6203023598ed",
          "referenceType": "purl"
        }
      ],
      "filesAnalyzed": false,
      "licenseConcluded": "NOASSERTION",
      "licenseDeclared": "NOASSERTION",
      "name": "k8s.io/utils",
      "sourceInfo": "acquired package info from go module information: /usr/src/multus-cni/bin/multus",
      "supplier": "NOASSERTION",
      "versionInfo": "v0.0.0-20211116205334-6203023598ed"
    },
    {
      "SPDXID": "SPDXRef-Package-go-module-sigs.k8s.io-structured-merge-diff-v4-982684225c3acab5",
      "copyrightText": "NOASSERTION",
      "downloadLocation": "NOASSERTION",
      "externalRefs": [
        {
          "referenceCategory": "SECURITY",
          "referenceLocator": "cpe:2.3:a:structured-merge-diff:v4:v4.2.1:*:*:*:*:*:*:*",
          "referenceType": "cpe23Type"
        },
        {
          "referenceCategory": "SECURITY",
          "referenceLocator": "cpe:2.3:a:structured_merge_diff:v4:v4.2.1:*:*:*:*:*:*:*",
          "referenceType": "cpe23Type"
        },
        {
          "referenceCategory": "SECURITY",
          "referenceLocator": "cpe:2.3:a:structured-merge:v4:v4.2.1:*:*:*:*:*:*:*",
          "referenceType": "cpe23Type"
        },
        {
          "referenceCategory": "SECURITY",
          "referenceLocator": "cpe:2.3:a:structured_merge:v4:v4.2.1:*:*:*:*:*:*:*",
          "referenceType": "cpe23Type"
        },
        {
          "referenceCategory": "SECURITY",
          "referenceLocator": "cpe:2.3:a:structured:v4:v4.2.1:*:*:*:*:*:*:*",
          "referenceType": "cpe23Type"
        },
        {
          "referenceCategory": "PACKAGE-MANAGER",
          "referenceLocator": "pkg:golang/sigs.k8s.io/structured-merge-diff/v4@v4.2.1",
          "referenceType": "purl"
        }
      ],
      "filesAnalyzed": false,
      "licenseConcluded": "NOASSERTION",
      "licenseDeclared": "NOASSERTION",
      "name": "sigs.k8s.io/structured-merge-diff/v4",
      "sourceInfo": "acquired package info from go module information: /usr/src/multus-cni/bin/multus",
      "supplier": "NOASSERTION",
      "versionInfo": "v4.2.1"
    },
    {
      "SPDXID": "SPDXRef-Package-go-module-sigs.k8s.io-yaml-74964c21057d502e",
      "copyrightText": "NOASSERTION",
      "downloadLocation": "NOASSERTION",
      "externalRefs": [
        {
          "referenceCategory": "PACKAGE-MANAGER",
          "referenceLocator": "pkg:golang/sigs.k8s.io/yaml@v1.3.0",
          "referenceType": "purl"
        }
      ],
      "filesAnalyzed": false,
      "licenseConcluded": "NOASSERTION",
      "licenseDeclared": "NOASSERTION",
      "name": "sigs.k8s.io/yaml",
      "sourceInfo": "acquired package info from go module information: /usr/src/multus-cni/bin/multus",
      "supplier": "NOASSERTION",
      "versionInfo": "v1.3.0"
    },
    {
      "SPDXID": "SPDXRef-Package-go-module-stdlib-b0136d6ddb8584d7",
      "copyrightText": "NOASSERTION",
      "downloadLocation": "NOASSERTION",
      "externalRefs": [
        {
          "referenceCategory": "SECURITY",
          "referenceLocator": "cpe:2.3:a:golang:go:1.20.7:-:*:*:*:*:*:*",
          "referenceType": "cpe23Type"
        },
        {
          "referenceCategory": "PACKAGE-MANAGER",
          "referenceLocator": "pkg:golang/stdlib@1.20.7",
          "referenceType": "purl"
        }
      ],
      "filesAnalyzed": false,
      "licenseConcluded": "NOASSERTION",
      "licenseDeclared": "BSD-3-Clause",
      "name": "stdlib",
      "sourceInfo": "acquired package info from go module information: /thin_entrypoint",
      "supplier": "NOASSERTION",
      "versionInfo": "go1.20.7"
    },
    {
      "SPDXID": "SPDXRef-Package-go-module-stdlib-fc5cbdb106c71fbe",
      "copyrightText": "NOASSERTION",
      "downloadLocation": "NOASSERTION",
      "externalRefs": [
        {
          "referenceCategory": "SECURITY",
          "referenceLocator": "cpe:2.3:a:golang:go:1.20.7:-:*:*:*:*:*:*",
          "referenceType": "cpe23Type"
        },
        {
          "referenceCategory": "PACKAGE-MANAGER",
          "referenceLocator": "pkg:golang/stdlib@1.20.7",
          "referenceType": "purl"
        }
      ],
      "filesAnalyzed": false,
      "licenseConcluded": "NOASSERTION",
      "licenseDeclared": "BSD-3-Clause",
      "name": "stdlib",
      "sourceInfo": "acquired package info from go module information: /usr/src/multus-cni/bin/multus",
      "supplier": "NOASSERTION",
      "versionInfo": "go1.20.7"
    },
    {
      "SPDXID": "SPDXRef-DocumentRoot-Image-rgcrprod.azurecr.us-rancher-hardened-multus-cni",
      "checksums": [
        {
          "algorithm": "SHA256",
          "checksumValue": "e6304eaf9f8dc00f828a1161be6bae5b1e33768fa9cd1bb0d72a4a7f44118806"
        }
      ],
      "downloadLocation": "NOASSERTION",
      "externalRefs": [
        {
          "referenceCategory": "PACKAGE-MANAGER",
          "referenceLocator": "pkg:oci/rgcrprod.azurecr.us/rancher/hardened-multus-cni@sha256:e6304eaf9f8dc00f828a1161be6bae5b1e33768fa9cd1bb0d72a4a7f44118806?arch=amd64",
          "referenceType": "purl"
        }
      ],
      "filesAnalyzed": false,
      "name": "rgcrprod.azurecr.us/rancher/hardened-multus-cni",
      "primaryPackagePurpose": "CONTAINER",
      "supplier": "NOASSERTION",
      "versionInfo": "sha256:e6304eaf9f8dc00f828a1161be6bae5b1e33768fa9cd1bb0d72a4a7f44118806"
    }
  ],
  "relationships": [
    {
      "comment": "evident-by: indicates the package's existence is evident by the given file",
      "relatedSpdxElement": "SPDXRef-File-usr-src-multus-cni-bin-multus-e66d1b1fd8f35711",
      "relationshipType": "OTHER",
      "spdxElementId": "SPDXRef-Package-go-module-github.com-go-logr-logr-00cf0ad5bbae4338"
    },
    {
      "comment": "evident-by: indicates the package's existence is evident by the given file",
      "relatedSpdxElement": "SPDXRef-File-usr-src-multus-cni-bin-multus-e66d1b1fd8f35711",
      "relationshipType": "OTHER",
      "spdxElementId": "SPDXRef-Package-go-module-github.com-davecgh-go-spew-132f9ce742c9dd96"
    },
    {
      "comment": "evident-by: indicates the package's existence is evident by the given file",
      "relatedSpdxElement": "SPDXRef-File-usr-src-multus-cni-bin-multus-e66d1b1fd8f35711",
      "relationshipType": "OTHER",
      "spdxElementId": "SPDXRef-Package-go-module-k8s.io-klog-1ac9dda9e93c721f"
    },
    {
      "comment": "evident-by: indicates the package's existence is evident by the given file",
      "relatedSpdxElement": "SPDXRef-File-usr-src-multus-cni-bin-multus-e66d1b1fd8f35711",
      "relationshipType": "OTHER",
      "spdxElementId": "SPDXRef-Package-go-module-github.com-containernetworking-plugins-1d72c1c8fa1c0c3f"
    },
    {
      "comment": "evident-by: indicates the package's existence is evident by the given file",
      "relatedSpdxElement": "SPDXRef-File-thin-entrypoint-9d1b6fa03e5a9778",
      "relationshipType": "OTHER",
      "spdxElementId": "SPDXRef-Package-go-module-github.com-spf13-pflag-1e57fd8ee330dc7d"
    },
    {
      "comment": "evident-by: indicates the package's existence is evident by the given file",
      "relatedSpdxElement": "SPDXRef-File-usr-src-multus-cni-bin-multus-e66d1b1fd8f35711",
      "relationshipType": "OTHER",
      "spdxElementId": "SPDXRef-Package-go-module-github.com-google-go-cmp-2222ce858ba71596"
    },
    {
      "comment": "evident-by: indicates the package's existence is evident by the given file",
      "relatedSpdxElement": "SPDXRef-File-usr-src-multus-cni-bin-multus-e66d1b1fd8f35711",
      "relationshipType": "OTHER",
      "spdxElementId": "SPDXRef-Package-go-module-github.com-gogo-protobuf-2a58897866a0884b"
    },
    {
      "comment": "evident-by: indicates the package's existence is evident by the given file",
      "relatedSpdxElement": "SPDXRef-File-usr-src-multus-cni-bin-multus-e66d1b1fd8f35711",
      "relationshipType": "OTHER",
      "spdxElementId": "SPDXRef-Package-go-module-github.com-k8snetworkplumbingwg-network-attachment-definition-client-32b990a9c66c9e35"
    },
    {
      "comment": "evident-by: indicates the package's existence is evident by the given file",
      "relatedSpdxElement": "SPDXRef-File-usr-src-multus-cni-bin-multus-e66d1b1fd8f35711",
      "relationshipType": "OTHER",
      "spdxElementId": "SPDXRef-Package-go-module-gopkg.in-yaml.v3-35e9d966a0a3b1fa"
    },
    {
      "comment": "evident-by: indicates the package's existence is evident by the given file",
      "relatedSpdxElement": "SPDXRef-File-usr-src-multus-cni-bin-multus-e66d1b1fd8f35711",
      "relationshipType": "OTHER",
      "spdxElementId": "SPDXRef-Package-go-module-k8s.io-apimachinery-398b295e9def27be"
    },
    {
      "comment": "evident-by: indicates the package's existence is evident by the given file",
      "relatedSpdxElement": "SPDXRef-File-usr-src-multus-cni-bin-multus-e66d1b1fd8f35711",
      "relationshipType": "OTHER",
      "spdxElementId": "SPDXRef-Package-go-module-github.com-spf13-pflag-3aaa284c7a27d789"
    },
    {
      "comment": "evident-by: indicates the package's existence is evident by the given file",
      "relatedSpdxElement": "SPDXRef-File-usr-src-multus-cni-bin-multus-e66d1b1fd8f35711",
      "relationshipType": "OTHER",
      "spdxElementId": "SPDXRef-Package-go-module-github.com-golang-protobuf-3c8c29d4168e751b"
    },
    {
      "comment": "evident-by: indicates the package's existence is evident by the given file",
      "relatedSpdxElement": "SPDXRef-File-usr-src-multus-cni-bin-multus-e66d1b1fd8f35711",
      "relationshipType": "OTHER",
      "spdxElementId": "SPDXRef-Package-go-module-github.com-vishvananda-netns-4818ec732690a355"
    },
    {
      "comment": "evident-by: indicates the package's existence is evident by the given file",
      "relatedSpdxElement": "SPDXRef-File-usr-src-multus-cni-bin-multus-e66d1b1fd8f35711",
      "relationshipType": "OTHER",
      "spdxElementId": "SPDXRef-Package-go-module-k8s.io-kube-openapi-4def798fe86dccbb"
    },
    {
      "comment": "evident-by: indicates the package's existence is evident by the given file",
      "relatedSpdxElement": "SPDXRef-File-usr-src-multus-cni-bin-multus-e66d1b1fd8f35711",
      "relationshipType": "OTHER",
      "spdxElementId": "SPDXRef-Package-go-module-github.com-googleapis-gnostic-56304ca157b54f58"
    },
    {
      "comment": "evident-by: indicates the package's existence is evident by the given file",
      "relatedSpdxElement": "SPDXRef-File-usr-src-multus-cni-bin-multus-e66d1b1fd8f35711",
      "relationshipType": "OTHER",
      "spdxElementId": "SPDXRef-Package-go-module-k8s.io-client-go-57734f9f29557ea6"
    },
    {
      "comment": "evident-by: indicates the package's existence is evident by the given file",
      "relatedSpdxElement": "SPDXRef-File-usr-src-multus-cni-bin-multus-e66d1b1fd8f35711",
      "relationshipType": "OTHER",
      "spdxElementId": "SPDXRef-Package-go-module-golang.org-x-net-5ed3240cac236291"
    },
    {
      "comment": "evident-by: indicates the package's existence is evident by the given file",
      "relatedSpdxElement": "SPDXRef-File-usr-src-multus-cni-bin-multus-e66d1b1fd8f35711",
      "relationshipType": "OTHER",
      "spdxElementId": "SPDXRef-Package-go-module-github.com-vishvananda-netlink-6d494d11b16ce5ed"
    },
    {
      "comment": "evident-by: indicates the package's existence is evident by the given file",
      "relatedSpdxElement": "SPDXRef-File-thin-entrypoint-9d1b6fa03e5a9778",
      "relationshipType": "OTHER",
      "spdxElementId": "SPDXRef-Package-go-module-github.com-containernetworking-cni-7354c0e0494e74ed"
    },
    {
      "comment": "evident-by: indicates the package's existence is evident by the given file",
      "relatedSpdxElement": "SPDXRef-File-usr-src-multus-cni-bin-multus-e66d1b1fd8f35711",
      "relationshipType": "OTHER",
      "spdxElementId": "SPDXRef-Package-go-module-sigs.k8s.io-yaml-74964c21057d502e"
    },
    {
      "comment": "evident-by: indicates the package's existence is evident by the given file",
      "relatedSpdxElement": "SPDXRef-File-usr-src-multus-cni-bin-multus-e66d1b1fd8f35711",
      "relationshipType": "OTHER",
      "spdxElementId": "SPDXRef-Package-go-module-github.com-imdario-mergo-74e8c71db6662d38"
    },
    {
      "comment": "evident-by: indicates the package's existence is evident by the given file",
      "relatedSpdxElement": "SPDXRef-File-usr-src-multus-cni-bin-multus-e66d1b1fd8f35711",
      "relationshipType": "OTHER",
      "spdxElementId": "SPDXRef-Package-go-module-github.com-containernetworking-cni-7fce03f0d543e13e"
    },
    {
      "comment": "evident-by: indicates the package's existence is evident by the given file",
      "relatedSpdxElement": "SPDXRef-File-usr-src-multus-cni-bin-multus-e66d1b1fd8f35711",
      "relationshipType": "OTHER",
      "spdxElementId": "SPDXRef-Package-go-module-gopkg.in-k8snetworkplumbingwg-multus-cni.v4-85cd6ec487ab06d0"
    },
    {
      "comment": "evident-by: indicates the package's existence is evident by the given file",
      "relatedSpdxElement": "SPDXRef-File-usr-src-multus-cni-bin-multus-e66d1b1fd8f35711",
      "relationshipType": "OTHER",
      "spdxElementId": "SPDXRef-Package-go-module-sigs.k8s.io-structured-merge-diff-v4-982684225c3acab5"
    },
    {
      "comment": "evident-by: indicates the package's existence is evident by the given file",
      "relatedSpdxElement": "SPDXRef-File-usr-src-multus-cni-bin-multus-e66d1b1fd8f35711",
      "relationshipType": "OTHER",
      "spdxElementId": "SPDXRef-Package-go-module-golang.org-x-time-98cff8c87f3f0c59"
    },
    {
      "comment": "evident-by: indicates the package's existence is evident by the given file",
      "relatedSpdxElement": "SPDXRef-File-usr-src-multus-cni-bin-multus-e66d1b1fd8f35711",
      "relationshipType": "OTHER",
      "spdxElementId": "SPDXRef-Package-go-module-k8s.io-utils-9f55aa972b37d520"
    },
    {
      "comment": "evident-by: indicates the package's existence is evident by the given file",
      "relatedSpdxElement": "SPDXRef-File-usr-src-multus-cni-bin-multus-e66d1b1fd8f35711",
      "relationshipType": "OTHER",
      "spdxElementId": "SPDXRef-Package-go-module-k8s.io-klog-v2-a191ad0269724c00"
    },
    {
      "comment": "evident-by: indicates the package's existence is evident by the given file",
      "relatedSpdxElement": "SPDXRef-File-usr-src-multus-cni-bin-multus-e66d1b1fd8f35711",
      "relationshipType": "OTHER",
      "spdxElementId": "SPDXRef-Package-go-module-gopkg.in-natefinch-lumberjack.v2-a4beaec8570db8f0"
    },
    {
      "comment": "evident-by: indicates the package's existence is evident by the given file",
      "relatedSpdxElement": "SPDXRef-File-thin-entrypoint-9d1b6fa03e5a9778",
      "relationshipType": "OTHER",
      "spdxElementId": "SPDXRef-Package-go-module-stdlib-b0136d6ddb8584d7"
    },
    {
      "comment": "evident-by: indicates the package's existence is evident by the given file",
      "relatedSpdxElement": "SPDXRef-File-usr-src-multus-cni-bin-multus-e66d1b1fd8f35711",
      "relationshipType": "OTHER",
      "spdxElementId": "SPDXRef-Package-go-module-github.com-google-gofuzz-b1d21f9ca595670a"
    },
    {
      "comment": "evident-by: indicates the package's existence is evident by the given file",
      "relatedSpdxElement": "SPDXRef-File-usr-src-multus-cni-bin-multus-e66d1b1fd8f35711",
      "relationshipType": "OTHER",
      "spdxElementId": "SPDXRef-Package-go-module-github.com-golang-groupcache-b27d96074fd99a0c"
    },
    {
      "comment": "evident-by: indicates the package's existence is evident by the given file",
      "relatedSpdxElement": "SPDXRef-File-usr-src-multus-cni-bin-multus-e66d1b1fd8f35711",
      "relationshipType": "OTHER",
      "spdxElementId": "SPDXRef-Package-go-module-google.golang.org-genproto-c1054c251f9b325a"
    },
    {
      "comment": "evident-by: indicates the package's existence is evident by the given file",
      "relatedSpdxElement": "SPDXRef-File-thin-entrypoint-9d1b6fa03e5a9778",
      "relationshipType": "OTHER",
      "spdxElementId": "SPDXRef-Package-go-module-gopkg.in-k8snetworkplumbingwg-multus-cni.v4-c95213aa84099427"
    },
    {
      "comment": "evident-by: indicates the package's existence is evident by the given file",
      "relatedSpdxElement": "SPDXRef-File-usr-src-multus-cni-bin-multus-e66d1b1fd8f35711",
      "relationshipType": "OTHER",
      "spdxElementId": "SPDXRef-Package-go-module-github.com-modern-go-reflect2-ca7cf988a5a2574b"
    },
    {
      "comment": "evident-by: indicates the package's existence is evident by the given file",
      "relatedSpdxElement": "SPDXRef-File-usr-src-multus-cni-bin-multus-e66d1b1fd8f35711",
      "relationshipType": "OTHER",
      "spdxElementId": "SPDXRef-Package-go-module-k8s.io-api-cb5e6606f1506abc"
    },
    {
      "comment": "evident-by: indicates the package's existence is evident by the given file",
      "relatedSpdxElement": "SPDXRef-File-usr-src-multus-cni-bin-multus-e66d1b1fd8f35711",
      "relationshipType": "OTHER",
      "spdxElementId": "SPDXRef-Package-go-module-github.com-modern-go-concurrent-d15e03ce0b1c0402"
    },
    {
      "comment": "evident-by: indicates the package's existence is evident by the given file",
      "relatedSpdxElement": "SPDXRef-File-usr-src-multus-cni-bin-multus-e66d1b1fd8f35711",
      "relationshipType": "OTHER",
      "spdxElementId": "SPDXRef-Package-go-module-gopkg.in-yaml.v2-d64313a11926b2cb"
    },
    {
      "comment": "evident-by: indicates the package's existence is evident by the given file",
      "relatedSpdxElement": "SPDXRef-File-usr-src-multus-cni-bin-multus-e66d1b1fd8f35711",
      "relationshipType": "OTHER",
      "spdxElementId": "SPDXRef-Package-go-module-google.golang.org-grpc-d69e1a86d331b4ac"
    },
    {
      "comment": "evident-by: indicates the package's existence is evident by the given file",
      "relatedSpdxElement": "SPDXRef-File-usr-src-multus-cni-bin-multus-e66d1b1fd8f35711",
      "relationshipType": "OTHER",
      "spdxElementId": "SPDXRef-Package-go-module-golang.org-x-sys-dcabc3f70177b443"
    },
    {
      "comment": "evident-by: indicates the package's existence is evident by the given file",
      "relatedSpdxElement": "SPDXRef-File-usr-src-multus-cni-bin-multus-e66d1b1fd8f35711",
      "relationshipType": "OTHER",
      "spdxElementId": "SPDXRef-Package-go-module-gopkg.in-inf.v0-ddea4da38bc942fe"
    },
    {
      "comment": "evident-by: indicates the package's existence is evident by the given file",
      "relatedSpdxElement": "SPDXRef-File-usr-src-multus-cni-bin-multus-e66d1b1fd8f35711",
      "relationshipType": "OTHER",
      "spdxElementId": "SPDXRef-Package-go-module-github.com-json-iterator-go-dea74cf866944be6"
    },
    {
      "comment": "evident-by: indicates the package's existence is evident by the given file",
      "relatedSpdxElement": "SPDXRef-File-usr-src-multus-cni-bin-multus-e66d1b1fd8f35711",
      "relationshipType": "OTHER",
      "spdxElementId": "SPDXRef-Package-go-module-golang.org-x-term-e1ef1313b04a0ed6"
    },
    {
      "comment": "evident-by: indicates the package's existence is evident by the given file",
      "relatedSpdxElement": "SPDXRef-File-usr-src-multus-cni-bin-multus-e66d1b1fd8f35711",
      "relationshipType": "OTHER",
      "spdxElementId": "SPDXRef-Package-go-module-k8s.io-kubelet-e7420432d26ab3f1"
    },
    {
      "comment": "evident-by: indicates the package's existence is evident by the given file",
      "relatedSpdxElement": "SPDXRef-File-usr-src-multus-cni-bin-multus-e66d1b1fd8f35711",
      "relationshipType": "OTHER",
      "spdxElementId": "SPDXRef-Package-go-module-golang.org-x-text-ec07ed95e49ed49a"
    },
    {
      "comment": "evident-by: indicates the package's existence is evident by the given file",
      "relatedSpdxElement": "SPDXRef-File-usr-src-multus-cni-bin-multus-e66d1b1fd8f35711",
      "relationshipType": "OTHER",
      "spdxElementId": "SPDXRef-Package-go-module-google.golang.org-protobuf-f341ddc0fb5df32c"
    },
    {
      "comment": "evident-by: indicates the package's existence is evident by the given file",
      "relatedSpdxElement": "SPDXRef-File-usr-src-multus-cni-bin-multus-e66d1b1fd8f35711",
      "relationshipType": "OTHER",
      "spdxElementId": "SPDXRef-Package-go-module-golang.org-x-oauth2-f65d60ecc01a82a4"
    },
    {
      "comment": "evident-by: indicates the package's existence is evident by the given file",
      "relatedSpdxElement": "SPDXRef-File-usr-src-multus-cni-bin-multus-e66d1b1fd8f35711",
      "relationshipType": "OTHER",
      "spdxElementId": "SPDXRef-Package-go-module-stdlib-fc5cbdb106c71fbe"
    },
    {
      "relatedSpdxElement": "SPDXRef-Package-go-module-github.com-containernetworking-cni-7354c0e0494e74ed",
      "relationshipType": "CONTAINS",
      "spdxElementId": "SPDXRef-DocumentRoot-Image-rgcrprod.azurecr.us-rancher-hardened-multus-cni"
    },
    {
      "relatedSpdxElement": "SPDXRef-Package-go-module-github.com-containernetworking-cni-7fce03f0d543e13e",
      "relationshipType": "CONTAINS",
      "spdxElementId": "SPDXRef-DocumentRoot-Image-rgcrprod.azurecr.us-rancher-hardened-multus-cni"
    },
    {
      "relatedSpdxElement": "SPDXRef-Package-go-module-github.com-containernetworking-plugins-1d72c1c8fa1c0c3f",
      "relationshipType": "CONTAINS",
      "spdxElementId": "SPDXRef-DocumentRoot-Image-rgcrprod.azurecr.us-rancher-hardened-multus-cni"
    },
    {
      "relatedSpdxElement": "SPDXRef-Package-go-module-github.com-davecgh-go-spew-132f9ce742c9dd96",
      "relationshipType": "CONTAINS",
      "spdxElementId": "SPDXRef-DocumentRoot-Image-rgcrprod.azurecr.us-rancher-hardened-multus-cni"
    },
    {
      "relatedSpdxElement": "SPDXRef-Package-go-module-github.com-go-logr-logr-00cf0ad5bbae4338",
      "relationshipType": "CONTAINS",
      "spdxElementId": "SPDXRef-DocumentRoot-Image-rgcrprod.azurecr.us-rancher-hardened-multus-cni"
    },
    {
      "relatedSpdxElement": "SPDXRef-Package-go-module-github.com-gogo-protobuf-2a58897866a0884b",
      "relationshipType": "CONTAINS",
      "spdxElementId": "SPDXRef-DocumentRoot-Image-rgcrprod.azurecr.us-rancher-hardened-multus-cni"
    },
    {
      "relatedSpdxElement": "SPDXRef-Package-go-module-github.com-golang-groupcache-b27d96074fd99a0c",
      "relationshipType": "CONTAINS",
      "spdxElementId": "SPDXRef-DocumentRoot-Image-rgcrprod.azurecr.us-rancher-hardened-multus-cni"
    },
    {
      "relatedSpdxElement": "SPDXRef-Package-go-module-github.com-golang-protobuf-3c8c29d4168e751b",
      "relationshipType": "CONTAINS",
      "spdxElementId": "SPDXRef-DocumentRoot-Image-rgcrprod.azurecr.us-rancher-hardened-multus-cni"
    },
    {
      "relatedSpdxElement": "SPDXRef-Package-go-module-github.com-google-go-cmp-2222ce858ba71596",
      "relationshipType": "CONTAINS",
      "spdxElementId": "SPDXRef-DocumentRoot-Image-rgcrprod.azurecr.us-rancher-hardened-multus-cni"
    },
    {
      "relatedSpdxElement": "SPDXRef-Package-go-module-github.com-google-gofuzz-b1d21f9ca595670a",
      "relationshipType": "CONTAINS",
      "spdxElementId": "SPDXRef-DocumentRoot-Image-rgcrprod.azurecr.us-rancher-hardened-multus-cni"
    },
    {
      "relatedSpdxElement": "SPDXRef-Package-go-module-github.com-googleapis-gnostic-56304ca157b54f58",
      "relationshipType": "CONTAINS",
      "spdxElementId": "SPDXRef-DocumentRoot-Image-rgcrprod.azurecr.us-rancher-hardened-multus-cni"
    },
    {
      "relatedSpdxElement": "SPDXRef-Package-go-module-github.com-imdario-mergo-74e8c71db6662d38",
      "relationshipType": "CONTAINS",
      "spdxElementId": "SPDXRef-DocumentRoot-Image-rgcrprod.azurecr.us-rancher-hardened-multus-cni"
    },
    {
      "relatedSpdxElement": "SPDXRef-Package-go-module-github.com-json-iterator-go-dea74cf866944be6",
      "relationshipType": "CONTAINS",
      "spdxElementId": "SPDXRef-DocumentRoot-Image-rgcrprod.azurecr.us-rancher-hardened-multus-cni"
    },
    {
      "relatedSpdxElement": "SPDXRef-Package-go-module-github.com-k8snetworkplumbingwg-network-attachment-definition-client-32b990a9c66c9e35",
      "relationshipType": "CONTAINS",
      "spdxElementId": "SPDXRef-DocumentRoot-Image-rgcrprod.azurecr.us-rancher-hardened-multus-cni"
    },
    {
      "relatedSpdxElement": "SPDXRef-Package-go-module-github.com-modern-go-concurrent-d15e03ce0b1c0402",
      "relationshipType": "CONTAINS",
      "spdxElementId": "SPDXRef-DocumentRoot-Image-rgcrprod.azurecr.us-rancher-hardened-multus-cni"
    },
    {
      "relatedSpdxElement": "SPDXRef-Package-go-module-github.com-modern-go-reflect2-ca7cf988a5a2574b",
      "relationshipType": "CONTAINS",
      "spdxElementId": "SPDXRef-DocumentRoot-Image-rgcrprod.azurecr.us-rancher-hardened-multus-cni"
    },
    {
      "relatedSpdxElement": "SPDXRef-Package-go-module-github.com-spf13-pflag-1e57fd8ee330dc7d",
      "relationshipType": "CONTAINS",
      "spdxElementId": "SPDXRef-DocumentRoot-Image-rgcrprod.azurecr.us-rancher-hardened-multus-cni"
    },
    {
      "relatedSpdxElement": "SPDXRef-Package-go-module-github.com-spf13-pflag-3aaa284c7a27d789",
      "relationshipType": "CONTAINS",
      "spdxElementId": "SPDXRef-DocumentRoot-Image-rgcrprod.azurecr.us-rancher-hardened-multus-cni"
    },
    {
      "relatedSpdxElement": "SPDXRef-Package-go-module-github.com-vishvananda-netlink-6d494d11b16ce5ed",
      "relationshipType": "CONTAINS",
      "spdxElementId": "SPDXRef-DocumentRoot-Image-rgcrprod.azurecr.us-rancher-hardened-multus-cni"
    },
    {
      "relatedSpdxElement": "SPDXRef-Package-go-module-github.com-vishvananda-netns-4818ec732690a355",
      "relationshipType": "CONTAINS",
      "spdxElementId": "SPDXRef-DocumentRoot-Image-rgcrprod.azurecr.us-rancher-hardened-multus-cni"
    },
    {
      "relatedSpdxElement": "SPDXRef-Package-go-module-golang.org-x-net-5ed3240cac236291",
      "relationshipType": "CONTAINS",
      "spdxElementId": "SPDXRef-DocumentRoot-Image-rgcrprod.azurecr.us-rancher-hardened-multus-cni"
    },
    {
      "relatedSpdxElement": "SPDXRef-Package-go-module-golang.org-x-oauth2-f65d60ecc01a82a4",
      "relationshipType": "CONTAINS",
      "spdxElementId": "SPDXRef-DocumentRoot-Image-rgcrprod.azurecr.us-rancher-hardened-multus-cni"
    },
    {
      "relatedSpdxElement": "SPDXRef-Package-go-module-golang.org-x-sys-dcabc3f70177b443",
      "relationshipType": "CONTAINS",
      "spdxElementId": "SPDXRef-DocumentRoot-Image-rgcrprod.azurecr.us-rancher-hardened-multus-cni"
    },
    {
      "relatedSpdxElement": "SPDXRef-Package-go-module-golang.org-x-term-e1ef1313b04a0ed6",
      "relationshipType": "CONTAINS",
      "spdxElementId": "SPDXRef-DocumentRoot-Image-rgcrprod.azurecr.us-rancher-hardened-multus-cni"
    },
    {
      "relatedSpdxElement": "SPDXRef-Package-go-module-golang.org-x-text-ec07ed95e49ed49a",
      "relationshipType": "CONTAINS",
      "spdxElementId": "SPDXRef-DocumentRoot-Image-rgcrprod.azurecr.us-rancher-hardened-multus-cni"
    },
    {
      "relatedSpdxElement": "SPDXRef-Package-go-module-golang.org-x-time-98cff8c87f3f0c59",
      "relationshipType": "CONTAINS",
      "spdxElementId": "SPDXRef-DocumentRoot-Image-rgcrprod.azurecr.us-rancher-hardened-multus-cni"
    },
    {
      "relatedSpdxElement": "SPDXRef-Package-go-module-google.golang.org-genproto-c1054c251f9b325a",
      "relationshipType": "CONTAINS",
      "spdxElementId": "SPDXRef-DocumentRoot-Image-rgcrprod.azurecr.us-rancher-hardened-multus-cni"
    },
    {
      "relatedSpdxElement": "SPDXRef-Package-go-module-google.golang.org-grpc-d69e1a86d331b4ac",
      "relationshipType": "CONTAINS",
      "spdxElementId": "SPDXRef-DocumentRoot-Image-rgcrprod.azurecr.us-rancher-hardened-multus-cni"
    },
    {
      "relatedSpdxElement": "SPDXRef-Package-go-module-google.golang.org-protobuf-f341ddc0fb5df32c",
      "relationshipType": "CONTAINS",
      "spdxElementId": "SPDXRef-DocumentRoot-Image-rgcrprod.azurecr.us-rancher-hardened-multus-cni"
    },
    {
      "relatedSpdxElement": "SPDXRef-Package-go-module-gopkg.in-inf.v0-ddea4da38bc942fe",
      "relationshipType": "CONTAINS",
      "spdxElementId": "SPDXRef-DocumentRoot-Image-rgcrprod.azurecr.us-rancher-hardened-multus-cni"
    },
    {
      "relatedSpdxElement": "SPDXRef-Package-go-module-gopkg.in-k8snetworkplumbingwg-multus-cni.v4-c95213aa84099427",
      "relationshipType": "CONTAINS",
      "spdxElementId": "SPDXRef-DocumentRoot-Image-rgcrprod.azurecr.us-rancher-hardened-multus-cni"
    },
    {
      "relatedSpdxElement": "SPDXRef-Package-go-module-gopkg.in-k8snetworkplumbingwg-multus-cni.v4-85cd6ec487ab06d0",
      "relationshipType": "CONTAINS",
      "spdxElementId": "SPDXRef-DocumentRoot-Image-rgcrprod.azurecr.us-rancher-hardened-multus-cni"
    },
    {
      "relatedSpdxElement": "SPDXRef-Package-go-module-gopkg.in-natefinch-lumberjack.v2-a4beaec8570db8f0",
      "relationshipType": "CONTAINS",
      "spdxElementId": "SPDXRef-DocumentRoot-Image-rgcrprod.azurecr.us-rancher-hardened-multus-cni"
    },
    {
      "relatedSpdxElement": "SPDXRef-Package-go-module-gopkg.in-yaml.v2-d64313a11926b2cb",
      "relationshipType": "CONTAINS",
      "spdxElementId": "SPDXRef-DocumentRoot-Image-rgcrprod.azurecr.us-rancher-hardened-multus-cni"
    },
    {
      "relatedSpdxElement": "SPDXRef-Package-go-module-gopkg.in-yaml.v3-35e9d966a0a3b1fa",
      "relationshipType": "CONTAINS",
      "spdxElementId": "SPDXRef-DocumentRoot-Image-rgcrprod.azurecr.us-rancher-hardened-multus-cni"
    },
    {
      "relatedSpdxElement": "SPDXRef-Package-go-module-k8s.io-api-cb5e6606f1506abc",
      "relationshipType": "CONTAINS",
      "spdxElementId": "SPDXRef-DocumentRoot-Image-rgcrprod.azurecr.us-rancher-hardened-multus-cni"
    },
    {
      "relatedSpdxElement": "SPDXRef-Package-go-module-k8s.io-apimachinery-398b295e9def27be",
      "relationshipType": "CONTAINS",
      "spdxElementId": "SPDXRef-DocumentRoot-Image-rgcrprod.azurecr.us-rancher-hardened-multus-cni"
    },
    {
      "relatedSpdxElement": "SPDXRef-Package-go-module-k8s.io-client-go-57734f9f29557ea6",
      "relationshipType": "CONTAINS",
      "spdxElementId": "SPDXRef-DocumentRoot-Image-rgcrprod.azurecr.us-rancher-hardened-multus-cni"
    },
    {
      "relatedSpdxElement": "SPDXRef-Package-go-module-k8s.io-klog-1ac9dda9e93c721f",
      "relationshipType": "CONTAINS",
      "spdxElementId": "SPDXRef-DocumentRoot-Image-rgcrprod.azurecr.us-rancher-hardened-multus-cni"
    },
    {
      "relatedSpdxElement": "SPDXRef-Package-go-module-k8s.io-klog-v2-a191ad0269724c00",
      "relationshipType": "CONTAINS",
      "spdxElementId": "SPDXRef-DocumentRoot-Image-rgcrprod.azurecr.us-rancher-hardened-multus-cni"
    },
    {
      "relatedSpdxElement": "SPDXRef-Package-go-module-k8s.io-kube-openapi-4def798fe86dccbb",
      "relationshipType": "CONTAINS",
      "spdxElementId": "SPDXRef-DocumentRoot-Image-rgcrprod.azurecr.us-rancher-hardened-multus-cni"
    },
    {
      "relatedSpdxElement": "SPDXRef-Package-go-module-k8s.io-kubelet-e7420432d26ab3f1",
      "relationshipType": "CONTAINS",
      "spdxElementId": "SPDXRef-DocumentRoot-Image-rgcrprod.azurecr.us-rancher-hardened-multus-cni"
    },
    {
      "relatedSpdxElement": "SPDXRef-Package-go-module-k8s.io-utils-9f55aa972b37d520",
      "relationshipType": "CONTAINS",
      "spdxElementId": "SPDXRef-DocumentRoot-Image-rgcrprod.azurecr.us-rancher-hardened-multus-cni"
    },
    {
      "relatedSpdxElement": "SPDXRef-Package-go-module-sigs.k8s.io-structured-merge-diff-v4-982684225c3acab5",
      "relationshipType": "CONTAINS",
      "spdxElementId": "SPDXRef-DocumentRoot-Image-rgcrprod.azurecr.us-rancher-hardened-multus-cni"
    },
    {
      "relatedSpdxElement": "SPDXRef-Package-go-module-sigs.k8s.io-yaml-74964c21057d502e",
      "relationshipType": "CONTAINS",
      "spdxElementId": "SPDXRef-DocumentRoot-Image-rgcrprod.azurecr.us-rancher-hardened-multus-cni"
    },
    {
      "relatedSpdxElement": "SPDXRef-Package-go-module-stdlib-b0136d6ddb8584d7",
      "relationshipType": "CONTAINS",
      "spdxElementId": "SPDXRef-DocumentRoot-Image-rgcrprod.azurecr.us-rancher-hardened-multus-cni"
    },
    {
      "relatedSpdxElement": "SPDXRef-Package-go-module-stdlib-fc5cbdb106c71fbe",
      "relationshipType": "CONTAINS",
      "spdxElementId": "SPDXRef-DocumentRoot-Image-rgcrprod.azurecr.us-rancher-hardened-multus-cni"
    },
    {
      "relatedSpdxElement": "SPDXRef-DocumentRoot-Image-rgcrprod.azurecr.us-rancher-hardened-multus-cni",
      "relationshipType": "DESCRIBES",
      "spdxElementId": "SPDXRef-DOCUMENT"
    }
  ],
  "spdxVersion": "SPDX-2.3"
}
