{
 "SPDXID": "SPDXRef-DOCUMENT",
 "name": "rgcrprod.azurecr.us/rancher/mirrored-prometheus-operator-prometheus-operator-v0.65.1",
 "spdxVersion": "SPDX-2.2",
 "creationInfo": {
  "created": "2023-10-11T12:12:36.63507277Z",
  "creators": [
   "Organization: Anchore, Inc",
   "Tool: syft-0.53.4"
  ],
  "licenseListVersion": "3.17"
 },
 "dataLicense": "CC0-1.0",
 "documentNamespace": "https://anchore.com/syft/image/rgcrprod.azurecr.us/rancher/mirrored-prometheus-operator-prometheus-operator-v0.65.1-b4b57029-68f7-4d23-870b-6cf552c65c67",
 "packages": [
  {
   "SPDXID": "SPDXRef-ff043ad40073257e",
   "name": "./pkg/apis/monitoring",
   "licenseConcluded": "NONE",
   "downloadLocation": "NOASSERTION",
   "externalRefs": [
    {
     "referenceCategory": "SECURITY",
     "referenceLocator": "cpe:2.3:a:pkg:apis\\/monitoring:\\(devel\\):*:*:*:*:*:*:*",
     "referenceType": "cpe23Type"
    },
    {
     "referenceCategory": "PACKAGE_MANAGER",
     "referenceLocator": "pkg:golang/./pkg/apis/monitoring@(devel)",
     "referenceType": "purl"
    }
   ],
   "filesAnalyzed": false,
   "licenseDeclared": "NONE",
   "sourceInfo": "acquired package info from go module information: /bin/operator",
   "versionInfo": "(devel)"
  },
  {
   "SPDXID": "SPDXRef-1e418e9de11b26a6",
   "name": "./pkg/client",
   "licenseConcluded": "NONE",
   "downloadLocation": "NOASSERTION",
   "externalRefs": [
    {
     "referenceCategory": "SECURITY",
     "referenceLocator": "cpe:2.3:a:pkg:client:\\(devel\\):*:*:*:*:*:*:*",
     "referenceType": "cpe23Type"
    },
    {
     "referenceCategory": "PACKAGE_MANAGER",
     "referenceLocator": "pkg:golang/./pkg/client@(devel)",
     "referenceType": "purl"
    }
   ],
   "filesAnalyzed": false,
   "licenseDeclared": "NONE",
   "sourceInfo": "acquired package info from go module information: /bin/operator",
   "versionInfo": "(devel)"
  },
  {
   "SPDXID": "SPDXRef-950a97c2bcde7636",
   "name": "github.com/alecthomas/kingpin/v2",
   "licenseConcluded": "NONE",
   "downloadLocation": "NOASSERTION",
   "externalRefs": [
    {
     "referenceCategory": "SECURITY",
     "referenceLocator": "cpe:2.3:a:alecthomas:kingpin\\/v2:v2.3.2:*:*:*:*:*:*:*",
     "referenceType": "cpe23Type"
    },
    {
     "referenceCategory": "PACKAGE_MANAGER",
     "referenceLocator": "pkg:golang/github.com/alecthomas/kingpin/v2@v2.3.2",
     "referenceType": "purl"
    }
   ],
   "filesAnalyzed": false,
   "licenseDeclared": "NONE",
   "sourceInfo": "acquired package info from go module information: /bin/operator",
   "versionInfo": "v2.3.2"
  },
  {
   "SPDXID": "SPDXRef-2f1f4659b31d57c6",
   "name": "github.com/alecthomas/units",
   "licenseConcluded": "NONE",
   "downloadLocation": "NOASSERTION",
   "externalRefs": [
    {
     "referenceCategory": "SECURITY",
     "referenceLocator": "cpe:2.3:a:alecthomas:units:v0.0.0-20211218093645-b94a6e3cc137:*:*:*:*:*:*:*",
     "referenceType": "cpe23Type"
    },
    {
     "referenceCategory": "PACKAGE_MANAGER",
     "referenceLocator": "pkg:golang/github.com/alecthomas/units@v0.0.0-20211218093645-b94a6e3cc137",
     "referenceType": "purl"
    }
   ],
   "filesAnalyzed": false,
   "licenseDeclared": "NONE",
   "sourceInfo": "acquired package info from go module information: /bin/operator",
   "versionInfo": "v0.0.0-20211218093645-b94a6e3cc137"
  },
  {
   "SPDXID": "SPDXRef-f8b338aa3cac2d4d",
   "name": "github.com/asaskevich/govalidator",
   "licenseConcluded": "NONE",
   "downloadLocation": "NOASSERTION",
   "externalRefs": [
    {
     "referenceCategory": "SECURITY",
     "referenceLocator": "cpe:2.3:a:asaskevich:govalidator:v0.0.0-20230301143203-a9d515a09cc2:*:*:*:*:*:*:*",
     "referenceType": "cpe23Type"
    },
    {
     "referenceCategory": "PACKAGE_MANAGER",
     "referenceLocator": "pkg:golang/github.com/asaskevich/govalidator@v0.0.0-20230301143203-a9d515a09cc2",
     "referenceType": "purl"
    }
   ],
   "filesAnalyzed": false,
   "licenseDeclared": "NONE",
   "sourceInfo": "acquired package info from go module information: /bin/operator",
   "versionInfo": "v0.0.0-20230301143203-a9d515a09cc2"
  },
  {
   "SPDXID": "SPDXRef-8f877e8eb023c876",
   "name": "github.com/aws/aws-sdk-go",
   "licenseConcluded": "NONE",
   "downloadLocation": "NOASSERTION",
   "externalRefs": [
    {
     "referenceCategory": "SECURITY",
     "referenceLocator": "cpe:2.3:a:aws:aws-sdk-go:v1.44.217:*:*:*:*:*:*:*",
     "referenceType": "cpe23Type"
    },
    {
     "referenceCategory": "SECURITY",
     "referenceLocator": "cpe:2.3:a:aws:aws_sdk_go:v1.44.217:*:*:*:*:*:*:*",
     "referenceType": "cpe23Type"
    },
    {
     "referenceCategory": "PACKAGE_MANAGER",
     "referenceLocator": "pkg:golang/github.com/aws/aws-sdk-go@v1.44.217",
     "referenceType": "purl"
    }
   ],
   "filesAnalyzed": false,
   "licenseDeclared": "NONE",
   "sourceInfo": "acquired package info from go module information: /bin/operator",
   "versionInfo": "v1.44.217"
  },
  {
   "SPDXID": "SPDXRef-58c1351a7e3f2f68",
   "name": "github.com/beorn7/perks",
   "licenseConcluded": "NONE",
   "downloadLocation": "NOASSERTION",
   "externalRefs": [
    {
     "referenceCategory": "SECURITY",
     "referenceLocator": "cpe:2.3:a:beorn7:perks:v1.0.1:*:*:*:*:*:*:*",
     "referenceType": "cpe23Type"
    },
    {
     "referenceCategory": "PACKAGE_MANAGER",
     "referenceLocator": "pkg:golang/github.com/beorn7/perks@v1.0.1",
     "referenceType": "purl"
    }
   ],
   "filesAnalyzed": false,
   "licenseDeclared": "NONE",
   "sourceInfo": "acquired package info from go module information: /bin/operator",
   "versionInfo": "v1.0.1"
  },
  {
   "SPDXID": "SPDXRef-55d4ac3912d3ac46",
   "name": "github.com/blang/semver/v4",
   "licenseConcluded": "NONE",
   "downloadLocation": "NOASSERTION",
   "externalRefs": [
    {
     "referenceCategory": "SECURITY",
     "referenceLocator": "cpe:2.3:a:blang:semver\\/v4:v4.0.0:*:*:*:*:*:*:*",
     "referenceType": "cpe23Type"
    },
    {
     "referenceCategory": "PACKAGE_MANAGER",
     "referenceLocator": "pkg:golang/github.com/blang/semver/v4@v4.0.0",
     "referenceType": "purl"
    }
   ],
   "filesAnalyzed": false,
   "licenseDeclared": "NONE",
   "sourceInfo": "acquired package info from go module information: /bin/operator",
   "versionInfo": "v4.0.0"
  },
  {
   "SPDXID": "SPDXRef-801bc1cfe5ecb2e4",
   "name": "github.com/brancz/kube-rbac-proxy",
   "licenseConcluded": "NONE",
   "downloadLocation": "NOASSERTION",
   "externalRefs": [
    {
     "referenceCategory": "SECURITY",
     "referenceLocator": "cpe:2.3:a:brancz:kube-rbac-proxy:v0.14.1:*:*:*:*:*:*:*",
     "referenceType": "cpe23Type"
    },
    {
     "referenceCategory": "SECURITY",
     "referenceLocator": "cpe:2.3:a:brancz:kube_rbac_proxy:v0.14.1:*:*:*:*:*:*:*",
     "referenceType": "cpe23Type"
    },
    {
     "referenceCategory": "PACKAGE_MANAGER",
     "referenceLocator": "pkg:golang/github.com/brancz/kube-rbac-proxy@v0.14.1",
     "referenceType": "purl"
    }
   ],
   "filesAnalyzed": false,
   "licenseDeclared": "NONE",
   "sourceInfo": "acquired package info from go module information: /bin/operator",
   "versionInfo": "v0.14.1"
  },
  {
   "SPDXID": "SPDXRef-463ab0adb5706762",
   "name": "github.com/cespare/xxhash/v2",
   "licenseConcluded": "NONE",
   "downloadLocation": "NOASSERTION",
   "externalRefs": [
    {
     "referenceCategory": "SECURITY",
     "referenceLocator": "cpe:2.3:a:cespare:xxhash\\/v2:v2.2.0:*:*:*:*:*:*:*",
     "referenceType": "cpe23Type"
    },
    {
     "referenceCategory": "PACKAGE_MANAGER",
     "referenceLocator": "pkg:golang/github.com/cespare/xxhash/v2@v2.2.0",
     "referenceType": "purl"
    }
   ],
   "filesAnalyzed": false,
   "licenseDeclared": "NONE",
   "sourceInfo": "acquired package info from go module information: /bin/operator",
   "versionInfo": "v2.2.0"
  },
  {
   "SPDXID": "SPDXRef-34b4f0479540a1a2",
   "name": "github.com/davecgh/go-spew",
   "licenseConcluded": "NONE",
   "downloadLocation": "NOASSERTION",
   "externalRefs": [
    {
     "referenceCategory": "SECURITY",
     "referenceLocator": "cpe:2.3:a:davecgh:go-spew:v1.1.1:*:*:*:*:*:*:*",
     "referenceType": "cpe23Type"
    },
    {
     "referenceCategory": "SECURITY",
     "referenceLocator": "cpe:2.3:a:davecgh:go_spew:v1.1.1:*:*:*:*:*:*:*",
     "referenceType": "cpe23Type"
    },
    {
     "referenceCategory": "PACKAGE_MANAGER",
     "referenceLocator": "pkg:golang/github.com/davecgh/go-spew@v1.1.1",
     "referenceType": "purl"
    }
   ],
   "filesAnalyzed": false,
   "licenseDeclared": "NONE",
   "sourceInfo": "acquired package info from go module information: /bin/operator",
   "versionInfo": "v1.1.1"
  },
  {
   "SPDXID": "SPDXRef-ef27dc235ae7fc2c",
   "name": "github.com/dennwc/varint",
   "licenseConcluded": "NONE",
   "downloadLocation": "NOASSERTION",
   "externalRefs": [
    {
     "referenceCategory": "SECURITY",
     "referenceLocator": "cpe:2.3:a:dennwc:varint:v1.0.0:*:*:*:*:*:*:*",
     "referenceType": "cpe23Type"
    },
    {
     "referenceCategory": "PACKAGE_MANAGER",
     "referenceLocator": "pkg:golang/github.com/dennwc/varint@v1.0.0",
     "referenceType": "purl"
    }
   ],
   "filesAnalyzed": false,
   "licenseDeclared": "NONE",
   "sourceInfo": "acquired package info from go module information: /bin/operator",
   "versionInfo": "v1.0.0"
  },
  {
   "SPDXID": "SPDXRef-5ffec9e0fad61fc4",
   "name": "github.com/docker/distribution",
   "licenseConcluded": "NONE",
   "downloadLocation": "NOASSERTION",
   "externalRefs": [
    {
     "referenceCategory": "SECURITY",
     "referenceLocator": "cpe:2.3:a:docker:distribution:v2.8.1\\+incompatible:*:*:*:*:*:*:*",
     "referenceType": "cpe23Type"
    },
    {
     "referenceCategory": "PACKAGE_MANAGER",
     "referenceLocator": "pkg:golang/github.com/docker/distribution@v2.8.1+incompatible",
     "referenceType": "purl"
    }
   ],
   "filesAnalyzed": false,
   "licenseDeclared": "NONE",
   "sourceInfo": "acquired package info from go module information: /bin/operator",
   "versionInfo": "v2.8.1+incompatible"
  },
  {
   "SPDXID": "SPDXRef-dce31b6d0a25d757",
   "name": "github.com/edsrzf/mmap-go",
   "licenseConcluded": "NONE",
   "downloadLocation": "NOASSERTION",
   "externalRefs": [
    {
     "referenceCategory": "SECURITY",
     "referenceLocator": "cpe:2.3:a:edsrzf:mmap-go:v1.1.0:*:*:*:*:*:*:*",
     "referenceType": "cpe23Type"
    },
    {
     "referenceCategory": "SECURITY",
     "referenceLocator": "cpe:2.3:a:edsrzf:mmap_go:v1.1.0:*:*:*:*:*:*:*",
     "referenceType": "cpe23Type"
    },
    {
     "referenceCategory": "PACKAGE_MANAGER",
     "referenceLocator": "pkg:golang/github.com/edsrzf/mmap-go@v1.1.0",
     "referenceType": "purl"
    }
   ],
   "filesAnalyzed": false,
   "licenseDeclared": "NONE",
   "sourceInfo": "acquired package info from go module information: /bin/operator",
   "versionInfo": "v1.1.0"
  },
  {
   "SPDXID": "SPDXRef-2d30d67089b951fe",
   "name": "github.com/efficientgo/tools/core",
   "licenseConcluded": "NONE",
   "downloadLocation": "NOASSERTION",
   "externalRefs": [
    {
     "referenceCategory": "SECURITY",
     "referenceLocator": "cpe:2.3:a:efficientgo:tools\\/core:v0.0.0-20220817170617-6c25e3b627dd:*:*:*:*:*:*:*",
     "referenceType": "cpe23Type"
    },
    {
     "referenceCategory": "PACKAGE_MANAGER",
     "referenceLocator": "pkg:golang/github.com/efficientgo/tools/core@v0.0.0-20220817170617-6c25e3b627dd",
     "referenceType": "purl"
    }
   ],
   "filesAnalyzed": false,
   "licenseDeclared": "NONE",
   "sourceInfo": "acquired package info from go module information: /bin/operator",
   "versionInfo": "v0.0.0-20220817170617-6c25e3b627dd"
  },
  {
   "SPDXID": "SPDXRef-3e5f5f3543083c33",
   "name": "github.com/emicklei/go-restful/v3",
   "licenseConcluded": "NONE",
   "downloadLocation": "NOASSERTION",
   "externalRefs": [
    {
     "referenceCategory": "SECURITY",
     "referenceLocator": "cpe:2.3:a:emicklei:go-restful\\/v3:v3.10.2:*:*:*:*:*:*:*",
     "referenceType": "cpe23Type"
    },
    {
     "referenceCategory": "SECURITY",
     "referenceLocator": "cpe:2.3:a:emicklei:go_restful\\/v3:v3.10.2:*:*:*:*:*:*:*",
     "referenceType": "cpe23Type"
    },
    {
     "referenceCategory": "PACKAGE_MANAGER",
     "referenceLocator": "pkg:golang/github.com/emicklei/go-restful/v3@v3.10.2",
     "referenceType": "purl"
    }
   ],
   "filesAnalyzed": false,
   "licenseDeclared": "NONE",
   "sourceInfo": "acquired package info from go module information: /bin/operator",
   "versionInfo": "v3.10.2"
  },
  {
   "SPDXID": "SPDXRef-6e0b15951bdd2b79",
   "name": "github.com/go-kit/log",
   "licenseConcluded": "NONE",
   "downloadLocation": "NOASSERTION",
   "externalRefs": [
    {
     "referenceCategory": "SECURITY",
     "referenceLocator": "cpe:2.3:a:go-kit:log:v0.2.1:*:*:*:*:*:*:*",
     "referenceType": "cpe23Type"
    },
    {
     "referenceCategory": "SECURITY",
     "referenceLocator": "cpe:2.3:a:go_kit:log:v0.2.1:*:*:*:*:*:*:*",
     "referenceType": "cpe23Type"
    },
    {
     "referenceCategory": "SECURITY",
     "referenceLocator": "cpe:2.3:a:go:log:v0.2.1:*:*:*:*:*:*:*",
     "referenceType": "cpe23Type"
    },
    {
     "referenceCategory": "PACKAGE_MANAGER",
     "referenceLocator": "pkg:golang/github.com/go-kit/log@v0.2.1",
     "referenceType": "purl"
    }
   ],
   "filesAnalyzed": false,
   "licenseDeclared": "NONE",
   "sourceInfo": "acquired package info from go module information: /bin/operator",
   "versionInfo": "v0.2.1"
  },
  {
   "SPDXID": "SPDXRef-1115544f11d71431",
   "name": "github.com/go-logfmt/logfmt",
   "licenseConcluded": "NONE",
   "downloadLocation": "NOASSERTION",
   "externalRefs": [
    {
     "referenceCategory": "SECURITY",
     "referenceLocator": "cpe:2.3:a:go-logfmt:logfmt:v0.6.0:*:*:*:*:*:*:*",
     "referenceType": "cpe23Type"
    },
    {
     "referenceCategory": "SECURITY",
     "referenceLocator": "cpe:2.3:a:go_logfmt:logfmt:v0.6.0:*:*:*:*:*:*:*",
     "referenceType": "cpe23Type"
    },
    {
     "referenceCategory": "SECURITY",
     "referenceLocator": "cpe:2.3:a:go:logfmt:v0.6.0:*:*:*:*:*:*:*",
     "referenceType": "cpe23Type"
    },
    {
     "referenceCategory": "PACKAGE_MANAGER",
     "referenceLocator": "pkg:golang/github.com/go-logfmt/logfmt@v0.6.0",
     "referenceType": "purl"
    }
   ],
   "filesAnalyzed": false,
   "licenseDeclared": "NONE",
   "sourceInfo": "acquired package info from go module information: /bin/operator",
   "versionInfo": "v0.6.0"
  },
  {
   "SPDXID": "SPDXRef-255b3bdde69edf38",
   "name": "github.com/go-logr/logr",
   "licenseConcluded": "NONE",
   "downloadLocation": "NOASSERTION",
   "externalRefs": [
    {
     "referenceCategory": "SECURITY",
     "referenceLocator": "cpe:2.3:a:go-logr:logr:v1.2.4:*:*:*:*:*:*:*",
     "referenceType": "cpe23Type"
    },
    {
     "referenceCategory": "SECURITY",
     "referenceLocator": "cpe:2.3:a:go_logr:logr:v1.2.4:*:*:*:*:*:*:*",
     "referenceType": "cpe23Type"
    },
    {
     "referenceCategory": "SECURITY",
     "referenceLocator": "cpe:2.3:a:go:logr:v1.2.4:*:*:*:*:*:*:*",
     "referenceType": "cpe23Type"
    },
    {
     "referenceCategory": "PACKAGE_MANAGER",
     "referenceLocator": "pkg:golang/github.com/go-logr/logr@v1.2.4",
     "referenceType": "purl"
    }
   ],
   "filesAnalyzed": false,
   "licenseDeclared": "NONE",
   "sourceInfo": "acquired package info from go module information: /bin/operator",
   "versionInfo": "v1.2.4"
  },
  {
   "SPDXID": "SPDXRef-af23744340d630b",
   "name": "github.com/go-logr/stdr",
   "licenseConcluded": "NONE",
   "downloadLocation": "NOASSERTION",
   "externalRefs": [
    {
     "referenceCategory": "SECURITY",
     "referenceLocator": "cpe:2.3:a:go-logr:stdr:v1.2.2:*:*:*:*:*:*:*",
     "referenceType": "cpe23Type"
    },
    {
     "referenceCategory": "SECURITY",
     "referenceLocator": "cpe:2.3:a:go_logr:stdr:v1.2.2:*:*:*:*:*:*:*",
     "referenceType": "cpe23Type"
    },
    {
     "referenceCategory": "SECURITY",
     "referenceLocator": "cpe:2.3:a:go:stdr:v1.2.2:*:*:*:*:*:*:*",
     "referenceType": "cpe23Type"
    },
    {
     "referenceCategory": "PACKAGE_MANAGER",
     "referenceLocator": "pkg:golang/github.com/go-logr/stdr@v1.2.2",
     "referenceType": "purl"
    }
   ],
   "filesAnalyzed": false,
   "licenseDeclared": "NONE",
   "sourceInfo": "acquired package info from go module information: /bin/operator",
   "versionInfo": "v1.2.2"
  },
  {
   "SPDXID": "SPDXRef-7c7772e949c1b5ee",
   "name": "github.com/go-openapi/analysis",
   "licenseConcluded": "NONE",
   "downloadLocation": "NOASSERTION",
   "externalRefs": [
    {
     "referenceCategory": "SECURITY",
     "referenceLocator": "cpe:2.3:a:go-openapi:analysis:v0.21.4:*:*:*:*:*:*:*",
     "referenceType": "cpe23Type"
    },
    {
     "referenceCategory": "SECURITY",
     "referenceLocator": "cpe:2.3:a:go_openapi:analysis:v0.21.4:*:*:*:*:*:*:*",
     "referenceType": "cpe23Type"
    },
    {
     "referenceCategory": "SECURITY",
     "referenceLocator": "cpe:2.3:a:go:analysis:v0.21.4:*:*:*:*:*:*:*",
     "referenceType": "cpe23Type"
    },
    {
     "referenceCategory": "PACKAGE_MANAGER",
     "referenceLocator": "pkg:golang/github.com/go-openapi/analysis@v0.21.4",
     "referenceType": "purl"
    }
   ],
   "filesAnalyzed": false,
   "licenseDeclared": "NONE",
   "sourceInfo": "acquired package info from go module information: /bin/operator",
   "versionInfo": "v0.21.4"
  },
  {
   "SPDXID": "SPDXRef-bd3a84af08e274f5",
   "name": "github.com/go-openapi/errors",
   "licenseConcluded": "NONE",
   "downloadLocation": "NOASSERTION",
   "externalRefs": [
    {
     "referenceCategory": "SECURITY",
     "referenceLocator": "cpe:2.3:a:go-openapi:errors:v0.20.3:*:*:*:*:*:*:*",
     "referenceType": "cpe23Type"
    },
    {
     "referenceCategory": "SECURITY",
     "referenceLocator": "cpe:2.3:a:go_openapi:errors:v0.20.3:*:*:*:*:*:*:*",
     "referenceType": "cpe23Type"
    },
    {
     "referenceCategory": "SECURITY",
     "referenceLocator": "cpe:2.3:a:go:errors:v0.20.3:*:*:*:*:*:*:*",
     "referenceType": "cpe23Type"
    },
    {
     "referenceCategory": "PACKAGE_MANAGER",
     "referenceLocator": "pkg:golang/github.com/go-openapi/errors@v0.20.3",
     "referenceType": "purl"
    }
   ],
   "filesAnalyzed": false,
   "licenseDeclared": "NONE",
   "sourceInfo": "acquired package info from go module information: /bin/operator",
   "versionInfo": "v0.20.3"
  },
  {
   "SPDXID": "SPDXRef-2c894ebaa2defe19",
   "name": "github.com/go-openapi/jsonpointer",
   "licenseConcluded": "NONE",
   "downloadLocation": "NOASSERTION",
   "externalRefs": [
    {
     "referenceCategory": "SECURITY",
     "referenceLocator": "cpe:2.3:a:go-openapi:jsonpointer:v0.19.6:*:*:*:*:*:*:*",
     "referenceType": "cpe23Type"
    },
    {
     "referenceCategory": "SECURITY",
     "referenceLocator": "cpe:2.3:a:go_openapi:jsonpointer:v0.19.6:*:*:*:*:*:*:*",
     "referenceType": "cpe23Type"
    },
    {
     "referenceCategory": "SECURITY",
     "referenceLocator": "cpe:2.3:a:go:jsonpointer:v0.19.6:*:*:*:*:*:*:*",
     "referenceType": "cpe23Type"
    },
    {
     "referenceCategory": "PACKAGE_MANAGER",
     "referenceLocator": "pkg:golang/github.com/go-openapi/jsonpointer@v0.19.6",
     "referenceType": "purl"
    }
   ],
   "filesAnalyzed": false,
   "licenseDeclared": "NONE",
   "sourceInfo": "acquired package info from go module information: /bin/operator",
   "versionInfo": "v0.19.6"
  },
  {
   "SPDXID": "SPDXRef-c8d970db8d358309",
   "name": "github.com/go-openapi/jsonreference",
   "licenseConcluded": "NONE",
   "downloadLocation": "NOASSERTION",
   "externalRefs": [
    {
     "referenceCategory": "SECURITY",
     "referenceLocator": "cpe:2.3:a:go-openapi:jsonreference:v0.20.2:*:*:*:*:*:*:*",
     "referenceType": "cpe23Type"
    },
    {
     "referenceCategory": "SECURITY",
     "referenceLocator": "cpe:2.3:a:go_openapi:jsonreference:v0.20.2:*:*:*:*:*:*:*",
     "referenceType": "cpe23Type"
    },
    {
     "referenceCategory": "SECURITY",
     "referenceLocator": "cpe:2.3:a:go:jsonreference:v0.20.2:*:*:*:*:*:*:*",
     "referenceType": "cpe23Type"
    },
    {
     "referenceCategory": "PACKAGE_MANAGER",
     "referenceLocator": "pkg:golang/github.com/go-openapi/jsonreference@v0.20.2",
     "referenceType": "purl"
    }
   ],
   "filesAnalyzed": false,
   "licenseDeclared": "NONE",
   "sourceInfo": "acquired package info from go module information: /bin/operator",
   "versionInfo": "v0.20.2"
  },
  {
   "SPDXID": "SPDXRef-c31881882df55a7c",
   "name": "github.com/go-openapi/loads",
   "licenseConcluded": "NONE",
   "downloadLocation": "NOASSERTION",
   "externalRefs": [
    {
     "referenceCategory": "SECURITY",
     "referenceLocator": "cpe:2.3:a:go-openapi:loads:v0.21.2:*:*:*:*:*:*:*",
     "referenceType": "cpe23Type"
    },
    {
     "referenceCategory": "SECURITY",
     "referenceLocator": "cpe:2.3:a:go_openapi:loads:v0.21.2:*:*:*:*:*:*:*",
     "referenceType": "cpe23Type"
    },
    {
     "referenceCategory": "SECURITY",
     "referenceLocator": "cpe:2.3:a:go:loads:v0.21.2:*:*:*:*:*:*:*",
     "referenceType": "cpe23Type"
    },
    {
     "referenceCategory": "PACKAGE_MANAGER",
     "referenceLocator": "pkg:golang/github.com/go-openapi/loads@v0.21.2",
     "referenceType": "purl"
    }
   ],
   "filesAnalyzed": false,
   "licenseDeclared": "NONE",
   "sourceInfo": "acquired package info from go module information: /bin/operator",
   "versionInfo": "v0.21.2"
  },
  {
   "SPDXID": "SPDXRef-b3bc8c1a219ab11a",
   "name": "github.com/go-openapi/runtime",
   "licenseConcluded": "NONE",
   "downloadLocation": "NOASSERTION",
   "externalRefs": [
    {
     "referenceCategory": "SECURITY",
     "referenceLocator": "cpe:2.3:a:go-openapi:runtime:v0.25.0:*:*:*:*:*:*:*",
     "referenceType": "cpe23Type"
    },
    {
     "referenceCategory": "SECURITY",
     "referenceLocator": "cpe:2.3:a:go_openapi:runtime:v0.25.0:*:*:*:*:*:*:*",
     "referenceType": "cpe23Type"
    },
    {
     "referenceCategory": "SECURITY",
     "referenceLocator": "cpe:2.3:a:go:runtime:v0.25.0:*:*:*:*:*:*:*",
     "referenceType": "cpe23Type"
    },
    {
     "referenceCategory": "PACKAGE_MANAGER",
     "referenceLocator": "pkg:golang/github.com/go-openapi/runtime@v0.25.0",
     "referenceType": "purl"
    }
   ],
   "filesAnalyzed": false,
   "licenseDeclared": "NONE",
   "sourceInfo": "acquired package info from go module information: /bin/operator",
   "versionInfo": "v0.25.0"
  },
  {
   "SPDXID": "SPDXRef-99a9a5cc4efb321c",
   "name": "github.com/go-openapi/spec",
   "licenseConcluded": "NONE",
   "downloadLocation": "NOASSERTION",
   "externalRefs": [
    {
     "referenceCategory": "SECURITY",
     "referenceLocator": "cpe:2.3:a:go-openapi:spec:v0.20.8:*:*:*:*:*:*:*",
     "referenceType": "cpe23Type"
    },
    {
     "referenceCategory": "SECURITY",
     "referenceLocator": "cpe:2.3:a:go_openapi:spec:v0.20.8:*:*:*:*:*:*:*",
     "referenceType": "cpe23Type"
    },
    {
     "referenceCategory": "SECURITY",
     "referenceLocator": "cpe:2.3:a:go:spec:v0.20.8:*:*:*:*:*:*:*",
     "referenceType": "cpe23Type"
    },
    {
     "referenceCategory": "PACKAGE_MANAGER",
     "referenceLocator": "pkg:golang/github.com/go-openapi/spec@v0.20.8",
     "referenceType": "purl"
    }
   ],
   "filesAnalyzed": false,
   "licenseDeclared": "NONE",
   "sourceInfo": "acquired package info from go module information: /bin/operator",
   "versionInfo": "v0.20.8"
  },
  {
   "SPDXID": "SPDXRef-9017dd18e5b0f0a3",
   "name": "github.com/go-openapi/strfmt",
   "licenseConcluded": "NONE",
   "downloadLocation": "NOASSERTION",
   "externalRefs": [
    {
     "referenceCategory": "SECURITY",
     "referenceLocator": "cpe:2.3:a:go-openapi:strfmt:v0.21.3:*:*:*:*:*:*:*",
     "referenceType": "cpe23Type"
    },
    {
     "referenceCategory": "SECURITY",
     "referenceLocator": "cpe:2.3:a:go_openapi:strfmt:v0.21.3:*:*:*:*:*:*:*",
     "referenceType": "cpe23Type"
    },
    {
     "referenceCategory": "SECURITY",
     "referenceLocator": "cpe:2.3:a:go:strfmt:v0.21.3:*:*:*:*:*:*:*",
     "referenceType": "cpe23Type"
    },
    {
     "referenceCategory": "PACKAGE_MANAGER",
     "referenceLocator": "pkg:golang/github.com/go-openapi/strfmt@v0.21.3",
     "referenceType": "purl"
    }
   ],
   "filesAnalyzed": false,
   "licenseDeclared": "NONE",
   "sourceInfo": "acquired package info from go module information: /bin/operator",
   "versionInfo": "v0.21.3"
  },
  {
   "SPDXID": "SPDXRef-e63818baedc64430",
   "name": "github.com/go-openapi/swag",
   "licenseConcluded": "NONE",
   "downloadLocation": "NOASSERTION",
   "externalRefs": [
    {
     "referenceCategory": "SECURITY",
     "referenceLocator": "cpe:2.3:a:go-openapi:swag:v0.22.3:*:*:*:*:*:*:*",
     "referenceType": "cpe23Type"
    },
    {
     "referenceCategory": "SECURITY",
     "referenceLocator": "cpe:2.3:a:go_openapi:swag:v0.22.3:*:*:*:*:*:*:*",
     "referenceType": "cpe23Type"
    },
    {
     "referenceCategory": "SECURITY",
     "referenceLocator": "cpe:2.3:a:go:swag:v0.22.3:*:*:*:*:*:*:*",
     "referenceType": "cpe23Type"
    },
    {
     "referenceCategory": "PACKAGE_MANAGER",
     "referenceLocator": "pkg:golang/github.com/go-openapi/swag@v0.22.3",
     "referenceType": "purl"
    }
   ],
   "filesAnalyzed": false,
   "licenseDeclared": "NONE",
   "sourceInfo": "acquired package info from go module information: /bin/operator",
   "versionInfo": "v0.22.3"
  },
  {
   "SPDXID": "SPDXRef-989b673fbd855de6",
   "name": "github.com/go-openapi/validate",
   "licenseConcluded": "NONE",
   "downloadLocation": "NOASSERTION",
   "externalRefs": [
    {
     "referenceCategory": "SECURITY",
     "referenceLocator": "cpe:2.3:a:go-openapi:validate:v0.22.1:*:*:*:*:*:*:*",
     "referenceType": "cpe23Type"
    },
    {
     "referenceCategory": "SECURITY",
     "referenceLocator": "cpe:2.3:a:go_openapi:validate:v0.22.1:*:*:*:*:*:*:*",
     "referenceType": "cpe23Type"
    },
    {
     "referenceCategory": "SECURITY",
     "referenceLocator": "cpe:2.3:a:go:validate:v0.22.1:*:*:*:*:*:*:*",
     "referenceType": "cpe23Type"
    },
    {
     "referenceCategory": "PACKAGE_MANAGER",
     "referenceLocator": "pkg:golang/github.com/go-openapi/validate@v0.22.1",
     "referenceType": "purl"
    }
   ],
   "filesAnalyzed": false,
   "licenseDeclared": "NONE",
   "sourceInfo": "acquired package info from go module information: /bin/operator",
   "versionInfo": "v0.22.1"
  },
  {
   "SPDXID": "SPDXRef-2b0a2958eb93ca96",
   "name": "github.com/gogo/protobuf",
   "licenseConcluded": "NONE",
   "downloadLocation": "NOASSERTION",
   "externalRefs": [
    {
     "referenceCategory": "SECURITY",
     "referenceLocator": "cpe:2.3:a:gogo:protobuf:v1.3.2:*:*:*:*:*:*:*",
     "referenceType": "cpe23Type"
    },
    {
     "referenceCategory": "PACKAGE_MANAGER",
     "referenceLocator": "pkg:golang/github.com/gogo/protobuf@v1.3.2",
     "referenceType": "purl"
    }
   ],
   "filesAnalyzed": false,
   "licenseDeclared": "NONE",
   "sourceInfo": "acquired package info from go module information: /bin/operator",
   "versionInfo": "v1.3.2"
  },
  {
   "SPDXID": "SPDXRef-224a72b5de07cdb5",
   "name": "github.com/golang/protobuf",
   "licenseConcluded": "NONE",
   "downloadLocation": "NOASSERTION",
   "externalRefs": [
    {
     "referenceCategory": "SECURITY",
     "referenceLocator": "cpe:2.3:a:golang:protobuf:v1.5.3:*:*:*:*:*:*:*",
     "referenceType": "cpe23Type"
    },
    {
     "referenceCategory": "PACKAGE_MANAGER",
     "referenceLocator": "pkg:golang/github.com/golang/protobuf@v1.5.3",
     "referenceType": "purl"
    }
   ],
   "filesAnalyzed": false,
   "licenseDeclared": "NONE",
   "sourceInfo": "acquired package info from go module information: /bin/operator",
   "versionInfo": "v1.5.3"
  },
  {
   "SPDXID": "SPDXRef-8f186d0d0ebd22fe",
   "name": "github.com/golang/snappy",
   "licenseConcluded": "NONE",
   "downloadLocation": "NOASSERTION",
   "externalRefs": [
    {
     "referenceCategory": "SECURITY",
     "referenceLocator": "cpe:2.3:a:golang:snappy:v0.0.4:*:*:*:*:*:*:*",
     "referenceType": "cpe23Type"
    },
    {
     "referenceCategory": "PACKAGE_MANAGER",
     "referenceLocator": "pkg:golang/github.com/golang/snappy@v0.0.4",
     "referenceType": "purl"
    }
   ],
   "filesAnalyzed": false,
   "licenseDeclared": "NONE",
   "sourceInfo": "acquired package info from go module information: /bin/operator",
   "versionInfo": "v0.0.4"
  },
  {
   "SPDXID": "SPDXRef-89be0bd986c46a81",
   "name": "github.com/google/gnostic",
   "licenseConcluded": "NONE",
   "downloadLocation": "NOASSERTION",
   "externalRefs": [
    {
     "referenceCategory": "SECURITY",
     "referenceLocator": "cpe:2.3:a:google:gnostic:v0.6.9:*:*:*:*:*:*:*",
     "referenceType": "cpe23Type"
    },
    {
     "referenceCategory": "PACKAGE_MANAGER",
     "referenceLocator": "pkg:golang/github.com/google/gnostic@v0.6.9",
     "referenceType": "purl"
    }
   ],
   "filesAnalyzed": false,
   "licenseDeclared": "NONE",
   "sourceInfo": "acquired package info from go module information: /bin/operator",
   "versionInfo": "v0.6.9"
  },
  {
   "SPDXID": "SPDXRef-2e2976dcefb20ae4",
   "name": "github.com/google/go-cmp",
   "licenseConcluded": "NONE",
   "downloadLocation": "NOASSERTION",
   "externalRefs": [
    {
     "referenceCategory": "SECURITY",
     "referenceLocator": "cpe:2.3:a:google:go-cmp:v0.5.9:*:*:*:*:*:*:*",
     "referenceType": "cpe23Type"
    },
    {
     "referenceCategory": "SECURITY",
     "referenceLocator": "cpe:2.3:a:google:go_cmp:v0.5.9:*:*:*:*:*:*:*",
     "referenceType": "cpe23Type"
    },
    {
     "referenceCategory": "PACKAGE_MANAGER",
     "referenceLocator": "pkg:golang/github.com/google/go-cmp@v0.5.9",
     "referenceType": "purl"
    }
   ],
   "filesAnalyzed": false,
   "licenseDeclared": "NONE",
   "sourceInfo": "acquired package info from go module information: /bin/operator",
   "versionInfo": "v0.5.9"
  },
  {
   "SPDXID": "SPDXRef-e65a5920d135942e",
   "name": "github.com/google/gofuzz",
   "licenseConcluded": "NONE",
   "downloadLocation": "NOASSERTION",
   "externalRefs": [
    {
     "referenceCategory": "SECURITY",
     "referenceLocator": "cpe:2.3:a:google:gofuzz:v1.2.0:*:*:*:*:*:*:*",
     "referenceType": "cpe23Type"
    },
    {
     "referenceCategory": "PACKAGE_MANAGER",
     "referenceLocator": "pkg:golang/github.com/google/gofuzz@v1.2.0",
     "referenceType": "purl"
    }
   ],
   "filesAnalyzed": false,
   "licenseDeclared": "NONE",
   "sourceInfo": "acquired package info from go module information: /bin/operator",
   "versionInfo": "v1.2.0"
  },
  {
   "SPDXID": "SPDXRef-7066c17a2073dab",
   "name": "github.com/google/uuid",
   "licenseConcluded": "NONE",
   "downloadLocation": "NOASSERTION",
   "externalRefs": [
    {
     "referenceCategory": "SECURITY",
     "referenceLocator": "cpe:2.3:a:google:uuid:v1.3.0:*:*:*:*:*:*:*",
     "referenceType": "cpe23Type"
    },
    {
     "referenceCategory": "PACKAGE_MANAGER",
     "referenceLocator": "pkg:golang/github.com/google/uuid@v1.3.0",
     "referenceType": "purl"
    }
   ],
   "filesAnalyzed": false,
   "licenseDeclared": "NONE",
   "sourceInfo": "acquired package info from go module information: /bin/operator",
   "versionInfo": "v1.3.0"
  },
  {
   "SPDXID": "SPDXRef-f8d075bb65babffd",
   "name": "github.com/grafana/regexp",
   "licenseConcluded": "NONE",
   "downloadLocation": "NOASSERTION",
   "externalRefs": [
    {
     "referenceCategory": "SECURITY",
     "referenceLocator": "cpe:2.3:a:grafana:regexp:v0.0.0-20221122212121-6b5c0a4cb7fd:*:*:*:*:*:*:*",
     "referenceType": "cpe23Type"
    },
    {
     "referenceCategory": "PACKAGE_MANAGER",
     "referenceLocator": "pkg:golang/github.com/grafana/regexp@v0.0.0-20221122212121-6b5c0a4cb7fd",
     "referenceType": "purl"
    }
   ],
   "filesAnalyzed": false,
   "licenseDeclared": "NONE",
   "sourceInfo": "acquired package info from go module information: /bin/operator",
   "versionInfo": "v0.0.0-20221122212121-6b5c0a4cb7fd"
  },
  {
   "SPDXID": "SPDXRef-73f0dca5bc661b0c",
   "name": "github.com/imdario/mergo",
   "licenseConcluded": "NONE",
   "downloadLocation": "NOASSERTION",
   "externalRefs": [
    {
     "referenceCategory": "SECURITY",
     "referenceLocator": "cpe:2.3:a:imdario:mergo:v0.3.13:*:*:*:*:*:*:*",
     "referenceType": "cpe23Type"
    },
    {
     "referenceCategory": "PACKAGE_MANAGER",
     "referenceLocator": "pkg:golang/github.com/imdario/mergo@v0.3.13",
     "referenceType": "purl"
    }
   ],
   "filesAnalyzed": false,
   "licenseDeclared": "NONE",
   "sourceInfo": "acquired package info from go module information: /bin/operator",
   "versionInfo": "v0.3.13"
  },
  {
   "SPDXID": "SPDXRef-3f23728156bc2337",
   "name": "github.com/jmespath/go-jmespath",
   "licenseConcluded": "NONE",
   "downloadLocation": "NOASSERTION",
   "externalRefs": [
    {
     "referenceCategory": "SECURITY",
     "referenceLocator": "cpe:2.3:a:jmespath:go-jmespath:v0.4.0:*:*:*:*:*:*:*",
     "referenceType": "cpe23Type"
    },
    {
     "referenceCategory": "SECURITY",
     "referenceLocator": "cpe:2.3:a:jmespath:go_jmespath:v0.4.0:*:*:*:*:*:*:*",
     "referenceType": "cpe23Type"
    },
    {
     "referenceCategory": "PACKAGE_MANAGER",
     "referenceLocator": "pkg:golang/github.com/jmespath/go-jmespath@v0.4.0",
     "referenceType": "purl"
    }
   ],
   "filesAnalyzed": false,
   "licenseDeclared": "NONE",
   "sourceInfo": "acquired package info from go module information: /bin/operator",
   "versionInfo": "v0.4.0"
  },
  {
   "SPDXID": "SPDXRef-98147c5f8b4c424a",
   "name": "github.com/josharian/intern",
   "licenseConcluded": "NONE",
   "downloadLocation": "NOASSERTION",
   "externalRefs": [
    {
     "referenceCategory": "SECURITY",
     "referenceLocator": "cpe:2.3:a:josharian:intern:v1.0.0:*:*:*:*:*:*:*",
     "referenceType": "cpe23Type"
    },
    {
     "referenceCategory": "PACKAGE_MANAGER",
     "referenceLocator": "pkg:golang/github.com/josharian/intern@v1.0.0",
     "referenceType": "purl"
    }
   ],
   "filesAnalyzed": false,
   "licenseDeclared": "NONE",
   "sourceInfo": "acquired package info from go module information: /bin/operator",
   "versionInfo": "v1.0.0"
  },
  {
   "SPDXID": "SPDXRef-9a1d39e6822ee5d4",
   "name": "github.com/jpillora/backoff",
   "licenseConcluded": "NONE",
   "downloadLocation": "NOASSERTION",
   "externalRefs": [
    {
     "referenceCategory": "SECURITY",
     "referenceLocator": "cpe:2.3:a:jpillora:backoff:v1.0.0:*:*:*:*:*:*:*",
     "referenceType": "cpe23Type"
    },
    {
     "referenceCategory": "PACKAGE_MANAGER",
     "referenceLocator": "pkg:golang/github.com/jpillora/backoff@v1.0.0",
     "referenceType": "purl"
    }
   ],
   "filesAnalyzed": false,
   "licenseDeclared": "NONE",
   "sourceInfo": "acquired package info from go module information: /bin/operator",
   "versionInfo": "v1.0.0"
  },
  {
   "SPDXID": "SPDXRef-270a8c6c450556ba",
   "name": "github.com/json-iterator/go",
   "licenseConcluded": "NONE",
   "downloadLocation": "NOASSERTION",
   "externalRefs": [
    {
     "referenceCategory": "SECURITY",
     "referenceLocator": "cpe:2.3:a:json-iterator:go:v1.1.12:*:*:*:*:*:*:*",
     "referenceType": "cpe23Type"
    },
    {
     "referenceCategory": "SECURITY",
     "referenceLocator": "cpe:2.3:a:json_iterator:go:v1.1.12:*:*:*:*:*:*:*",
     "referenceType": "cpe23Type"
    },
    {
     "referenceCategory": "SECURITY",
     "referenceLocator": "cpe:2.3:a:json:go:v1.1.12:*:*:*:*:*:*:*",
     "referenceType": "cpe23Type"
    },
    {
     "referenceCategory": "PACKAGE_MANAGER",
     "referenceLocator": "pkg:golang/github.com/json-iterator/go@v1.1.12",
     "referenceType": "purl"
    }
   ],
   "filesAnalyzed": false,
   "licenseDeclared": "NONE",
   "sourceInfo": "acquired package info from go module information: /bin/operator",
   "versionInfo": "v1.1.12"
  },
  {
   "SPDXID": "SPDXRef-30c9ab64c10d7bae",
   "name": "github.com/mailru/easyjson",
   "licenseConcluded": "NONE",
   "downloadLocation": "NOASSERTION",
   "externalRefs": [
    {
     "referenceCategory": "SECURITY",
     "referenceLocator": "cpe:2.3:a:mailru:easyjson:v0.7.7:*:*:*:*:*:*:*",
     "referenceType": "cpe23Type"
    },
    {
     "referenceCategory": "PACKAGE_MANAGER",
     "referenceLocator": "pkg:golang/github.com/mailru/easyjson@v0.7.7",
     "referenceType": "purl"
    }
   ],
   "filesAnalyzed": false,
   "licenseDeclared": "NONE",
   "sourceInfo": "acquired package info from go module information: /bin/operator",
   "versionInfo": "v0.7.7"
  },
  {
   "SPDXID": "SPDXRef-49d23c4bf0abad5c",
   "name": "github.com/matttproud/golang_protobuf_extensions",
   "licenseConcluded": "NONE",
   "downloadLocation": "NOASSERTION",
   "externalRefs": [
    {
     "referenceCategory": "SECURITY",
     "referenceLocator": "cpe:2.3:a:matttproud:golang-protobuf-extensions:v1.0.4:*:*:*:*:*:*:*",
     "referenceType": "cpe23Type"
    },
    {
     "referenceCategory": "SECURITY",
     "referenceLocator": "cpe:2.3:a:matttproud:golang_protobuf_extensions:v1.0.4:*:*:*:*:*:*:*",
     "referenceType": "cpe23Type"
    },
    {
     "referenceCategory": "PACKAGE_MANAGER",
     "referenceLocator": "pkg:golang/github.com/matttproud/golang_protobuf_extensions@v1.0.4",
     "referenceType": "purl"
    }
   ],
   "filesAnalyzed": false,
   "licenseDeclared": "NONE",
   "sourceInfo": "acquired package info from go module information: /bin/operator",
   "versionInfo": "v1.0.4"
  },
  {
   "SPDXID": "SPDXRef-329b46daac664cd6",
   "name": "github.com/metalmatze/signal",
   "licenseConcluded": "NONE",
   "downloadLocation": "NOASSERTION",
   "externalRefs": [
    {
     "referenceCategory": "SECURITY",
     "referenceLocator": "cpe:2.3:a:metalmatze:signal:v0.0.0-20210307161603-1c9aa721a97a:*:*:*:*:*:*:*",
     "referenceType": "cpe23Type"
    },
    {
     "referenceCategory": "PACKAGE_MANAGER",
     "referenceLocator": "pkg:golang/github.com/metalmatze/signal@v0.0.0-20210307161603-1c9aa721a97a",
     "referenceType": "purl"
    }
   ],
   "filesAnalyzed": false,
   "licenseDeclared": "NONE",
   "sourceInfo": "acquired package info from go module information: /bin/operator",
   "versionInfo": "v0.0.0-20210307161603-1c9aa721a97a"
  },
  {
   "SPDXID": "SPDXRef-503ee4ac71646071",
   "name": "github.com/mitchellh/hashstructure",
   "licenseConcluded": "NONE",
   "downloadLocation": "NOASSERTION",
   "externalRefs": [
    {
     "referenceCategory": "SECURITY",
     "referenceLocator": "cpe:2.3:a:mitchellh:hashstructure:v1.1.0:*:*:*:*:*:*:*",
     "referenceType": "cpe23Type"
    },
    {
     "referenceCategory": "PACKAGE_MANAGER",
     "referenceLocator": "pkg:golang/github.com/mitchellh/hashstructure@v1.1.0",
     "referenceType": "purl"
    }
   ],
   "filesAnalyzed": false,
   "licenseDeclared": "NONE",
   "sourceInfo": "acquired package info from go module information: /bin/operator",
   "versionInfo": "v1.1.0"
  },
  {
   "SPDXID": "SPDXRef-fd3f81704baa171e",
   "name": "github.com/mitchellh/mapstructure",
   "licenseConcluded": "NONE",
   "downloadLocation": "NOASSERTION",
   "externalRefs": [
    {
     "referenceCategory": "SECURITY",
     "referenceLocator": "cpe:2.3:a:mitchellh:mapstructure:v1.5.0:*:*:*:*:*:*:*",
     "referenceType": "cpe23Type"
    },
    {
     "referenceCategory": "PACKAGE_MANAGER",
     "referenceLocator": "pkg:golang/github.com/mitchellh/mapstructure@v1.5.0",
     "referenceType": "purl"
    }
   ],
   "filesAnalyzed": false,
   "licenseDeclared": "NONE",
   "sourceInfo": "acquired package info from go module information: /bin/operator",
   "versionInfo": "v1.5.0"
  },
  {
   "SPDXID": "SPDXRef-8447187af663533e",
   "name": "github.com/modern-go/concurrent",
   "licenseConcluded": "NONE",
   "downloadLocation": "NOASSERTION",
   "externalRefs": [
    {
     "referenceCategory": "SECURITY",
     "referenceLocator": "cpe:2.3:a:modern-go:concurrent:v0.0.0-20180306012644-bacd9c7ef1dd:*:*:*:*:*:*:*",
     "referenceType": "cpe23Type"
    },
    {
     "referenceCategory": "SECURITY",
     "referenceLocator": "cpe:2.3:a:modern_go:concurrent:v0.0.0-20180306012644-bacd9c7ef1dd:*:*:*:*:*:*:*",
     "referenceType": "cpe23Type"
    },
    {
     "referenceCategory": "SECURITY",
     "referenceLocator": "cpe:2.3:a:modern:concurrent:v0.0.0-20180306012644-bacd9c7ef1dd:*:*:*:*:*:*:*",
     "referenceType": "cpe23Type"
    },
    {
     "referenceCategory": "PACKAGE_MANAGER",
     "referenceLocator": "pkg:golang/github.com/modern-go/concurrent@v0.0.0-20180306012644-bacd9c7ef1dd",
     "referenceType": "purl"
    }
   ],
   "filesAnalyzed": false,
   "licenseDeclared": "NONE",
   "sourceInfo": "acquired package info from go module information: /bin/operator",
   "versionInfo": "v0.0.0-20180306012644-bacd9c7ef1dd"
  },
  {
   "SPDXID": "SPDXRef-6515cfd39e8678fc",
   "name": "github.com/modern-go/reflect2",
   "licenseConcluded": "NONE",
   "downloadLocation": "NOASSERTION",
   "externalRefs": [
    {
     "referenceCategory": "SECURITY",
     "referenceLocator": "cpe:2.3:a:modern-go:reflect2:v1.0.2:*:*:*:*:*:*:*",
     "referenceType": "cpe23Type"
    },
    {
     "referenceCategory": "SECURITY",
     "referenceLocator": "cpe:2.3:a:modern_go:reflect2:v1.0.2:*:*:*:*:*:*:*",
     "referenceType": "cpe23Type"
    },
    {
     "referenceCategory": "SECURITY",
     "referenceLocator": "cpe:2.3:a:modern:reflect2:v1.0.2:*:*:*:*:*:*:*",
     "referenceType": "cpe23Type"
    },
    {
     "referenceCategory": "PACKAGE_MANAGER",
     "referenceLocator": "pkg:golang/github.com/modern-go/reflect2@v1.0.2",
     "referenceType": "purl"
    }
   ],
   "filesAnalyzed": false,
   "licenseDeclared": "NONE",
   "sourceInfo": "acquired package info from go module information: /bin/operator",
   "versionInfo": "v1.0.2"
  },
  {
   "SPDXID": "SPDXRef-1de438b3c5723828",
   "name": "github.com/munnerz/goautoneg",
   "licenseConcluded": "NONE",
   "downloadLocation": "NOASSERTION",
   "externalRefs": [
    {
     "referenceCategory": "SECURITY",
     "referenceLocator": "cpe:2.3:a:munnerz:goautoneg:v0.0.0-20191010083416-a7dc8b61c822:*:*:*:*:*:*:*",
     "referenceType": "cpe23Type"
    },
    {
     "referenceCategory": "PACKAGE_MANAGER",
     "referenceLocator": "pkg:golang/github.com/munnerz/goautoneg@v0.0.0-20191010083416-a7dc8b61c822",
     "referenceType": "purl"
    }
   ],
   "filesAnalyzed": false,
   "licenseDeclared": "NONE",
   "sourceInfo": "acquired package info from go module information: /bin/operator",
   "versionInfo": "v0.0.0-20191010083416-a7dc8b61c822"
  },
  {
   "SPDXID": "SPDXRef-3cbc7dbeb4ce9c1d",
   "name": "github.com/mwitkow/go-conntrack",
   "licenseConcluded": "NONE",
   "downloadLocation": "NOASSERTION",
   "externalRefs": [
    {
     "referenceCategory": "SECURITY",
     "referenceLocator": "cpe:2.3:a:mwitkow:go-conntrack:v0.0.0-20190716064945-2f068394615f:*:*:*:*:*:*:*",
     "referenceType": "cpe23Type"
    },
    {
     "referenceCategory": "SECURITY",
     "referenceLocator": "cpe:2.3:a:mwitkow:go_conntrack:v0.0.0-20190716064945-2f068394615f:*:*:*:*:*:*:*",
     "referenceType": "cpe23Type"
    },
    {
     "referenceCategory": "PACKAGE_MANAGER",
     "referenceLocator": "pkg:golang/github.com/mwitkow/go-conntrack@v0.0.0-20190716064945-2f068394615f",
     "referenceType": "purl"
    }
   ],
   "filesAnalyzed": false,
   "licenseDeclared": "NONE",
   "sourceInfo": "acquired package info from go module information: /bin/operator",
   "versionInfo": "v0.0.0-20190716064945-2f068394615f"
  },
  {
   "SPDXID": "SPDXRef-a16af4ea7c549073",
   "name": "github.com/oklog/ulid",
   "licenseConcluded": "NONE",
   "downloadLocation": "NOASSERTION",
   "externalRefs": [
    {
     "referenceCategory": "SECURITY",
     "referenceLocator": "cpe:2.3:a:oklog:ulid:v1.3.1:*:*:*:*:*:*:*",
     "referenceType": "cpe23Type"
    },
    {
     "referenceCategory": "PACKAGE_MANAGER",
     "referenceLocator": "pkg:golang/github.com/oklog/ulid@v1.3.1",
     "referenceType": "purl"
    }
   ],
   "filesAnalyzed": false,
   "licenseDeclared": "NONE",
   "sourceInfo": "acquired package info from go module information: /bin/operator",
   "versionInfo": "v1.3.1"
  },
  {
   "SPDXID": "SPDXRef-f0ca257509e50905",
   "name": "github.com/opencontainers/go-digest",
   "licenseConcluded": "NONE",
   "downloadLocation": "NOASSERTION",
   "externalRefs": [
    {
     "referenceCategory": "SECURITY",
     "referenceLocator": "cpe:2.3:a:opencontainers:go-digest:v1.0.0:*:*:*:*:*:*:*",
     "referenceType": "cpe23Type"
    },
    {
     "referenceCategory": "SECURITY",
     "referenceLocator": "cpe:2.3:a:opencontainers:go_digest:v1.0.0:*:*:*:*:*:*:*",
     "referenceType": "cpe23Type"
    },
    {
     "referenceCategory": "PACKAGE_MANAGER",
     "referenceLocator": "pkg:golang/github.com/opencontainers/go-digest@v1.0.0",
     "referenceType": "purl"
    }
   ],
   "filesAnalyzed": false,
   "licenseDeclared": "NONE",
   "sourceInfo": "acquired package info from go module information: /bin/operator",
   "versionInfo": "v1.0.0"
  },
  {
   "SPDXID": "SPDXRef-d364af601e6722ba",
   "name": "github.com/opentracing/opentracing-go",
   "licenseConcluded": "NONE",
   "downloadLocation": "NOASSERTION",
   "externalRefs": [
    {
     "referenceCategory": "SECURITY",
     "referenceLocator": "cpe:2.3:a:opentracing:opentracing-go:v1.2.0:*:*:*:*:*:*:*",
     "referenceType": "cpe23Type"
    },
    {
     "referenceCategory": "SECURITY",
     "referenceLocator": "cpe:2.3:a:opentracing:opentracing_go:v1.2.0:*:*:*:*:*:*:*",
     "referenceType": "cpe23Type"
    },
    {
     "referenceCategory": "PACKAGE_MANAGER",
     "referenceLocator": "pkg:golang/github.com/opentracing/opentracing-go@v1.2.0",
     "referenceType": "purl"
    }
   ],
   "filesAnalyzed": false,
   "licenseDeclared": "NONE",
   "sourceInfo": "acquired package info from go module information: /bin/operator",
   "versionInfo": "v1.2.0"
  },
  {
   "SPDXID": "SPDXRef-97c970fafbfa8ee4",
   "name": "github.com/pkg/errors",
   "licenseConcluded": "NONE",
   "downloadLocation": "NOASSERTION",
   "externalRefs": [
    {
     "referenceCategory": "SECURITY",
     "referenceLocator": "cpe:2.3:a:pkg:errors:v0.9.1:*:*:*:*:*:*:*",
     "referenceType": "cpe23Type"
    },
    {
     "referenceCategory": "PACKAGE_MANAGER",
     "referenceLocator": "pkg:golang/github.com/pkg/errors@v0.9.1",
     "referenceType": "purl"
    }
   ],
   "filesAnalyzed": false,
   "licenseDeclared": "NONE",
   "sourceInfo": "acquired package info from go module information: /bin/operator",
   "versionInfo": "v0.9.1"
  },
  {
   "SPDXID": "SPDXRef-b63efd21508ebaba",
   "name": "github.com/pmezard/go-difflib",
   "licenseConcluded": "NONE",
   "downloadLocation": "NOASSERTION",
   "externalRefs": [
    {
     "referenceCategory": "SECURITY",
     "referenceLocator": "cpe:2.3:a:pmezard:go-difflib:v1.0.1-0.20181226105442-5d4384ee4fb2:*:*:*:*:*:*:*",
     "referenceType": "cpe23Type"
    },
    {
     "referenceCategory": "SECURITY",
     "referenceLocator": "cpe:2.3:a:pmezard:go_difflib:v1.0.1-0.20181226105442-5d4384ee4fb2:*:*:*:*:*:*:*",
     "referenceType": "cpe23Type"
    },
    {
     "referenceCategory": "PACKAGE_MANAGER",
     "referenceLocator": "pkg:golang/github.com/pmezard/go-difflib@v1.0.1-0.20181226105442-5d4384ee4fb2",
     "referenceType": "purl"
    }
   ],
   "filesAnalyzed": false,
   "licenseDeclared": "NONE",
   "sourceInfo": "acquired package info from go module information: /bin/operator",
   "versionInfo": "v1.0.1-0.20181226105442-5d4384ee4fb2"
  },
  {
   "SPDXID": "SPDXRef-fb0adc2c482a36ab",
   "name": "github.com/prometheus-community/prom-label-proxy",
   "licenseConcluded": "NONE",
   "downloadLocation": "NOASSERTION",
   "externalRefs": [
    {
     "referenceCategory": "SECURITY",
     "referenceLocator": "cpe:2.3:a:prometheus-community:prom-label-proxy:v0.6.0:*:*:*:*:*:*:*",
     "referenceType": "cpe23Type"
    },
    {
     "referenceCategory": "SECURITY",
     "referenceLocator": "cpe:2.3:a:prometheus-community:prom_label_proxy:v0.6.0:*:*:*:*:*:*:*",
     "referenceType": "cpe23Type"
    },
    {
     "referenceCategory": "SECURITY",
     "referenceLocator": "cpe:2.3:a:prometheus_community:prom-label-proxy:v0.6.0:*:*:*:*:*:*:*",
     "referenceType": "cpe23Type"
    },
    {
     "referenceCategory": "SECURITY",
     "referenceLocator": "cpe:2.3:a:prometheus_community:prom_label_proxy:v0.6.0:*:*:*:*:*:*:*",
     "referenceType": "cpe23Type"
    },
    {
     "referenceCategory": "SECURITY",
     "referenceLocator": "cpe:2.3:a:prometheus:prom-label-proxy:v0.6.0:*:*:*:*:*:*:*",
     "referenceType": "cpe23Type"
    },
    {
     "referenceCategory": "SECURITY",
     "referenceLocator": "cpe:2.3:a:prometheus:prom_label_proxy:v0.6.0:*:*:*:*:*:*:*",
     "referenceType": "cpe23Type"
    },
    {
     "referenceCategory": "PACKAGE_MANAGER",
     "referenceLocator": "pkg:golang/github.com/prometheus-community/prom-label-proxy@v0.6.0",
     "referenceType": "purl"
    }
   ],
   "filesAnalyzed": false,
   "licenseDeclared": "NONE",
   "sourceInfo": "acquired package info from go module information: /bin/operator",
   "versionInfo": "v0.6.0"
  },
  {
   "SPDXID": "SPDXRef-e5c6b67568eb3823",
   "name": "github.com/prometheus-operator/prometheus-operator",
   "licenseConcluded": "NONE",
   "downloadLocation": "NOASSERTION",
   "externalRefs": [
    {
     "referenceCategory": "SECURITY",
     "referenceLocator": "cpe:2.3:a:prometheus-operator:prometheus-operator:\\(devel\\):*:*:*:*:*:*:*",
     "referenceType": "cpe23Type"
    },
    {
     "referenceCategory": "SECURITY",
     "referenceLocator": "cpe:2.3:a:prometheus-operator:prometheus_operator:\\(devel\\):*:*:*:*:*:*:*",
     "referenceType": "cpe23Type"
    },
    {
     "referenceCategory": "SECURITY",
     "referenceLocator": "cpe:2.3:a:prometheus_operator:prometheus-operator:\\(devel\\):*:*:*:*:*:*:*",
     "referenceType": "cpe23Type"
    },
    {
     "referenceCategory": "SECURITY",
     "referenceLocator": "cpe:2.3:a:prometheus_operator:prometheus_operator:\\(devel\\):*:*:*:*:*:*:*",
     "referenceType": "cpe23Type"
    },
    {
     "referenceCategory": "SECURITY",
     "referenceLocator": "cpe:2.3:a:prometheus:prometheus-operator:\\(devel\\):*:*:*:*:*:*:*",
     "referenceType": "cpe23Type"
    },
    {
     "referenceCategory": "SECURITY",
     "referenceLocator": "cpe:2.3:a:prometheus:prometheus_operator:\\(devel\\):*:*:*:*:*:*:*",
     "referenceType": "cpe23Type"
    },
    {
     "referenceCategory": "PACKAGE_MANAGER",
     "referenceLocator": "pkg:golang/github.com/prometheus-operator/prometheus-operator@(devel)",
     "referenceType": "purl"
    }
   ],
   "filesAnalyzed": false,
   "licenseDeclared": "NONE",
   "sourceInfo": "acquired package info from go module information: /bin/operator",
   "versionInfo": "(devel)"
  },
  {
   "SPDXID": "SPDXRef-4a695371957b68a5",
   "name": "github.com/prometheus/alertmanager",
   "licenseConcluded": "NONE",
   "downloadLocation": "NOASSERTION",
   "externalRefs": [
    {
     "referenceCategory": "SECURITY",
     "referenceLocator": "cpe:2.3:a:prometheus:alertmanager:v0.25.0:*:*:*:*:*:*:*",
     "referenceType": "cpe23Type"
    },
    {
     "referenceCategory": "PACKAGE_MANAGER",
     "referenceLocator": "pkg:golang/github.com/prometheus/alertmanager@v0.25.0",
     "referenceType": "purl"
    }
   ],
   "filesAnalyzed": false,
   "licenseDeclared": "NONE",
   "sourceInfo": "acquired package info from go module information: /bin/operator",
   "versionInfo": "v0.25.0"
  },
  {
   "SPDXID": "SPDXRef-25e9980ce2f46c78",
   "name": "github.com/prometheus/client_golang",
   "licenseConcluded": "NONE",
   "downloadLocation": "NOASSERTION",
   "externalRefs": [
    {
     "referenceCategory": "SECURITY",
     "referenceLocator": "cpe:2.3:a:prometheus:client-golang:v1.15.1:*:*:*:*:*:*:*",
     "referenceType": "cpe23Type"
    },
    {
     "referenceCategory": "SECURITY",
     "referenceLocator": "cpe:2.3:a:prometheus:client_golang:v1.15.1:*:*:*:*:*:*:*",
     "referenceType": "cpe23Type"
    },
    {
     "referenceCategory": "PACKAGE_MANAGER",
     "referenceLocator": "pkg:golang/github.com/prometheus/client_golang@v1.15.1",
     "referenceType": "purl"
    }
   ],
   "filesAnalyzed": false,
   "licenseDeclared": "NONE",
   "sourceInfo": "acquired package info from go module information: /bin/operator",
   "versionInfo": "v1.15.1"
  },
  {
   "SPDXID": "SPDXRef-13160a4fdba713f2",
   "name": "github.com/prometheus/client_model",
   "licenseConcluded": "NONE",
   "downloadLocation": "NOASSERTION",
   "externalRefs": [
    {
     "referenceCategory": "SECURITY",
     "referenceLocator": "cpe:2.3:a:prometheus:client-model:v0.3.0:*:*:*:*:*:*:*",
     "referenceType": "cpe23Type"
    },
    {
     "referenceCategory": "SECURITY",
     "referenceLocator": "cpe:2.3:a:prometheus:client_model:v0.3.0:*:*:*:*:*:*:*",
     "referenceType": "cpe23Type"
    },
    {
     "referenceCategory": "PACKAGE_MANAGER",
     "referenceLocator": "pkg:golang/github.com/prometheus/client_model@v0.3.0",
     "referenceType": "purl"
    }
   ],
   "filesAnalyzed": false,
   "licenseDeclared": "NONE",
   "sourceInfo": "acquired package info from go module information: /bin/operator",
   "versionInfo": "v0.3.0"
  },
  {
   "SPDXID": "SPDXRef-90013987bbd3d2cd",
   "name": "github.com/prometheus/common",
   "licenseConcluded": "NONE",
   "downloadLocation": "NOASSERTION",
   "externalRefs": [
    {
     "referenceCategory": "SECURITY",
     "referenceLocator": "cpe:2.3:a:prometheus:common:v0.42.0:*:*:*:*:*:*:*",
     "referenceType": "cpe23Type"
    },
    {
     "referenceCategory": "PACKAGE_MANAGER",
     "referenceLocator": "pkg:golang/github.com/prometheus/common@v0.42.0",
     "referenceType": "purl"
    }
   ],
   "filesAnalyzed": false,
   "licenseDeclared": "NONE",
   "sourceInfo": "acquired package info from go module information: /bin/operator",
   "versionInfo": "v0.42.0"
  },
  {
   "SPDXID": "SPDXRef-f31876ef92932aaa",
   "name": "github.com/prometheus/common/sigv4",
   "licenseConcluded": "NONE",
   "downloadLocation": "NOASSERTION",
   "externalRefs": [
    {
     "referenceCategory": "SECURITY",
     "referenceLocator": "cpe:2.3:a:prometheus:common\\/sigv4:v0.1.0:*:*:*:*:*:*:*",
     "referenceType": "cpe23Type"
    },
    {
     "referenceCategory": "PACKAGE_MANAGER",
     "referenceLocator": "pkg:golang/github.com/prometheus/common/sigv4@v0.1.0",
     "referenceType": "purl"
    }
   ],
   "filesAnalyzed": false,
   "licenseDeclared": "NONE",
   "sourceInfo": "acquired package info from go module information: /bin/operator",
   "versionInfo": "v0.1.0"
  },
  {
   "SPDXID": "SPDXRef-14bcb1af40ffe889",
   "name": "github.com/prometheus/procfs",
   "licenseConcluded": "NONE",
   "downloadLocation": "NOASSERTION",
   "externalRefs": [
    {
     "referenceCategory": "SECURITY",
     "referenceLocator": "cpe:2.3:a:prometheus:procfs:v0.9.0:*:*:*:*:*:*:*",
     "referenceType": "cpe23Type"
    },
    {
     "referenceCategory": "PACKAGE_MANAGER",
     "referenceLocator": "pkg:golang/github.com/prometheus/procfs@v0.9.0",
     "referenceType": "purl"
    }
   ],
   "filesAnalyzed": false,
   "licenseDeclared": "NONE",
   "sourceInfo": "acquired package info from go module information: /bin/operator",
   "versionInfo": "v0.9.0"
  },
  {
   "SPDXID": "SPDXRef-f9ee93376234c342",
   "name": "github.com/prometheus/prometheus",
   "licenseConcluded": "NONE",
   "downloadLocation": "NOASSERTION",
   "externalRefs": [
    {
     "referenceCategory": "SECURITY",
     "referenceLocator": "cpe:2.3:a:prometheus:prometheus:v0.43.0:*:*:*:*:*:*:*",
     "referenceType": "cpe23Type"
    },
    {
     "referenceCategory": "PACKAGE_MANAGER",
     "referenceLocator": "pkg:golang/github.com/prometheus/prometheus@v0.43.0",
     "referenceType": "purl"
    }
   ],
   "filesAnalyzed": false,
   "licenseDeclared": "NONE",
   "sourceInfo": "acquired package info from go module information: /bin/operator",
   "versionInfo": "v0.43.0"
  },
  {
   "SPDXID": "SPDXRef-47f464def3d1f971",
   "name": "github.com/simonpasquier/klog-gokit/v3",
   "licenseConcluded": "NONE",
   "downloadLocation": "NOASSERTION",
   "externalRefs": [
    {
     "referenceCategory": "SECURITY",
     "referenceLocator": "cpe:2.3:a:simonpasquier:klog-gokit\\/v3:v3.3.0:*:*:*:*:*:*:*",
     "referenceType": "cpe23Type"
    },
    {
     "referenceCategory": "SECURITY",
     "referenceLocator": "cpe:2.3:a:simonpasquier:klog_gokit\\/v3:v3.3.0:*:*:*:*:*:*:*",
     "referenceType": "cpe23Type"
    },
    {
     "referenceCategory": "PACKAGE_MANAGER",
     "referenceLocator": "pkg:golang/github.com/simonpasquier/klog-gokit/v3@v3.3.0",
     "referenceType": "purl"
    }
   ],
   "filesAnalyzed": false,
   "licenseDeclared": "NONE",
   "sourceInfo": "acquired package info from go module information: /bin/operator",
   "versionInfo": "v3.3.0"
  },
  {
   "SPDXID": "SPDXRef-2aadd6eb86b35a77",
   "name": "github.com/spf13/cobra",
   "licenseConcluded": "NONE",
   "downloadLocation": "NOASSERTION",
   "externalRefs": [
    {
     "referenceCategory": "SECURITY",
     "referenceLocator": "cpe:2.3:a:spf13:cobra:v1.6.1:*:*:*:*:*:*:*",
     "referenceType": "cpe23Type"
    },
    {
     "referenceCategory": "PACKAGE_MANAGER",
     "referenceLocator": "pkg:golang/github.com/spf13/cobra@v1.6.1",
     "referenceType": "purl"
    }
   ],
   "filesAnalyzed": false,
   "licenseDeclared": "NONE",
   "sourceInfo": "acquired package info from go module information: /bin/operator",
   "versionInfo": "v1.6.1"
  },
  {
   "SPDXID": "SPDXRef-c4f43be43fd90d87",
   "name": "github.com/spf13/pflag",
   "licenseConcluded": "NONE",
   "downloadLocation": "NOASSERTION",
   "externalRefs": [
    {
     "referenceCategory": "SECURITY",
     "referenceLocator": "cpe:2.3:a:spf13:pflag:v1.0.5:*:*:*:*:*:*:*",
     "referenceType": "cpe23Type"
    },
    {
     "referenceCategory": "PACKAGE_MANAGER",
     "referenceLocator": "pkg:golang/github.com/spf13/pflag@v1.0.5",
     "referenceType": "purl"
    }
   ],
   "filesAnalyzed": false,
   "licenseDeclared": "NONE",
   "sourceInfo": "acquired package info from go module information: /bin/operator",
   "versionInfo": "v1.0.5"
  },
  {
   "SPDXID": "SPDXRef-1873cf87989a21ff",
   "name": "github.com/stretchr/testify",
   "licenseConcluded": "NONE",
   "downloadLocation": "NOASSERTION",
   "externalRefs": [
    {
     "referenceCategory": "SECURITY",
     "referenceLocator": "cpe:2.3:a:stretchr:testify:v1.8.2:*:*:*:*:*:*:*",
     "referenceType": "cpe23Type"
    },
    {
     "referenceCategory": "PACKAGE_MANAGER",
     "referenceLocator": "pkg:golang/github.com/stretchr/testify@v1.8.2",
     "referenceType": "purl"
    }
   ],
   "filesAnalyzed": false,
   "licenseDeclared": "NONE",
   "sourceInfo": "acquired package info from go module information: /bin/operator",
   "versionInfo": "v1.8.2"
  },
  {
   "SPDXID": "SPDXRef-80f166810e57f3f9",
   "name": "github.com/thanos-io/thanos",
   "licenseConcluded": "NONE",
   "downloadLocation": "NOASSERTION",
   "externalRefs": [
    {
     "referenceCategory": "SECURITY",
     "referenceLocator": "cpe:2.3:a:thanos-io:thanos:v0.31.0:*:*:*:*:*:*:*",
     "referenceType": "cpe23Type"
    },
    {
     "referenceCategory": "SECURITY",
     "referenceLocator": "cpe:2.3:a:thanos_io:thanos:v0.31.0:*:*:*:*:*:*:*",
     "referenceType": "cpe23Type"
    },
    {
     "referenceCategory": "SECURITY",
     "referenceLocator": "cpe:2.3:a:thanos:thanos:v0.31.0:*:*:*:*:*:*:*",
     "referenceType": "cpe23Type"
    },
    {
     "referenceCategory": "PACKAGE_MANAGER",
     "referenceLocator": "pkg:golang/github.com/thanos-io/thanos@v0.31.0",
     "referenceType": "purl"
    }
   ],
   "filesAnalyzed": false,
   "licenseDeclared": "NONE",
   "sourceInfo": "acquired package info from go module information: /bin/operator",
   "versionInfo": "v0.31.0"
  },
  {
   "SPDXID": "SPDXRef-d1f234a97b8f7c2a",
   "name": "github.com/xhit/go-str2duration/v2",
   "licenseConcluded": "NONE",
   "downloadLocation": "NOASSERTION",
   "externalRefs": [
    {
     "referenceCategory": "SECURITY",
     "referenceLocator": "cpe:2.3:a:xhit:go-str2duration\\/v2:v2.1.0:*:*:*:*:*:*:*",
     "referenceType": "cpe23Type"
    },
    {
     "referenceCategory": "SECURITY",
     "referenceLocator": "cpe:2.3:a:xhit:go_str2duration\\/v2:v2.1.0:*:*:*:*:*:*:*",
     "referenceType": "cpe23Type"
    },
    {
     "referenceCategory": "PACKAGE_MANAGER",
     "referenceLocator": "pkg:golang/github.com/xhit/go-str2duration/v2@v2.1.0",
     "referenceType": "purl"
    }
   ],
   "filesAnalyzed": false,
   "licenseDeclared": "NONE",
   "sourceInfo": "acquired package info from go module information: /bin/operator",
   "versionInfo": "v2.1.0"
  },
  {
   "SPDXID": "SPDXRef-96c3e6a4f24e3369",
   "name": "go.mongodb.org/mongo-driver",
   "licenseConcluded": "NONE",
   "downloadLocation": "NOASSERTION",
   "externalRefs": [
    {
     "referenceCategory": "PACKAGE_MANAGER",
     "referenceLocator": "pkg:golang/go.mongodb.org/mongo-driver@v1.11.2",
     "referenceType": "purl"
    }
   ],
   "filesAnalyzed": false,
   "licenseDeclared": "NONE",
   "sourceInfo": "acquired package info from go module information: /bin/operator",
   "versionInfo": "v1.11.2"
  },
  {
   "SPDXID": "SPDXRef-3615769ccb04bdd6",
   "name": "go.opentelemetry.io/otel",
   "licenseConcluded": "NONE",
   "downloadLocation": "NOASSERTION",
   "externalRefs": [
    {
     "referenceCategory": "PACKAGE_MANAGER",
     "referenceLocator": "pkg:golang/go.opentelemetry.io/otel@v1.14.0",
     "referenceType": "purl"
    }
   ],
   "filesAnalyzed": false,
   "licenseDeclared": "NONE",
   "sourceInfo": "acquired package info from go module information: /bin/operator",
   "versionInfo": "v1.14.0"
  },
  {
   "SPDXID": "SPDXRef-32adb9dd27dbb3e6",
   "name": "go.opentelemetry.io/otel/trace",
   "licenseConcluded": "NONE",
   "downloadLocation": "NOASSERTION",
   "externalRefs": [
    {
     "referenceCategory": "SECURITY",
     "referenceLocator": "cpe:2.3:a:otel:trace:v1.14.0:*:*:*:*:*:*:*",
     "referenceType": "cpe23Type"
    },
    {
     "referenceCategory": "PACKAGE_MANAGER",
     "referenceLocator": "pkg:golang/go.opentelemetry.io/otel/trace@v1.14.0",
     "referenceType": "purl"
    }
   ],
   "filesAnalyzed": false,
   "licenseDeclared": "NONE",
   "sourceInfo": "acquired package info from go module information: /bin/operator",
   "versionInfo": "v1.14.0"
  },
  {
   "SPDXID": "SPDXRef-392a0352d29313c8",
   "name": "go.uber.org/atomic",
   "licenseConcluded": "NONE",
   "downloadLocation": "NOASSERTION",
   "externalRefs": [
    {
     "referenceCategory": "PACKAGE_MANAGER",
     "referenceLocator": "pkg:golang/go.uber.org/atomic@v1.10.0",
     "referenceType": "purl"
    }
   ],
   "filesAnalyzed": false,
   "licenseDeclared": "NONE",
   "sourceInfo": "acquired package info from go module information: /bin/operator",
   "versionInfo": "v1.10.0"
  },
  {
   "SPDXID": "SPDXRef-7c2ecdcb6d86f314",
   "name": "go.uber.org/goleak",
   "licenseConcluded": "NONE",
   "downloadLocation": "NOASSERTION",
   "externalRefs": [
    {
     "referenceCategory": "PACKAGE_MANAGER",
     "referenceLocator": "pkg:golang/go.uber.org/goleak@v1.2.1",
     "referenceType": "purl"
    }
   ],
   "filesAnalyzed": false,
   "licenseDeclared": "NONE",
   "sourceInfo": "acquired package info from go module information: /bin/operator",
   "versionInfo": "v1.2.1"
  },
  {
   "SPDXID": "SPDXRef-f98b95d1f559d09d",
   "name": "go4.org/intern",
   "licenseConcluded": "NONE",
   "downloadLocation": "NOASSERTION",
   "externalRefs": [
    {
     "referenceCategory": "PACKAGE_MANAGER",
     "referenceLocator": "pkg:golang/go4.org/intern@v0.0.0-20220617035311-6925f38cc365",
     "referenceType": "purl"
    }
   ],
   "filesAnalyzed": false,
   "licenseDeclared": "NONE",
   "sourceInfo": "acquired package info from go module information: /bin/operator",
   "versionInfo": "v0.0.0-20220617035311-6925f38cc365"
  },
  {
   "SPDXID": "SPDXRef-f4f0dc4f4b064bbe",
   "name": "go4.org/unsafe/assume-no-moving-gc",
   "licenseConcluded": "NONE",
   "downloadLocation": "NOASSERTION",
   "externalRefs": [
    {
     "referenceCategory": "SECURITY",
     "referenceLocator": "cpe:2.3:a:unsafe:assume-no-moving-gc:v0.0.0-20230221090011-e4bae7ad2296:*:*:*:*:*:*:*",
     "referenceType": "cpe23Type"
    },
    {
     "referenceCategory": "SECURITY",
     "referenceLocator": "cpe:2.3:a:unsafe:assume_no_moving_gc:v0.0.0-20230221090011-e4bae7ad2296:*:*:*:*:*:*:*",
     "referenceType": "cpe23Type"
    },
    {
     "referenceCategory": "PACKAGE_MANAGER",
     "referenceLocator": "pkg:golang/go4.org/unsafe/assume-no-moving-gc@v0.0.0-20230221090011-e4bae7ad2296",
     "referenceType": "purl"
    }
   ],
   "filesAnalyzed": false,
   "licenseDeclared": "NONE",
   "sourceInfo": "acquired package info from go module information: /bin/operator",
   "versionInfo": "v0.0.0-20230221090011-e4bae7ad2296"
  },
  {
   "SPDXID": "SPDXRef-f0c2e8fdd2b56bf2",
   "name": "golang.org/x/exp",
   "licenseConcluded": "NONE",
   "downloadLocation": "NOASSERTION",
   "externalRefs": [
    {
     "referenceCategory": "SECURITY",
     "referenceLocator": "cpe:2.3:a:golang:x\\/exp:v0.0.0-20230425010034-47ecfdc1ba53:*:*:*:*:*:*:*",
     "referenceType": "cpe23Type"
    },
    {
     "referenceCategory": "PACKAGE_MANAGER",
     "referenceLocator": "pkg:golang/golang.org/x/exp@v0.0.0-20230425010034-47ecfdc1ba53",
     "referenceType": "purl"
    }
   ],
   "filesAnalyzed": false,
   "licenseDeclared": "NONE",
   "sourceInfo": "acquired package info from go module information: /bin/operator",
   "versionInfo": "v0.0.0-20230425010034-47ecfdc1ba53"
  },
  {
   "SPDXID": "SPDXRef-47fc099cb2cf0e2f",
   "name": "golang.org/x/net",
   "licenseConcluded": "NONE",
   "downloadLocation": "NOASSERTION",
   "externalRefs": [
    {
     "referenceCategory": "SECURITY",
     "referenceLocator": "cpe:2.3:a:golang:x\\/net:v0.9.0:*:*:*:*:*:*:*",
     "referenceType": "cpe23Type"
    },
    {
     "referenceCategory": "PACKAGE_MANAGER",
     "referenceLocator": "pkg:golang/golang.org/x/net@v0.9.0",
     "referenceType": "purl"
    }
   ],
   "filesAnalyzed": false,
   "licenseDeclared": "NONE",
   "sourceInfo": "acquired package info from go module information: /bin/operator",
   "versionInfo": "v0.9.0"
  },
  {
   "SPDXID": "SPDXRef-8e4040b30fe325e1",
   "name": "golang.org/x/oauth2",
   "licenseConcluded": "NONE",
   "downloadLocation": "NOASSERTION",
   "externalRefs": [
    {
     "referenceCategory": "SECURITY",
     "referenceLocator": "cpe:2.3:a:golang:x\\/oauth2:v0.7.0:*:*:*:*:*:*:*",
     "referenceType": "cpe23Type"
    },
    {
     "referenceCategory": "PACKAGE_MANAGER",
     "referenceLocator": "pkg:golang/golang.org/x/oauth2@v0.7.0",
     "referenceType": "purl"
    }
   ],
   "filesAnalyzed": false,
   "licenseDeclared": "NONE",
   "sourceInfo": "acquired package info from go module information: /bin/operator",
   "versionInfo": "v0.7.0"
  },
  {
   "SPDXID": "SPDXRef-118c4db87082c163",
   "name": "golang.org/x/sync",
   "licenseConcluded": "NONE",
   "downloadLocation": "NOASSERTION",
   "externalRefs": [
    {
     "referenceCategory": "SECURITY",
     "referenceLocator": "cpe:2.3:a:golang:x\\/sync:v0.1.0:*:*:*:*:*:*:*",
     "referenceType": "cpe23Type"
    },
    {
     "referenceCategory": "PACKAGE_MANAGER",
     "referenceLocator": "pkg:golang/golang.org/x/sync@v0.1.0",
     "referenceType": "purl"
    }
   ],
   "filesAnalyzed": false,
   "licenseDeclared": "NONE",
   "sourceInfo": "acquired package info from go module information: /bin/operator",
   "versionInfo": "v0.1.0"
  },
  {
   "SPDXID": "SPDXRef-6acf333b333e043",
   "name": "golang.org/x/sys",
   "licenseConcluded": "NONE",
   "downloadLocation": "NOASSERTION",
   "externalRefs": [
    {
     "referenceCategory": "SECURITY",
     "referenceLocator": "cpe:2.3:a:golang:x\\/sys:v0.7.0:*:*:*:*:*:*:*",
     "referenceType": "cpe23Type"
    },
    {
     "referenceCategory": "PACKAGE_MANAGER",
     "referenceLocator": "pkg:golang/golang.org/x/sys@v0.7.0",
     "referenceType": "purl"
    }
   ],
   "filesAnalyzed": false,
   "licenseDeclared": "NONE",
   "sourceInfo": "acquired package info from go module information: /bin/operator",
   "versionInfo": "v0.7.0"
  },
  {
   "SPDXID": "SPDXRef-97a5fad0496bc33e",
   "name": "golang.org/x/term",
   "licenseConcluded": "NONE",
   "downloadLocation": "NOASSERTION",
   "externalRefs": [
    {
     "referenceCategory": "SECURITY",
     "referenceLocator": "cpe:2.3:a:golang:x\\/term:v0.7.0:*:*:*:*:*:*:*",
     "referenceType": "cpe23Type"
    },
    {
     "referenceCategory": "PACKAGE_MANAGER",
     "referenceLocator": "pkg:golang/golang.org/x/term@v0.7.0",
     "referenceType": "purl"
    }
   ],
   "filesAnalyzed": false,
   "licenseDeclared": "NONE",
   "sourceInfo": "acquired package info from go module information: /bin/operator",
   "versionInfo": "v0.7.0"
  },
  {
   "SPDXID": "SPDXRef-30c6897eebf1cc38",
   "name": "golang.org/x/text",
   "licenseConcluded": "NONE",
   "downloadLocation": "NOASSERTION",
   "externalRefs": [
    {
     "referenceCategory": "SECURITY",
     "referenceLocator": "cpe:2.3:a:golang:x\\/text:v0.9.0:*:*:*:*:*:*:*",
     "referenceType": "cpe23Type"
    },
    {
     "referenceCategory": "PACKAGE_MANAGER",
     "referenceLocator": "pkg:golang/golang.org/x/text@v0.9.0",
     "referenceType": "purl"
    }
   ],
   "filesAnalyzed": false,
   "licenseDeclared": "NONE",
   "sourceInfo": "acquired package info from go module information: /bin/operator",
   "versionInfo": "v0.9.0"
  },
  {
   "SPDXID": "SPDXRef-ab1f09ee69618225",
   "name": "golang.org/x/time",
   "licenseConcluded": "NONE",
   "downloadLocation": "NOASSERTION",
   "externalRefs": [
    {
     "referenceCategory": "SECURITY",
     "referenceLocator": "cpe:2.3:a:golang:x\\/time:v0.3.0:*:*:*:*:*:*:*",
     "referenceType": "cpe23Type"
    },
    {
     "referenceCategory": "PACKAGE_MANAGER",
     "referenceLocator": "pkg:golang/golang.org/x/time@v0.3.0",
     "referenceType": "purl"
    }
   ],
   "filesAnalyzed": false,
   "licenseDeclared": "NONE",
   "sourceInfo": "acquired package info from go module information: /bin/operator",
   "versionInfo": "v0.3.0"
  },
  {
   "SPDXID": "SPDXRef-a9a5145b7a32d7e",
   "name": "google.golang.org/genproto",
   "licenseConcluded": "NONE",
   "downloadLocation": "NOASSERTION",
   "externalRefs": [
    {
     "referenceCategory": "SECURITY",
     "referenceLocator": "cpe:2.3:a:google:genproto:v0.0.0-20230306155012-7f2fa6fef1f4:*:*:*:*:*:*:*",
     "referenceType": "cpe23Type"
    },
    {
     "referenceCategory": "PACKAGE_MANAGER",
     "referenceLocator": "pkg:golang/google.golang.org/genproto@v0.0.0-20230306155012-7f2fa6fef1f4",
     "referenceType": "purl"
    }
   ],
   "filesAnalyzed": false,
   "licenseDeclared": "NONE",
   "sourceInfo": "acquired package info from go module information: /bin/operator",
   "versionInfo": "v0.0.0-20230306155012-7f2fa6fef1f4"
  },
  {
   "SPDXID": "SPDXRef-6202255e6715a35d",
   "name": "google.golang.org/grpc",
   "licenseConcluded": "NONE",
   "downloadLocation": "NOASSERTION",
   "externalRefs": [
    {
     "referenceCategory": "SECURITY",
     "referenceLocator": "cpe:2.3:a:google:grpc:v1.53.0:*:*:*:*:*:*:*",
     "referenceType": "cpe23Type"
    },
    {
     "referenceCategory": "PACKAGE_MANAGER",
     "referenceLocator": "pkg:golang/google.golang.org/grpc@v1.53.0",
     "referenceType": "purl"
    }
   ],
   "filesAnalyzed": false,
   "licenseDeclared": "NONE",
   "sourceInfo": "acquired package info from go module information: /bin/operator",
   "versionInfo": "v1.53.0"
  },
  {
   "SPDXID": "SPDXRef-b370c0bdb3e1502",
   "name": "google.golang.org/protobuf",
   "licenseConcluded": "NONE",
   "downloadLocation": "NOASSERTION",
   "externalRefs": [
    {
     "referenceCategory": "SECURITY",
     "referenceLocator": "cpe:2.3:a:google:protobuf:v1.30.0:*:*:*:*:*:*:*",
     "referenceType": "cpe23Type"
    },
    {
     "referenceCategory": "PACKAGE_MANAGER",
     "referenceLocator": "pkg:golang/google.golang.org/protobuf@v1.30.0",
     "referenceType": "purl"
    }
   ],
   "filesAnalyzed": false,
   "licenseDeclared": "NONE",
   "sourceInfo": "acquired package info from go module information: /bin/operator",
   "versionInfo": "v1.30.0"
  },
  {
   "SPDXID": "SPDXRef-e2da32f9a0a996cc",
   "name": "gopkg.in/inf.v0",
   "licenseConcluded": "NONE",
   "downloadLocation": "NOASSERTION",
   "externalRefs": [
    {
     "referenceCategory": "PACKAGE_MANAGER",
     "referenceLocator": "pkg:golang/gopkg.in/inf.v0@v0.9.1",
     "referenceType": "purl"
    }
   ],
   "filesAnalyzed": false,
   "licenseDeclared": "NONE",
   "sourceInfo": "acquired package info from go module information: /bin/operator",
   "versionInfo": "v0.9.1"
  },
  {
   "SPDXID": "SPDXRef-1b48199ebb79be76",
   "name": "gopkg.in/yaml.v2",
   "licenseConcluded": "NONE",
   "downloadLocation": "NOASSERTION",
   "externalRefs": [
    {
     "referenceCategory": "PACKAGE_MANAGER",
     "referenceLocator": "pkg:golang/gopkg.in/yaml.v2@v2.4.0",
     "referenceType": "purl"
    }
   ],
   "filesAnalyzed": false,
   "licenseDeclared": "NONE",
   "sourceInfo": "acquired package info from go module information: /bin/operator",
   "versionInfo": "v2.4.0"
  },
  {
   "SPDXID": "SPDXRef-1834ae12cd9c4872",
   "name": "gopkg.in/yaml.v3",
   "licenseConcluded": "NONE",
   "downloadLocation": "NOASSERTION",
   "externalRefs": [
    {
     "referenceCategory": "PACKAGE_MANAGER",
     "referenceLocator": "pkg:golang/gopkg.in/yaml.v3@v3.0.1",
     "referenceType": "purl"
    }
   ],
   "filesAnalyzed": false,
   "licenseDeclared": "NONE",
   "sourceInfo": "acquired package info from go module information: /bin/operator",
   "versionInfo": "v3.0.1"
  },
  {
   "SPDXID": "SPDXRef-503559a156525748",
   "name": "k8s.io/api",
   "licenseConcluded": "NONE",
   "downloadLocation": "NOASSERTION",
   "externalRefs": [
    {
     "referenceCategory": "PACKAGE_MANAGER",
     "referenceLocator": "pkg:golang/k8s.io/api@v0.27.1",
     "referenceType": "purl"
    }
   ],
   "filesAnalyzed": false,
   "licenseDeclared": "NONE",
   "sourceInfo": "acquired package info from go module information: /bin/operator",
   "versionInfo": "v0.27.1"
  },
  {
   "SPDXID": "SPDXRef-73bdbfbf8418a57f",
   "name": "k8s.io/apiextensions-apiserver",
   "licenseConcluded": "NONE",
   "downloadLocation": "NOASSERTION",
   "externalRefs": [
    {
     "referenceCategory": "PACKAGE_MANAGER",
     "referenceLocator": "pkg:golang/k8s.io/apiextensions-apiserver@v0.27.1",
     "referenceType": "purl"
    }
   ],
   "filesAnalyzed": false,
   "licenseDeclared": "NONE",
   "sourceInfo": "acquired package info from go module information: /bin/operator",
   "versionInfo": "v0.27.1"
  },
  {
   "SPDXID": "SPDXRef-a8599551ff3a89e5",
   "name": "k8s.io/apimachinery",
   "licenseConcluded": "NONE",
   "downloadLocation": "NOASSERTION",
   "externalRefs": [
    {
     "referenceCategory": "PACKAGE_MANAGER",
     "referenceLocator": "pkg:golang/k8s.io/apimachinery@v0.27.1",
     "referenceType": "purl"
    }
   ],
   "filesAnalyzed": false,
   "licenseDeclared": "NONE",
   "sourceInfo": "acquired package info from go module information: /bin/operator",
   "versionInfo": "v0.27.1"
  },
  {
   "SPDXID": "SPDXRef-b995e964b08b53b9",
   "name": "k8s.io/client-go",
   "licenseConcluded": "NONE",
   "downloadLocation": "NOASSERTION",
   "externalRefs": [
    {
     "referenceCategory": "PACKAGE_MANAGER",
     "referenceLocator": "pkg:golang/k8s.io/client-go@v0.27.1",
     "referenceType": "purl"
    }
   ],
   "filesAnalyzed": false,
   "licenseDeclared": "NONE",
   "sourceInfo": "acquired package info from go module information: /bin/operator",
   "versionInfo": "v0.27.1"
  },
  {
   "SPDXID": "SPDXRef-6777a27b4e13d56",
   "name": "k8s.io/component-base",
   "licenseConcluded": "NONE",
   "downloadLocation": "NOASSERTION",
   "externalRefs": [
    {
     "referenceCategory": "PACKAGE_MANAGER",
     "referenceLocator": "pkg:golang/k8s.io/component-base@v0.27.1",
     "referenceType": "purl"
    }
   ],
   "filesAnalyzed": false,
   "licenseDeclared": "NONE",
   "sourceInfo": "acquired package info from go module information: /bin/operator",
   "versionInfo": "v0.27.1"
  },
  {
   "SPDXID": "SPDXRef-1b88bb609494b241",
   "name": "k8s.io/kube-openapi",
   "licenseConcluded": "NONE",
   "downloadLocation": "NOASSERTION",
   "externalRefs": [
    {
     "referenceCategory": "PACKAGE_MANAGER",
     "referenceLocator": "pkg:golang/k8s.io/kube-openapi@v0.0.0-20230501164219-8b0f38b5fd1f",
     "referenceType": "purl"
    }
   ],
   "filesAnalyzed": false,
   "licenseDeclared": "NONE",
   "sourceInfo": "acquired package info from go module information: /bin/operator",
   "versionInfo": "v0.0.0-20230501164219-8b0f38b5fd1f"
  },
  {
   "SPDXID": "SPDXRef-77c6ce15b6fea66c",
   "name": "k8s.io/utils",
   "licenseConcluded": "NONE",
   "downloadLocation": "NOASSERTION",
   "externalRefs": [
    {
     "referenceCategory": "PACKAGE_MANAGER",
     "referenceLocator": "pkg:golang/k8s.io/utils@v0.0.0-20230406110748-d93618cff8a2",
     "referenceType": "purl"
    }
   ],
   "filesAnalyzed": false,
   "licenseDeclared": "NONE",
   "sourceInfo": "acquired package info from go module information: /bin/operator",
   "versionInfo": "v0.0.0-20230406110748-d93618cff8a2"
  },
  {
   "SPDXID": "SPDXRef-dd46de2ace3ee7a0",
   "name": "sigs.k8s.io/controller-runtime",
   "licenseConcluded": "NONE",
   "downloadLocation": "NOASSERTION",
   "externalRefs": [
    {
     "referenceCategory": "PACKAGE_MANAGER",
     "referenceLocator": "pkg:golang/sigs.k8s.io/controller-runtime@v0.14.6",
     "referenceType": "purl"
    }
   ],
   "filesAnalyzed": false,
   "licenseDeclared": "NONE",
   "sourceInfo": "acquired package info from go module information: /bin/operator",
   "versionInfo": "v0.14.6"
  },
  {
   "SPDXID": "SPDXRef-ffad43c539d1a399",
   "name": "sigs.k8s.io/json",
   "licenseConcluded": "NONE",
   "downloadLocation": "NOASSERTION",
   "externalRefs": [
    {
     "referenceCategory": "PACKAGE_MANAGER",
     "referenceLocator": "pkg:golang/sigs.k8s.io/json@v0.0.0-20221116044647-bc3834ca7abd",
     "referenceType": "purl"
    }
   ],
   "filesAnalyzed": false,
   "licenseDeclared": "NONE",
   "sourceInfo": "acquired package info from go module information: /bin/operator",
   "versionInfo": "v0.0.0-20221116044647-bc3834ca7abd"
  },
  {
   "SPDXID": "SPDXRef-49be6698031443c2",
   "name": "sigs.k8s.io/structured-merge-diff/v4",
   "licenseConcluded": "NONE",
   "downloadLocation": "NOASSERTION",
   "externalRefs": [
    {
     "referenceCategory": "SECURITY",
     "referenceLocator": "cpe:2.3:a:structured-merge-diff:v4:v4.2.3:*:*:*:*:*:*:*",
     "referenceType": "cpe23Type"
    },
    {
     "referenceCategory": "SECURITY",
     "referenceLocator": "cpe:2.3:a:structured_merge_diff:v4:v4.2.3:*:*:*:*:*:*:*",
     "referenceType": "cpe23Type"
    },
    {
     "referenceCategory": "SECURITY",
     "referenceLocator": "cpe:2.3:a:structured-merge:v4:v4.2.3:*:*:*:*:*:*:*",
     "referenceType": "cpe23Type"
    },
    {
     "referenceCategory": "SECURITY",
     "referenceLocator": "cpe:2.3:a:structured_merge:v4:v4.2.3:*:*:*:*:*:*:*",
     "referenceType": "cpe23Type"
    },
    {
     "referenceCategory": "SECURITY",
     "referenceLocator": "cpe:2.3:a:structured:v4:v4.2.3:*:*:*:*:*:*:*",
     "referenceType": "cpe23Type"
    },
    {
     "referenceCategory": "PACKAGE_MANAGER",
     "referenceLocator": "pkg:golang/sigs.k8s.io/structured-merge-diff/v4@v4.2.3",
     "referenceType": "purl"
    }
   ],
   "filesAnalyzed": false,
   "licenseDeclared": "NONE",
   "sourceInfo": "acquired package info from go module information: /bin/operator",
   "versionInfo": "v4.2.3"
  },
  {
   "SPDXID": "SPDXRef-b79c895560026d93",
   "name": "sigs.k8s.io/yaml",
   "licenseConcluded": "NONE",
   "downloadLocation": "NOASSERTION",
   "externalRefs": [
    {
     "referenceCategory": "PACKAGE_MANAGER",
     "referenceLocator": "pkg:golang/sigs.k8s.io/yaml@v1.3.0",
     "referenceType": "purl"
    }
   ],
   "filesAnalyzed": false,
   "licenseDeclared": "NONE",
   "sourceInfo": "acquired package info from go module information: /bin/operator",
   "versionInfo": "v1.3.0"
  }
 ]
}
