{
 "SPDXID": "SPDXRef-DOCUMENT",
 "name": "rgcrprod.azurecr.us/rancher/system-upgrade-controller-v0.13.1",
 "spdxVersion": "SPDX-2.2",
 "creationInfo": {
  "created": "2023-12-06T19:35:43.124582651Z",
  "creators": [
   "Organization: Anchore, Inc",
   "Tool: syft-0.53.4"
  ],
  "licenseListVersion": "3.17"
 },
 "dataLicense": "CC0-1.0",
 "documentNamespace": "https://anchore.com/syft/image/rgcrprod.azurecr.us/rancher/system-upgrade-controller-v0.13.1-15d42855-82dc-4e00-b3c3-7d6385b35c84",
 "packages": [
  {
   "SPDXID": "SPDXRef-e128e5bce3efd737",
   "name": "./pkg/apis",
   "licenseConcluded": "NONE",
   "downloadLocation": "NOASSERTION",
   "externalRefs": [
    {
     "referenceCategory": "SECURITY",
     "referenceLocator": "cpe:2.3:a:pkg:apis:\\(devel\\):*:*:*:*:*:*:*",
     "referenceType": "cpe23Type"
    },
    {
     "referenceCategory": "PACKAGE_MANAGER",
     "referenceLocator": "pkg:golang/./pkg/apis@(devel)",
     "referenceType": "purl"
    }
   ],
   "filesAnalyzed": false,
   "licenseDeclared": "NONE",
   "sourceInfo": "acquired package info from go module information: /bin/system-upgrade-controller",
   "versionInfo": "(devel)"
  },
  {
   "SPDXID": "SPDXRef-1d8c1b90029a2e5b",
   "name": "github.com/PuerkitoBio/purell",
   "licenseConcluded": "NONE",
   "downloadLocation": "NOASSERTION",
   "externalRefs": [
    {
     "referenceCategory": "SECURITY",
     "referenceLocator": "cpe:2.3:a:PuerkitoBio:purell:v1.1.1:*:*:*:*:*:*:*",
     "referenceType": "cpe23Type"
    },
    {
     "referenceCategory": "PACKAGE_MANAGER",
     "referenceLocator": "pkg:golang/github.com/PuerkitoBio/purell@v1.1.1",
     "referenceType": "purl"
    }
   ],
   "filesAnalyzed": false,
   "licenseDeclared": "NONE",
   "sourceInfo": "acquired package info from go module information: /bin/system-upgrade-controller",
   "versionInfo": "v1.1.1"
  },
  {
   "SPDXID": "SPDXRef-7d56ff77df28b975",
   "name": "github.com/PuerkitoBio/urlesc",
   "licenseConcluded": "NONE",
   "downloadLocation": "NOASSERTION",
   "externalRefs": [
    {
     "referenceCategory": "SECURITY",
     "referenceLocator": "cpe:2.3:a:PuerkitoBio:urlesc:v0.0.0-20170810143723-de5bf2ad4578:*:*:*:*:*:*:*",
     "referenceType": "cpe23Type"
    },
    {
     "referenceCategory": "PACKAGE_MANAGER",
     "referenceLocator": "pkg:golang/github.com/PuerkitoBio/urlesc@v0.0.0-20170810143723-de5bf2ad4578",
     "referenceType": "purl"
    }
   ],
   "filesAnalyzed": false,
   "licenseDeclared": "NONE",
   "sourceInfo": "acquired package info from go module information: /bin/system-upgrade-controller",
   "versionInfo": "v0.0.0-20170810143723-de5bf2ad4578"
  },
  {
   "SPDXID": "SPDXRef-3e60a6f49663effa",
   "name": "github.com/beorn7/perks",
   "licenseConcluded": "NONE",
   "downloadLocation": "NOASSERTION",
   "externalRefs": [
    {
     "referenceCategory": "SECURITY",
     "referenceLocator": "cpe:2.3:a:beorn7:perks:v1.0.1:*:*:*:*:*:*:*",
     "referenceType": "cpe23Type"
    },
    {
     "referenceCategory": "PACKAGE_MANAGER",
     "referenceLocator": "pkg:golang/github.com/beorn7/perks@v1.0.1",
     "referenceType": "purl"
    }
   ],
   "filesAnalyzed": false,
   "licenseDeclared": "NONE",
   "sourceInfo": "acquired package info from go module information: /bin/system-upgrade-controller",
   "versionInfo": "v1.0.1"
  },
  {
   "SPDXID": "SPDXRef-ea689134ac28a7f8",
   "name": "github.com/cespare/xxhash/v2",
   "licenseConcluded": "NONE",
   "downloadLocation": "NOASSERTION",
   "externalRefs": [
    {
     "referenceCategory": "SECURITY",
     "referenceLocator": "cpe:2.3:a:cespare:xxhash\\/v2:v2.1.2:*:*:*:*:*:*:*",
     "referenceType": "cpe23Type"
    },
    {
     "referenceCategory": "PACKAGE_MANAGER",
     "referenceLocator": "pkg:golang/github.com/cespare/xxhash/v2@v2.1.2",
     "referenceType": "purl"
    }
   ],
   "filesAnalyzed": false,
   "licenseDeclared": "NONE",
   "sourceInfo": "acquired package info from go module information: /bin/system-upgrade-controller",
   "versionInfo": "v2.1.2"
  },
  {
   "SPDXID": "SPDXRef-27d394b0c79b461b",
   "name": "github.com/cpuguy83/go-md2man/v2",
   "licenseConcluded": "NONE",
   "downloadLocation": "NOASSERTION",
   "externalRefs": [
    {
     "referenceCategory": "SECURITY",
     "referenceLocator": "cpe:2.3:a:cpuguy83:go-md2man\\/v2:v2.0.1:*:*:*:*:*:*:*",
     "referenceType": "cpe23Type"
    },
    {
     "referenceCategory": "SECURITY",
     "referenceLocator": "cpe:2.3:a:cpuguy83:go_md2man\\/v2:v2.0.1:*:*:*:*:*:*:*",
     "referenceType": "cpe23Type"
    },
    {
     "referenceCategory": "PACKAGE_MANAGER",
     "referenceLocator": "pkg:golang/github.com/cpuguy83/go-md2man/v2@v2.0.1",
     "referenceType": "purl"
    }
   ],
   "filesAnalyzed": false,
   "licenseDeclared": "NONE",
   "sourceInfo": "acquired package info from go module information: /bin/system-upgrade-controller",
   "versionInfo": "v2.0.1"
  },
  {
   "SPDXID": "SPDXRef-c59768ffaf39c4b5",
   "name": "github.com/davecgh/go-spew",
   "licenseConcluded": "NONE",
   "downloadLocation": "NOASSERTION",
   "externalRefs": [
    {
     "referenceCategory": "SECURITY",
     "referenceLocator": "cpe:2.3:a:davecgh:go-spew:v1.1.1:*:*:*:*:*:*:*",
     "referenceType": "cpe23Type"
    },
    {
     "referenceCategory": "SECURITY",
     "referenceLocator": "cpe:2.3:a:davecgh:go_spew:v1.1.1:*:*:*:*:*:*:*",
     "referenceType": "cpe23Type"
    },
    {
     "referenceCategory": "PACKAGE_MANAGER",
     "referenceLocator": "pkg:golang/github.com/davecgh/go-spew@v1.1.1",
     "referenceType": "purl"
    }
   ],
   "filesAnalyzed": false,
   "licenseDeclared": "NONE",
   "sourceInfo": "acquired package info from go module information: /bin/system-upgrade-controller",
   "versionInfo": "v1.1.1"
  },
  {
   "SPDXID": "SPDXRef-be3415599a97250",
   "name": "github.com/docker/distribution",
   "licenseConcluded": "NONE",
   "downloadLocation": "NOASSERTION",
   "externalRefs": [
    {
     "referenceCategory": "SECURITY",
     "referenceLocator": "cpe:2.3:a:docker:distribution:v2.8.2\\+incompatible:*:*:*:*:*:*:*",
     "referenceType": "cpe23Type"
    },
    {
     "referenceCategory": "PACKAGE_MANAGER",
     "referenceLocator": "pkg:golang/github.com/docker/distribution@v2.8.2+incompatible",
     "referenceType": "purl"
    }
   ],
   "filesAnalyzed": false,
   "licenseDeclared": "NONE",
   "sourceInfo": "acquired package info from go module information: /bin/system-upgrade-controller",
   "versionInfo": "v2.8.2+incompatible"
  },
  {
   "SPDXID": "SPDXRef-20081c3cf7ca999e",
   "name": "github.com/emicklei/go-restful/v3",
   "licenseConcluded": "NONE",
   "downloadLocation": "NOASSERTION",
   "externalRefs": [
    {
     "referenceCategory": "SECURITY",
     "referenceLocator": "cpe:2.3:a:emicklei:go-restful\\/v3:v3.8.0:*:*:*:*:*:*:*",
     "referenceType": "cpe23Type"
    },
    {
     "referenceCategory": "SECURITY",
     "referenceLocator": "cpe:2.3:a:emicklei:go_restful\\/v3:v3.8.0:*:*:*:*:*:*:*",
     "referenceType": "cpe23Type"
    },
    {
     "referenceCategory": "PACKAGE_MANAGER",
     "referenceLocator": "pkg:golang/github.com/emicklei/go-restful/v3@v3.8.0",
     "referenceType": "purl"
    }
   ],
   "filesAnalyzed": false,
   "licenseDeclared": "NONE",
   "sourceInfo": "acquired package info from go module information: /bin/system-upgrade-controller",
   "versionInfo": "v3.8.0"
  },
  {
   "SPDXID": "SPDXRef-2d1d960ec7efef6f",
   "name": "github.com/evanphx/json-patch",
   "licenseConcluded": "NONE",
   "downloadLocation": "NOASSERTION",
   "externalRefs": [
    {
     "referenceCategory": "SECURITY",
     "referenceLocator": "cpe:2.3:a:evanphx:json-patch:v4.12.0\\+incompatible:*:*:*:*:*:*:*",
     "referenceType": "cpe23Type"
    },
    {
     "referenceCategory": "SECURITY",
     "referenceLocator": "cpe:2.3:a:evanphx:json_patch:v4.12.0\\+incompatible:*:*:*:*:*:*:*",
     "referenceType": "cpe23Type"
    },
    {
     "referenceCategory": "PACKAGE_MANAGER",
     "referenceLocator": "pkg:golang/github.com/evanphx/json-patch@v4.12.0+incompatible",
     "referenceType": "purl"
    }
   ],
   "filesAnalyzed": false,
   "licenseDeclared": "NONE",
   "sourceInfo": "acquired package info from go module information: /bin/system-upgrade-controller",
   "versionInfo": "v4.12.0+incompatible"
  },
  {
   "SPDXID": "SPDXRef-f03952068d481ed8",
   "name": "github.com/ghodss/yaml",
   "licenseConcluded": "NONE",
   "downloadLocation": "NOASSERTION",
   "externalRefs": [
    {
     "referenceCategory": "SECURITY",
     "referenceLocator": "cpe:2.3:a:ghodss:yaml:v1.0.0:*:*:*:*:*:*:*",
     "referenceType": "cpe23Type"
    },
    {
     "referenceCategory": "PACKAGE_MANAGER",
     "referenceLocator": "pkg:golang/github.com/ghodss/yaml@v1.0.0",
     "referenceType": "purl"
    }
   ],
   "filesAnalyzed": false,
   "licenseDeclared": "NONE",
   "sourceInfo": "acquired package info from go module information: /bin/system-upgrade-controller",
   "versionInfo": "v1.0.0"
  },
  {
   "SPDXID": "SPDXRef-76e61bc48d389d88",
   "name": "github.com/go-logr/logr",
   "licenseConcluded": "NONE",
   "downloadLocation": "NOASSERTION",
   "externalRefs": [
    {
     "referenceCategory": "SECURITY",
     "referenceLocator": "cpe:2.3:a:go-logr:logr:v1.2.4:*:*:*:*:*:*:*",
     "referenceType": "cpe23Type"
    },
    {
     "referenceCategory": "SECURITY",
     "referenceLocator": "cpe:2.3:a:go_logr:logr:v1.2.4:*:*:*:*:*:*:*",
     "referenceType": "cpe23Type"
    },
    {
     "referenceCategory": "SECURITY",
     "referenceLocator": "cpe:2.3:a:go:logr:v1.2.4:*:*:*:*:*:*:*",
     "referenceType": "cpe23Type"
    },
    {
     "referenceCategory": "PACKAGE_MANAGER",
     "referenceLocator": "pkg:golang/github.com/go-logr/logr@v1.2.4",
     "referenceType": "purl"
    }
   ],
   "filesAnalyzed": false,
   "licenseDeclared": "NONE",
   "sourceInfo": "acquired package info from go module information: /bin/system-upgrade-controller",
   "versionInfo": "v1.2.4"
  },
  {
   "SPDXID": "SPDXRef-2d030d679cd6d76",
   "name": "github.com/go-openapi/jsonpointer",
   "licenseConcluded": "NONE",
   "downloadLocation": "NOASSERTION",
   "externalRefs": [
    {
     "referenceCategory": "SECURITY",
     "referenceLocator": "cpe:2.3:a:go-openapi:jsonpointer:v0.19.5:*:*:*:*:*:*:*",
     "referenceType": "cpe23Type"
    },
    {
     "referenceCategory": "SECURITY",
     "referenceLocator": "cpe:2.3:a:go_openapi:jsonpointer:v0.19.5:*:*:*:*:*:*:*",
     "referenceType": "cpe23Type"
    },
    {
     "referenceCategory": "SECURITY",
     "referenceLocator": "cpe:2.3:a:go:jsonpointer:v0.19.5:*:*:*:*:*:*:*",
     "referenceType": "cpe23Type"
    },
    {
     "referenceCategory": "PACKAGE_MANAGER",
     "referenceLocator": "pkg:golang/github.com/go-openapi/jsonpointer@v0.19.5",
     "referenceType": "purl"
    }
   ],
   "filesAnalyzed": false,
   "licenseDeclared": "NONE",
   "sourceInfo": "acquired package info from go module information: /bin/system-upgrade-controller",
   "versionInfo": "v0.19.5"
  },
  {
   "SPDXID": "SPDXRef-e15bb911144f1e94",
   "name": "github.com/go-openapi/jsonreference",
   "licenseConcluded": "NONE",
   "downloadLocation": "NOASSERTION",
   "externalRefs": [
    {
     "referenceCategory": "SECURITY",
     "referenceLocator": "cpe:2.3:a:go-openapi:jsonreference:v0.19.5:*:*:*:*:*:*:*",
     "referenceType": "cpe23Type"
    },
    {
     "referenceCategory": "SECURITY",
     "referenceLocator": "cpe:2.3:a:go_openapi:jsonreference:v0.19.5:*:*:*:*:*:*:*",
     "referenceType": "cpe23Type"
    },
    {
     "referenceCategory": "SECURITY",
     "referenceLocator": "cpe:2.3:a:go:jsonreference:v0.19.5:*:*:*:*:*:*:*",
     "referenceType": "cpe23Type"
    },
    {
     "referenceCategory": "PACKAGE_MANAGER",
     "referenceLocator": "pkg:golang/github.com/go-openapi/jsonreference@v0.19.5",
     "referenceType": "purl"
    }
   ],
   "filesAnalyzed": false,
   "licenseDeclared": "NONE",
   "sourceInfo": "acquired package info from go module information: /bin/system-upgrade-controller",
   "versionInfo": "v0.19.5"
  },
  {
   "SPDXID": "SPDXRef-495315d8f7c31f66",
   "name": "github.com/go-openapi/swag",
   "licenseConcluded": "NONE",
   "downloadLocation": "NOASSERTION",
   "externalRefs": [
    {
     "referenceCategory": "SECURITY",
     "referenceLocator": "cpe:2.3:a:go-openapi:swag:v0.19.14:*:*:*:*:*:*:*",
     "referenceType": "cpe23Type"
    },
    {
     "referenceCategory": "SECURITY",
     "referenceLocator": "cpe:2.3:a:go_openapi:swag:v0.19.14:*:*:*:*:*:*:*",
     "referenceType": "cpe23Type"
    },
    {
     "referenceCategory": "SECURITY",
     "referenceLocator": "cpe:2.3:a:go:swag:v0.19.14:*:*:*:*:*:*:*",
     "referenceType": "cpe23Type"
    },
    {
     "referenceCategory": "PACKAGE_MANAGER",
     "referenceLocator": "pkg:golang/github.com/go-openapi/swag@v0.19.14",
     "referenceType": "purl"
    }
   ],
   "filesAnalyzed": false,
   "licenseDeclared": "NONE",
   "sourceInfo": "acquired package info from go module information: /bin/system-upgrade-controller",
   "versionInfo": "v0.19.14"
  },
  {
   "SPDXID": "SPDXRef-a830e6af06f2f86a",
   "name": "github.com/gogo/protobuf",
   "licenseConcluded": "NONE",
   "downloadLocation": "NOASSERTION",
   "externalRefs": [
    {
     "referenceCategory": "SECURITY",
     "referenceLocator": "cpe:2.3:a:gogo:protobuf:v1.3.2:*:*:*:*:*:*:*",
     "referenceType": "cpe23Type"
    },
    {
     "referenceCategory": "PACKAGE_MANAGER",
     "referenceLocator": "pkg:golang/github.com/gogo/protobuf@v1.3.2",
     "referenceType": "purl"
    }
   ],
   "filesAnalyzed": false,
   "licenseDeclared": "NONE",
   "sourceInfo": "acquired package info from go module information: /bin/system-upgrade-controller",
   "versionInfo": "v1.3.2"
  },
  {
   "SPDXID": "SPDXRef-4308cfa174a377cf",
   "name": "github.com/golang/protobuf",
   "licenseConcluded": "NONE",
   "downloadLocation": "NOASSERTION",
   "externalRefs": [
    {
     "referenceCategory": "SECURITY",
     "referenceLocator": "cpe:2.3:a:golang:protobuf:v1.5.3:*:*:*:*:*:*:*",
     "referenceType": "cpe23Type"
    },
    {
     "referenceCategory": "PACKAGE_MANAGER",
     "referenceLocator": "pkg:golang/github.com/golang/protobuf@v1.5.3",
     "referenceType": "purl"
    }
   ],
   "filesAnalyzed": false,
   "licenseDeclared": "NONE",
   "sourceInfo": "acquired package info from go module information: /bin/system-upgrade-controller",
   "versionInfo": "v1.5.3"
  },
  {
   "SPDXID": "SPDXRef-b1ceed029f5471a0",
   "name": "github.com/google/gnostic",
   "licenseConcluded": "NONE",
   "downloadLocation": "NOASSERTION",
   "externalRefs": [
    {
     "referenceCategory": "SECURITY",
     "referenceLocator": "cpe:2.3:a:google:gnostic:v0.5.7-v3refs:*:*:*:*:*:*:*",
     "referenceType": "cpe23Type"
    },
    {
     "referenceCategory": "PACKAGE_MANAGER",
     "referenceLocator": "pkg:golang/github.com/google/gnostic@v0.5.7-v3refs",
     "referenceType": "purl"
    }
   ],
   "filesAnalyzed": false,
   "licenseDeclared": "NONE",
   "sourceInfo": "acquired package info from go module information: /bin/system-upgrade-controller",
   "versionInfo": "v0.5.7-v3refs"
  },
  {
   "SPDXID": "SPDXRef-48e7c20086bb712",
   "name": "github.com/google/go-cmp",
   "licenseConcluded": "NONE",
   "downloadLocation": "NOASSERTION",
   "externalRefs": [
    {
     "referenceCategory": "SECURITY",
     "referenceLocator": "cpe:2.3:a:google:go-cmp:v0.5.9:*:*:*:*:*:*:*",
     "referenceType": "cpe23Type"
    },
    {
     "referenceCategory": "SECURITY",
     "referenceLocator": "cpe:2.3:a:google:go_cmp:v0.5.9:*:*:*:*:*:*:*",
     "referenceType": "cpe23Type"
    },
    {
     "referenceCategory": "PACKAGE_MANAGER",
     "referenceLocator": "pkg:golang/github.com/google/go-cmp@v0.5.9",
     "referenceType": "purl"
    }
   ],
   "filesAnalyzed": false,
   "licenseDeclared": "NONE",
   "sourceInfo": "acquired package info from go module information: /bin/system-upgrade-controller",
   "versionInfo": "v0.5.9"
  },
  {
   "SPDXID": "SPDXRef-779eea434ec1db08",
   "name": "github.com/google/gofuzz",
   "licenseConcluded": "NONE",
   "downloadLocation": "NOASSERTION",
   "externalRefs": [
    {
     "referenceCategory": "SECURITY",
     "referenceLocator": "cpe:2.3:a:google:gofuzz:v1.1.0:*:*:*:*:*:*:*",
     "referenceType": "cpe23Type"
    },
    {
     "referenceCategory": "PACKAGE_MANAGER",
     "referenceLocator": "pkg:golang/github.com/google/gofuzz@v1.1.0",
     "referenceType": "purl"
    }
   ],
   "filesAnalyzed": false,
   "licenseDeclared": "NONE",
   "sourceInfo": "acquired package info from go module information: /bin/system-upgrade-controller",
   "versionInfo": "v1.1.0"
  },
  {
   "SPDXID": "SPDXRef-2c6bd5e01d490002",
   "name": "github.com/imdario/mergo",
   "licenseConcluded": "NONE",
   "downloadLocation": "NOASSERTION",
   "externalRefs": [
    {
     "referenceCategory": "SECURITY",
     "referenceLocator": "cpe:2.3:a:imdario:mergo:v0.3.12:*:*:*:*:*:*:*",
     "referenceType": "cpe23Type"
    },
    {
     "referenceCategory": "PACKAGE_MANAGER",
     "referenceLocator": "pkg:golang/github.com/imdario/mergo@v0.3.12",
     "referenceType": "purl"
    }
   ],
   "filesAnalyzed": false,
   "licenseDeclared": "NONE",
   "sourceInfo": "acquired package info from go module information: /bin/system-upgrade-controller",
   "versionInfo": "v0.3.12"
  },
  {
   "SPDXID": "SPDXRef-f5ffb59484218bd8",
   "name": "github.com/josharian/intern",
   "licenseConcluded": "NONE",
   "downloadLocation": "NOASSERTION",
   "externalRefs": [
    {
     "referenceCategory": "SECURITY",
     "referenceLocator": "cpe:2.3:a:josharian:intern:v1.0.0:*:*:*:*:*:*:*",
     "referenceType": "cpe23Type"
    },
    {
     "referenceCategory": "PACKAGE_MANAGER",
     "referenceLocator": "pkg:golang/github.com/josharian/intern@v1.0.0",
     "referenceType": "purl"
    }
   ],
   "filesAnalyzed": false,
   "licenseDeclared": "NONE",
   "sourceInfo": "acquired package info from go module information: /bin/system-upgrade-controller",
   "versionInfo": "v1.0.0"
  },
  {
   "SPDXID": "SPDXRef-95409747c368bff7",
   "name": "github.com/json-iterator/go",
   "licenseConcluded": "NONE",
   "downloadLocation": "NOASSERTION",
   "externalRefs": [
    {
     "referenceCategory": "SECURITY",
     "referenceLocator": "cpe:2.3:a:json-iterator:go:v1.1.12:*:*:*:*:*:*:*",
     "referenceType": "cpe23Type"
    },
    {
     "referenceCategory": "SECURITY",
     "referenceLocator": "cpe:2.3:a:json_iterator:go:v1.1.12:*:*:*:*:*:*:*",
     "referenceType": "cpe23Type"
    },
    {
     "referenceCategory": "SECURITY",
     "referenceLocator": "cpe:2.3:a:json:go:v1.1.12:*:*:*:*:*:*:*",
     "referenceType": "cpe23Type"
    },
    {
     "referenceCategory": "PACKAGE_MANAGER",
     "referenceLocator": "pkg:golang/github.com/json-iterator/go@v1.1.12",
     "referenceType": "purl"
    }
   ],
   "filesAnalyzed": false,
   "licenseDeclared": "NONE",
   "sourceInfo": "acquired package info from go module information: /bin/system-upgrade-controller",
   "versionInfo": "v1.1.12"
  },
  {
   "SPDXID": "SPDXRef-1fbdda41a40d297f",
   "name": "github.com/mailru/easyjson",
   "licenseConcluded": "NONE",
   "downloadLocation": "NOASSERTION",
   "externalRefs": [
    {
     "referenceCategory": "SECURITY",
     "referenceLocator": "cpe:2.3:a:mailru:easyjson:v0.7.6:*:*:*:*:*:*:*",
     "referenceType": "cpe23Type"
    },
    {
     "referenceCategory": "PACKAGE_MANAGER",
     "referenceLocator": "pkg:golang/github.com/mailru/easyjson@v0.7.6",
     "referenceType": "purl"
    }
   ],
   "filesAnalyzed": false,
   "licenseDeclared": "NONE",
   "sourceInfo": "acquired package info from go module information: /bin/system-upgrade-controller",
   "versionInfo": "v0.7.6"
  },
  {
   "SPDXID": "SPDXRef-41a2cbbe19b3a6ca",
   "name": "github.com/matttproud/golang_protobuf_extensions",
   "licenseConcluded": "NONE",
   "downloadLocation": "NOASSERTION",
   "externalRefs": [
    {
     "referenceCategory": "SECURITY",
     "referenceLocator": "cpe:2.3:a:matttproud:golang-protobuf-extensions:v1.0.2-0.20181231171920-c182affec369:*:*:*:*:*:*:*",
     "referenceType": "cpe23Type"
    },
    {
     "referenceCategory": "SECURITY",
     "referenceLocator": "cpe:2.3:a:matttproud:golang_protobuf_extensions:v1.0.2-0.20181231171920-c182affec369:*:*:*:*:*:*:*",
     "referenceType": "cpe23Type"
    },
    {
     "referenceCategory": "PACKAGE_MANAGER",
     "referenceLocator": "pkg:golang/github.com/matttproud/golang_protobuf_extensions@v1.0.2-0.20181231171920-c182affec369",
     "referenceType": "purl"
    }
   ],
   "filesAnalyzed": false,
   "licenseDeclared": "NONE",
   "sourceInfo": "acquired package info from go module information: /bin/system-upgrade-controller",
   "versionInfo": "v1.0.2-0.20181231171920-c182affec369"
  },
  {
   "SPDXID": "SPDXRef-881620a10460cb50",
   "name": "github.com/modern-go/concurrent",
   "licenseConcluded": "NONE",
   "downloadLocation": "NOASSERTION",
   "externalRefs": [
    {
     "referenceCategory": "SECURITY",
     "referenceLocator": "cpe:2.3:a:modern-go:concurrent:v0.0.0-20180306012644-bacd9c7ef1dd:*:*:*:*:*:*:*",
     "referenceType": "cpe23Type"
    },
    {
     "referenceCategory": "SECURITY",
     "referenceLocator": "cpe:2.3:a:modern_go:concurrent:v0.0.0-20180306012644-bacd9c7ef1dd:*:*:*:*:*:*:*",
     "referenceType": "cpe23Type"
    },
    {
     "referenceCategory": "SECURITY",
     "referenceLocator": "cpe:2.3:a:modern:concurrent:v0.0.0-20180306012644-bacd9c7ef1dd:*:*:*:*:*:*:*",
     "referenceType": "cpe23Type"
    },
    {
     "referenceCategory": "PACKAGE_MANAGER",
     "referenceLocator": "pkg:golang/github.com/modern-go/concurrent@v0.0.0-20180306012644-bacd9c7ef1dd",
     "referenceType": "purl"
    }
   ],
   "filesAnalyzed": false,
   "licenseDeclared": "NONE",
   "sourceInfo": "acquired package info from go module information: /bin/system-upgrade-controller",
   "versionInfo": "v0.0.0-20180306012644-bacd9c7ef1dd"
  },
  {
   "SPDXID": "SPDXRef-1ae68e3b786e491",
   "name": "github.com/modern-go/reflect2",
   "licenseConcluded": "NONE",
   "downloadLocation": "NOASSERTION",
   "externalRefs": [
    {
     "referenceCategory": "SECURITY",
     "referenceLocator": "cpe:2.3:a:modern-go:reflect2:v1.0.2:*:*:*:*:*:*:*",
     "referenceType": "cpe23Type"
    },
    {
     "referenceCategory": "SECURITY",
     "referenceLocator": "cpe:2.3:a:modern_go:reflect2:v1.0.2:*:*:*:*:*:*:*",
     "referenceType": "cpe23Type"
    },
    {
     "referenceCategory": "SECURITY",
     "referenceLocator": "cpe:2.3:a:modern:reflect2:v1.0.2:*:*:*:*:*:*:*",
     "referenceType": "cpe23Type"
    },
    {
     "referenceCategory": "PACKAGE_MANAGER",
     "referenceLocator": "pkg:golang/github.com/modern-go/reflect2@v1.0.2",
     "referenceType": "purl"
    }
   ],
   "filesAnalyzed": false,
   "licenseDeclared": "NONE",
   "sourceInfo": "acquired package info from go module information: /bin/system-upgrade-controller",
   "versionInfo": "v1.0.2"
  },
  {
   "SPDXID": "SPDXRef-cd29a8ee10ecf114",
   "name": "github.com/munnerz/goautoneg",
   "licenseConcluded": "NONE",
   "downloadLocation": "NOASSERTION",
   "externalRefs": [
    {
     "referenceCategory": "SECURITY",
     "referenceLocator": "cpe:2.3:a:munnerz:goautoneg:v0.0.0-20191010083416-a7dc8b61c822:*:*:*:*:*:*:*",
     "referenceType": "cpe23Type"
    },
    {
     "referenceCategory": "PACKAGE_MANAGER",
     "referenceLocator": "pkg:golang/github.com/munnerz/goautoneg@v0.0.0-20191010083416-a7dc8b61c822",
     "referenceType": "purl"
    }
   ],
   "filesAnalyzed": false,
   "licenseDeclared": "NONE",
   "sourceInfo": "acquired package info from go module information: /bin/system-upgrade-controller",
   "versionInfo": "v0.0.0-20191010083416-a7dc8b61c822"
  },
  {
   "SPDXID": "SPDXRef-66f847b912a597da",
   "name": "github.com/opencontainers/go-digest",
   "licenseConcluded": "NONE",
   "downloadLocation": "NOASSERTION",
   "externalRefs": [
    {
     "referenceCategory": "SECURITY",
     "referenceLocator": "cpe:2.3:a:opencontainers:go-digest:v1.0.0:*:*:*:*:*:*:*",
     "referenceType": "cpe23Type"
    },
    {
     "referenceCategory": "SECURITY",
     "referenceLocator": "cpe:2.3:a:opencontainers:go_digest:v1.0.0:*:*:*:*:*:*:*",
     "referenceType": "cpe23Type"
    },
    {
     "referenceCategory": "PACKAGE_MANAGER",
     "referenceLocator": "pkg:golang/github.com/opencontainers/go-digest@v1.0.0",
     "referenceType": "purl"
    }
   ],
   "filesAnalyzed": false,
   "licenseDeclared": "NONE",
   "sourceInfo": "acquired package info from go module information: /bin/system-upgrade-controller",
   "versionInfo": "v1.0.0"
  },
  {
   "SPDXID": "SPDXRef-86ca277f42885121",
   "name": "github.com/pkg/errors",
   "licenseConcluded": "NONE",
   "downloadLocation": "NOASSERTION",
   "externalRefs": [
    {
     "referenceCategory": "SECURITY",
     "referenceLocator": "cpe:2.3:a:pkg:errors:v0.9.1:*:*:*:*:*:*:*",
     "referenceType": "cpe23Type"
    },
    {
     "referenceCategory": "PACKAGE_MANAGER",
     "referenceLocator": "pkg:golang/github.com/pkg/errors@v0.9.1",
     "referenceType": "purl"
    }
   ],
   "filesAnalyzed": false,
   "licenseDeclared": "NONE",
   "sourceInfo": "acquired package info from go module information: /bin/system-upgrade-controller",
   "versionInfo": "v0.9.1"
  },
  {
   "SPDXID": "SPDXRef-bd6e7a5a8d28912e",
   "name": "github.com/prometheus/client_golang",
   "licenseConcluded": "NONE",
   "downloadLocation": "NOASSERTION",
   "externalRefs": [
    {
     "referenceCategory": "SECURITY",
     "referenceLocator": "cpe:2.3:a:prometheus:client-golang:v1.12.1:*:*:*:*:*:*:*",
     "referenceType": "cpe23Type"
    },
    {
     "referenceCategory": "SECURITY",
     "referenceLocator": "cpe:2.3:a:prometheus:client_golang:v1.12.1:*:*:*:*:*:*:*",
     "referenceType": "cpe23Type"
    },
    {
     "referenceCategory": "PACKAGE_MANAGER",
     "referenceLocator": "pkg:golang/github.com/prometheus/client_golang@v1.12.1",
     "referenceType": "purl"
    }
   ],
   "filesAnalyzed": false,
   "licenseDeclared": "NONE",
   "sourceInfo": "acquired package info from go module information: /bin/system-upgrade-controller",
   "versionInfo": "v1.12.1"
  },
  {
   "SPDXID": "SPDXRef-edffebcdb5e8db0d",
   "name": "github.com/prometheus/client_model",
   "licenseConcluded": "NONE",
   "downloadLocation": "NOASSERTION",
   "externalRefs": [
    {
     "referenceCategory": "SECURITY",
     "referenceLocator": "cpe:2.3:a:prometheus:client-model:v0.2.0:*:*:*:*:*:*:*",
     "referenceType": "cpe23Type"
    },
    {
     "referenceCategory": "SECURITY",
     "referenceLocator": "cpe:2.3:a:prometheus:client_model:v0.2.0:*:*:*:*:*:*:*",
     "referenceType": "cpe23Type"
    },
    {
     "referenceCategory": "PACKAGE_MANAGER",
     "referenceLocator": "pkg:golang/github.com/prometheus/client_model@v0.2.0",
     "referenceType": "purl"
    }
   ],
   "filesAnalyzed": false,
   "licenseDeclared": "NONE",
   "sourceInfo": "acquired package info from go module information: /bin/system-upgrade-controller",
   "versionInfo": "v0.2.0"
  },
  {
   "SPDXID": "SPDXRef-9c6f6a2fd49dfcef",
   "name": "github.com/prometheus/common",
   "licenseConcluded": "NONE",
   "downloadLocation": "NOASSERTION",
   "externalRefs": [
    {
     "referenceCategory": "SECURITY",
     "referenceLocator": "cpe:2.3:a:prometheus:common:v0.32.1:*:*:*:*:*:*:*",
     "referenceType": "cpe23Type"
    },
    {
     "referenceCategory": "PACKAGE_MANAGER",
     "referenceLocator": "pkg:golang/github.com/prometheus/common@v0.32.1",
     "referenceType": "purl"
    }
   ],
   "filesAnalyzed": false,
   "licenseDeclared": "NONE",
   "sourceInfo": "acquired package info from go module information: /bin/system-upgrade-controller",
   "versionInfo": "v0.32.1"
  },
  {
   "SPDXID": "SPDXRef-cf7ad56e0c1f56bb",
   "name": "github.com/prometheus/procfs",
   "licenseConcluded": "NONE",
   "downloadLocation": "NOASSERTION",
   "externalRefs": [
    {
     "referenceCategory": "SECURITY",
     "referenceLocator": "cpe:2.3:a:prometheus:procfs:v0.7.3:*:*:*:*:*:*:*",
     "referenceType": "cpe23Type"
    },
    {
     "referenceCategory": "PACKAGE_MANAGER",
     "referenceLocator": "pkg:golang/github.com/prometheus/procfs@v0.7.3",
     "referenceType": "purl"
    }
   ],
   "filesAnalyzed": false,
   "licenseDeclared": "NONE",
   "sourceInfo": "acquired package info from go module information: /bin/system-upgrade-controller",
   "versionInfo": "v0.7.3"
  },
  {
   "SPDXID": "SPDXRef-97995a99da3e4950",
   "name": "github.com/rancher/lasso",
   "licenseConcluded": "NONE",
   "downloadLocation": "NOASSERTION",
   "externalRefs": [
    {
     "referenceCategory": "SECURITY",
     "referenceLocator": "cpe:2.3:a:rancher:lasso:v0.0.0-20221227210133-6ea88ca2fbcc:*:*:*:*:*:*:*",
     "referenceType": "cpe23Type"
    },
    {
     "referenceCategory": "PACKAGE_MANAGER",
     "referenceLocator": "pkg:golang/github.com/rancher/lasso@v0.0.0-20221227210133-6ea88ca2fbcc",
     "referenceType": "purl"
    }
   ],
   "filesAnalyzed": false,
   "licenseDeclared": "NONE",
   "sourceInfo": "acquired package info from go module information: /bin/system-upgrade-controller",
   "versionInfo": "v0.0.0-20221227210133-6ea88ca2fbcc"
  },
  {
   "SPDXID": "SPDXRef-edf987996c8e98aa",
   "name": "github.com/rancher/system-upgrade-controller",
   "licenseConcluded": "NONE",
   "downloadLocation": "NOASSERTION",
   "externalRefs": [
    {
     "referenceCategory": "SECURITY",
     "referenceLocator": "cpe:2.3:a:rancher:system-upgrade-controller:v0.0.0-20230803010539-04a0b9ef5858:*:*:*:*:*:*:*",
     "referenceType": "cpe23Type"
    },
    {
     "referenceCategory": "SECURITY",
     "referenceLocator": "cpe:2.3:a:rancher:system_upgrade_controller:v0.0.0-20230803010539-04a0b9ef5858:*:*:*:*:*:*:*",
     "referenceType": "cpe23Type"
    },
    {
     "referenceCategory": "PACKAGE_MANAGER",
     "referenceLocator": "pkg:golang/github.com/rancher/system-upgrade-controller@v0.0.0-20230803010539-04a0b9ef5858",
     "referenceType": "purl"
    }
   ],
   "filesAnalyzed": false,
   "licenseDeclared": "NONE",
   "sourceInfo": "acquired package info from go module information: /bin/system-upgrade-controller",
   "versionInfo": "v0.0.0-20230803010539-04a0b9ef5858"
  },
  {
   "SPDXID": "SPDXRef-65f40495d766b155",
   "name": "github.com/rancher/wrangler",
   "licenseConcluded": "NONE",
   "downloadLocation": "NOASSERTION",
   "externalRefs": [
    {
     "referenceCategory": "SECURITY",
     "referenceLocator": "cpe:2.3:a:rancher:wrangler:v1.1.1-0.20230425173236-39a4707f0689:*:*:*:*:*:*:*",
     "referenceType": "cpe23Type"
    },
    {
     "referenceCategory": "PACKAGE_MANAGER",
     "referenceLocator": "pkg:golang/github.com/rancher/wrangler@v1.1.1-0.20230425173236-39a4707f0689",
     "referenceType": "purl"
    }
   ],
   "filesAnalyzed": false,
   "licenseDeclared": "NONE",
   "sourceInfo": "acquired package info from go module information: /bin/system-upgrade-controller",
   "versionInfo": "v1.1.1-0.20230425173236-39a4707f0689"
  },
  {
   "SPDXID": "SPDXRef-a2c441017a092661",
   "name": "github.com/russross/blackfriday/v2",
   "licenseConcluded": "NONE",
   "downloadLocation": "NOASSERTION",
   "externalRefs": [
    {
     "referenceCategory": "SECURITY",
     "referenceLocator": "cpe:2.3:a:russross:blackfriday\\/v2:v2.1.0:*:*:*:*:*:*:*",
     "referenceType": "cpe23Type"
    },
    {
     "referenceCategory": "PACKAGE_MANAGER",
     "referenceLocator": "pkg:golang/github.com/russross/blackfriday/v2@v2.1.0",
     "referenceType": "purl"
    }
   ],
   "filesAnalyzed": false,
   "licenseDeclared": "NONE",
   "sourceInfo": "acquired package info from go module information: /bin/system-upgrade-controller",
   "versionInfo": "v2.1.0"
  },
  {
   "SPDXID": "SPDXRef-ba5436f2e775ccde",
   "name": "github.com/sirupsen/logrus",
   "licenseConcluded": "NONE",
   "downloadLocation": "NOASSERTION",
   "externalRefs": [
    {
     "referenceCategory": "SECURITY",
     "referenceLocator": "cpe:2.3:a:sirupsen:logrus:v1.9.0:*:*:*:*:*:*:*",
     "referenceType": "cpe23Type"
    },
    {
     "referenceCategory": "PACKAGE_MANAGER",
     "referenceLocator": "pkg:golang/github.com/sirupsen/logrus@v1.9.0",
     "referenceType": "purl"
    }
   ],
   "filesAnalyzed": false,
   "licenseDeclared": "NONE",
   "sourceInfo": "acquired package info from go module information: /bin/system-upgrade-controller",
   "versionInfo": "v1.9.0"
  },
  {
   "SPDXID": "SPDXRef-81633ba179eb187f",
   "name": "github.com/spf13/pflag",
   "licenseConcluded": "NONE",
   "downloadLocation": "NOASSERTION",
   "externalRefs": [
    {
     "referenceCategory": "SECURITY",
     "referenceLocator": "cpe:2.3:a:spf13:pflag:v1.0.5:*:*:*:*:*:*:*",
     "referenceType": "cpe23Type"
    },
    {
     "referenceCategory": "PACKAGE_MANAGER",
     "referenceLocator": "pkg:golang/github.com/spf13/pflag@v1.0.5",
     "referenceType": "purl"
    }
   ],
   "filesAnalyzed": false,
   "licenseDeclared": "NONE",
   "sourceInfo": "acquired package info from go module information: /bin/system-upgrade-controller",
   "versionInfo": "v1.0.5"
  },
  {
   "SPDXID": "SPDXRef-600113ab075b120f",
   "name": "github.com/urfave/cli",
   "licenseConcluded": "NONE",
   "downloadLocation": "NOASSERTION",
   "externalRefs": [
    {
     "referenceCategory": "SECURITY",
     "referenceLocator": "cpe:2.3:a:urfave:cli:v1.22.2:*:*:*:*:*:*:*",
     "referenceType": "cpe23Type"
    },
    {
     "referenceCategory": "PACKAGE_MANAGER",
     "referenceLocator": "pkg:golang/github.com/urfave/cli@v1.22.2",
     "referenceType": "purl"
    }
   ],
   "filesAnalyzed": false,
   "licenseDeclared": "NONE",
   "sourceInfo": "acquired package info from go module information: /bin/system-upgrade-controller",
   "versionInfo": "v1.22.2"
  },
  {
   "SPDXID": "SPDXRef-c77a9995924ebf36",
   "name": "golang.org/x/net",
   "licenseConcluded": "NONE",
   "downloadLocation": "NOASSERTION",
   "externalRefs": [
    {
     "referenceCategory": "SECURITY",
     "referenceLocator": "cpe:2.3:a:golang:x\\/net:v0.9.0:*:*:*:*:*:*:*",
     "referenceType": "cpe23Type"
    },
    {
     "referenceCategory": "PACKAGE_MANAGER",
     "referenceLocator": "pkg:golang/golang.org/x/net@v0.9.0",
     "referenceType": "purl"
    }
   ],
   "filesAnalyzed": false,
   "licenseDeclared": "NONE",
   "sourceInfo": "acquired package info from go module information: /bin/system-upgrade-controller",
   "versionInfo": "v0.9.0"
  },
  {
   "SPDXID": "SPDXRef-bfa7ad840c3e9051",
   "name": "golang.org/x/oauth2",
   "licenseConcluded": "NONE",
   "downloadLocation": "NOASSERTION",
   "externalRefs": [
    {
     "referenceCategory": "SECURITY",
     "referenceLocator": "cpe:2.3:a:golang:x\\/oauth2:v0.0.0-20211104180415-d3ed0bb246c8:*:*:*:*:*:*:*",
     "referenceType": "cpe23Type"
    },
    {
     "referenceCategory": "PACKAGE_MANAGER",
     "referenceLocator": "pkg:golang/golang.org/x/oauth2@v0.0.0-20211104180415-d3ed0bb246c8",
     "referenceType": "purl"
    }
   ],
   "filesAnalyzed": false,
   "licenseDeclared": "NONE",
   "sourceInfo": "acquired package info from go module information: /bin/system-upgrade-controller",
   "versionInfo": "v0.0.0-20211104180415-d3ed0bb246c8"
  },
  {
   "SPDXID": "SPDXRef-1898ac2b6a2a4bde",
   "name": "golang.org/x/sync",
   "licenseConcluded": "NONE",
   "downloadLocation": "NOASSERTION",
   "externalRefs": [
    {
     "referenceCategory": "SECURITY",
     "referenceLocator": "cpe:2.3:a:golang:x\\/sync:v0.1.0:*:*:*:*:*:*:*",
     "referenceType": "cpe23Type"
    },
    {
     "referenceCategory": "PACKAGE_MANAGER",
     "referenceLocator": "pkg:golang/golang.org/x/sync@v0.1.0",
     "referenceType": "purl"
    }
   ],
   "filesAnalyzed": false,
   "licenseDeclared": "NONE",
   "sourceInfo": "acquired package info from go module information: /bin/system-upgrade-controller",
   "versionInfo": "v0.1.0"
  },
  {
   "SPDXID": "SPDXRef-989c1e867666f680",
   "name": "golang.org/x/sys",
   "licenseConcluded": "NONE",
   "downloadLocation": "NOASSERTION",
   "externalRefs": [
    {
     "referenceCategory": "SECURITY",
     "referenceLocator": "cpe:2.3:a:golang:x\\/sys:v0.7.0:*:*:*:*:*:*:*",
     "referenceType": "cpe23Type"
    },
    {
     "referenceCategory": "PACKAGE_MANAGER",
     "referenceLocator": "pkg:golang/golang.org/x/sys@v0.7.0",
     "referenceType": "purl"
    }
   ],
   "filesAnalyzed": false,
   "licenseDeclared": "NONE",
   "sourceInfo": "acquired package info from go module information: /bin/system-upgrade-controller",
   "versionInfo": "v0.7.0"
  },
  {
   "SPDXID": "SPDXRef-927163d2cce12413",
   "name": "golang.org/x/term",
   "licenseConcluded": "NONE",
   "downloadLocation": "NOASSERTION",
   "externalRefs": [
    {
     "referenceCategory": "SECURITY",
     "referenceLocator": "cpe:2.3:a:golang:x\\/term:v0.7.0:*:*:*:*:*:*:*",
     "referenceType": "cpe23Type"
    },
    {
     "referenceCategory": "PACKAGE_MANAGER",
     "referenceLocator": "pkg:golang/golang.org/x/term@v0.7.0",
     "referenceType": "purl"
    }
   ],
   "filesAnalyzed": false,
   "licenseDeclared": "NONE",
   "sourceInfo": "acquired package info from go module information: /bin/system-upgrade-controller",
   "versionInfo": "v0.7.0"
  },
  {
   "SPDXID": "SPDXRef-f1eaf479f4001ca0",
   "name": "golang.org/x/text",
   "licenseConcluded": "NONE",
   "downloadLocation": "NOASSERTION",
   "externalRefs": [
    {
     "referenceCategory": "SECURITY",
     "referenceLocator": "cpe:2.3:a:golang:x\\/text:v0.9.0:*:*:*:*:*:*:*",
     "referenceType": "cpe23Type"
    },
    {
     "referenceCategory": "PACKAGE_MANAGER",
     "referenceLocator": "pkg:golang/golang.org/x/text@v0.9.0",
     "referenceType": "purl"
    }
   ],
   "filesAnalyzed": false,
   "licenseDeclared": "NONE",
   "sourceInfo": "acquired package info from go module information: /bin/system-upgrade-controller",
   "versionInfo": "v0.9.0"
  },
  {
   "SPDXID": "SPDXRef-3a801b5f77a300ab",
   "name": "golang.org/x/time",
   "licenseConcluded": "NONE",
   "downloadLocation": "NOASSERTION",
   "externalRefs": [
    {
     "referenceCategory": "SECURITY",
     "referenceLocator": "cpe:2.3:a:golang:x\\/time:v0.0.0-20220210224613-90d013bbcef8:*:*:*:*:*:*:*",
     "referenceType": "cpe23Type"
    },
    {
     "referenceCategory": "PACKAGE_MANAGER",
     "referenceLocator": "pkg:golang/golang.org/x/time@v0.0.0-20220210224613-90d013bbcef8",
     "referenceType": "purl"
    }
   ],
   "filesAnalyzed": false,
   "licenseDeclared": "NONE",
   "sourceInfo": "acquired package info from go module information: /bin/system-upgrade-controller",
   "versionInfo": "v0.0.0-20220210224613-90d013bbcef8"
  },
  {
   "SPDXID": "SPDXRef-b40ba501270b0690",
   "name": "google.golang.org/protobuf",
   "licenseConcluded": "NONE",
   "downloadLocation": "NOASSERTION",
   "externalRefs": [
    {
     "referenceCategory": "SECURITY",
     "referenceLocator": "cpe:2.3:a:google:protobuf:v1.28.0:*:*:*:*:*:*:*",
     "referenceType": "cpe23Type"
    },
    {
     "referenceCategory": "PACKAGE_MANAGER",
     "referenceLocator": "pkg:golang/google.golang.org/protobuf@v1.28.0",
     "referenceType": "purl"
    }
   ],
   "filesAnalyzed": false,
   "licenseDeclared": "NONE",
   "sourceInfo": "acquired package info from go module information: /bin/system-upgrade-controller",
   "versionInfo": "v1.28.0"
  },
  {
   "SPDXID": "SPDXRef-20bf3592da2064ec",
   "name": "gopkg.in/inf.v0",
   "licenseConcluded": "NONE",
   "downloadLocation": "NOASSERTION",
   "externalRefs": [
    {
     "referenceCategory": "PACKAGE_MANAGER",
     "referenceLocator": "pkg:golang/gopkg.in/inf.v0@v0.9.1",
     "referenceType": "purl"
    }
   ],
   "filesAnalyzed": false,
   "licenseDeclared": "NONE",
   "sourceInfo": "acquired package info from go module information: /bin/system-upgrade-controller",
   "versionInfo": "v0.9.1"
  },
  {
   "SPDXID": "SPDXRef-cf0d15149bd20ec0",
   "name": "gopkg.in/yaml.v2",
   "licenseConcluded": "NONE",
   "downloadLocation": "NOASSERTION",
   "externalRefs": [
    {
     "referenceCategory": "PACKAGE_MANAGER",
     "referenceLocator": "pkg:golang/gopkg.in/yaml.v2@v2.4.0",
     "referenceType": "purl"
    }
   ],
   "filesAnalyzed": false,
   "licenseDeclared": "NONE",
   "sourceInfo": "acquired package info from go module information: /bin/system-upgrade-controller",
   "versionInfo": "v2.4.0"
  },
  {
   "SPDXID": "SPDXRef-42221f2de2564a48",
   "name": "gopkg.in/yaml.v3",
   "licenseConcluded": "NONE",
   "downloadLocation": "NOASSERTION",
   "externalRefs": [
    {
     "referenceCategory": "PACKAGE_MANAGER",
     "referenceLocator": "pkg:golang/gopkg.in/yaml.v3@v3.0.1",
     "referenceType": "purl"
    }
   ],
   "filesAnalyzed": false,
   "licenseDeclared": "NONE",
   "sourceInfo": "acquired package info from go module information: /bin/system-upgrade-controller",
   "versionInfo": "v3.0.1"
  },
  {
   "SPDXID": "SPDXRef-a16c4c67a87cb92d",
   "name": "k8s.io/api",
   "licenseConcluded": "NONE",
   "downloadLocation": "NOASSERTION",
   "externalRefs": [
    {
     "referenceCategory": "PACKAGE_MANAGER",
     "referenceLocator": "pkg:golang/k8s.io/api@v0.25.12",
     "referenceType": "purl"
    }
   ],
   "filesAnalyzed": false,
   "licenseDeclared": "NONE",
   "sourceInfo": "acquired package info from go module information: /bin/system-upgrade-controller",
   "versionInfo": "v0.25.12"
  },
  {
   "SPDXID": "SPDXRef-4d040a1df2ab7436",
   "name": "k8s.io/apiextensions-apiserver",
   "licenseConcluded": "NONE",
   "downloadLocation": "NOASSERTION",
   "externalRefs": [
    {
     "referenceCategory": "PACKAGE_MANAGER",
     "referenceLocator": "pkg:golang/k8s.io/apiextensions-apiserver@v0.25.12",
     "referenceType": "purl"
    }
   ],
   "filesAnalyzed": false,
   "licenseDeclared": "NONE",
   "sourceInfo": "acquired package info from go module information: /bin/system-upgrade-controller",
   "versionInfo": "v0.25.12"
  },
  {
   "SPDXID": "SPDXRef-e1aa7ad322131dc2",
   "name": "k8s.io/apimachinery",
   "licenseConcluded": "NONE",
   "downloadLocation": "NOASSERTION",
   "externalRefs": [
    {
     "referenceCategory": "PACKAGE_MANAGER",
     "referenceLocator": "pkg:golang/k8s.io/apimachinery@v0.25.12",
     "referenceType": "purl"
    }
   ],
   "filesAnalyzed": false,
   "licenseDeclared": "NONE",
   "sourceInfo": "acquired package info from go module information: /bin/system-upgrade-controller",
   "versionInfo": "v0.25.12"
  },
  {
   "SPDXID": "SPDXRef-176381601a474e11",
   "name": "k8s.io/client-go",
   "licenseConcluded": "NONE",
   "downloadLocation": "NOASSERTION",
   "externalRefs": [
    {
     "referenceCategory": "PACKAGE_MANAGER",
     "referenceLocator": "pkg:golang/k8s.io/client-go@v0.25.12",
     "referenceType": "purl"
    }
   ],
   "filesAnalyzed": false,
   "licenseDeclared": "NONE",
   "sourceInfo": "acquired package info from go module information: /bin/system-upgrade-controller",
   "versionInfo": "v0.25.12"
  },
  {
   "SPDXID": "SPDXRef-d4900434ce88ced",
   "name": "k8s.io/klog/v2",
   "licenseConcluded": "NONE",
   "downloadLocation": "NOASSERTION",
   "externalRefs": [
    {
     "referenceCategory": "SECURITY",
     "referenceLocator": "cpe:2.3:a:klog:v2:v2.80.1:*:*:*:*:*:*:*",
     "referenceType": "cpe23Type"
    },
    {
     "referenceCategory": "PACKAGE_MANAGER",
     "referenceLocator": "pkg:golang/k8s.io/klog/v2@v2.80.1",
     "referenceType": "purl"
    }
   ],
   "filesAnalyzed": false,
   "licenseDeclared": "NONE",
   "sourceInfo": "acquired package info from go module information: /bin/system-upgrade-controller",
   "versionInfo": "v2.80.1"
  },
  {
   "SPDXID": "SPDXRef-13f26216b3043738",
   "name": "k8s.io/kube-openapi",
   "licenseConcluded": "NONE",
   "downloadLocation": "NOASSERTION",
   "externalRefs": [
    {
     "referenceCategory": "PACKAGE_MANAGER",
     "referenceLocator": "pkg:golang/k8s.io/kube-openapi@v0.0.0-20220803162953-67bda5d908f1",
     "referenceType": "purl"
    }
   ],
   "filesAnalyzed": false,
   "licenseDeclared": "NONE",
   "sourceInfo": "acquired package info from go module information: /bin/system-upgrade-controller",
   "versionInfo": "v0.0.0-20220803162953-67bda5d908f1"
  },
  {
   "SPDXID": "SPDXRef-1b2ba141c957a605",
   "name": "k8s.io/kubectl",
   "licenseConcluded": "NONE",
   "downloadLocation": "NOASSERTION",
   "externalRefs": [
    {
     "referenceCategory": "PACKAGE_MANAGER",
     "referenceLocator": "pkg:golang/k8s.io/kubectl@v0.25.12",
     "referenceType": "purl"
    }
   ],
   "filesAnalyzed": false,
   "licenseDeclared": "NONE",
   "sourceInfo": "acquired package info from go module information: /bin/system-upgrade-controller",
   "versionInfo": "v0.25.12"
  },
  {
   "SPDXID": "SPDXRef-93a18ce779f0c948",
   "name": "k8s.io/utils",
   "licenseConcluded": "NONE",
   "downloadLocation": "NOASSERTION",
   "externalRefs": [
    {
     "referenceCategory": "PACKAGE_MANAGER",
     "referenceLocator": "pkg:golang/k8s.io/utils@v0.0.0-20221107191617-1a15be271d1d",
     "referenceType": "purl"
    }
   ],
   "filesAnalyzed": false,
   "licenseDeclared": "NONE",
   "sourceInfo": "acquired package info from go module information: /bin/system-upgrade-controller",
   "versionInfo": "v0.0.0-20221107191617-1a15be271d1d"
  },
  {
   "SPDXID": "SPDXRef-d10d177b30cd1095",
   "name": "sigs.k8s.io/json",
   "licenseConcluded": "NONE",
   "downloadLocation": "NOASSERTION",
   "externalRefs": [
    {
     "referenceCategory": "PACKAGE_MANAGER",
     "referenceLocator": "pkg:golang/sigs.k8s.io/json@v0.0.0-20220713155537-f223a00ba0e2",
     "referenceType": "purl"
    }
   ],
   "filesAnalyzed": false,
   "licenseDeclared": "NONE",
   "sourceInfo": "acquired package info from go module information: /bin/system-upgrade-controller",
   "versionInfo": "v0.0.0-20220713155537-f223a00ba0e2"
  },
  {
   "SPDXID": "SPDXRef-3529208726161729",
   "name": "sigs.k8s.io/structured-merge-diff/v4",
   "licenseConcluded": "NONE",
   "downloadLocation": "NOASSERTION",
   "externalRefs": [
    {
     "referenceCategory": "SECURITY",
     "referenceLocator": "cpe:2.3:a:structured-merge-diff:v4:v4.2.3:*:*:*:*:*:*:*",
     "referenceType": "cpe23Type"
    },
    {
     "referenceCategory": "SECURITY",
     "referenceLocator": "cpe:2.3:a:structured_merge_diff:v4:v4.2.3:*:*:*:*:*:*:*",
     "referenceType": "cpe23Type"
    },
    {
     "referenceCategory": "SECURITY",
     "referenceLocator": "cpe:2.3:a:structured-merge:v4:v4.2.3:*:*:*:*:*:*:*",
     "referenceType": "cpe23Type"
    },
    {
     "referenceCategory": "SECURITY",
     "referenceLocator": "cpe:2.3:a:structured_merge:v4:v4.2.3:*:*:*:*:*:*:*",
     "referenceType": "cpe23Type"
    },
    {
     "referenceCategory": "SECURITY",
     "referenceLocator": "cpe:2.3:a:structured:v4:v4.2.3:*:*:*:*:*:*:*",
     "referenceType": "cpe23Type"
    },
    {
     "referenceCategory": "PACKAGE_MANAGER",
     "referenceLocator": "pkg:golang/sigs.k8s.io/structured-merge-diff/v4@v4.2.3",
     "referenceType": "purl"
    }
   ],
   "filesAnalyzed": false,
   "licenseDeclared": "NONE",
   "sourceInfo": "acquired package info from go module information: /bin/system-upgrade-controller",
   "versionInfo": "v4.2.3"
  },
  {
   "SPDXID": "SPDXRef-9487a48837193924",
   "name": "sigs.k8s.io/yaml",
   "licenseConcluded": "NONE",
   "downloadLocation": "NOASSERTION",
   "externalRefs": [
    {
     "referenceCategory": "PACKAGE_MANAGER",
     "referenceLocator": "pkg:golang/sigs.k8s.io/yaml@v1.3.0",
     "referenceType": "purl"
    }
   ],
   "filesAnalyzed": false,
   "licenseDeclared": "NONE",
   "sourceInfo": "acquired package info from go module information: /bin/system-upgrade-controller",
   "versionInfo": "v1.3.0"
  }
 ]
}
