{
  "SPDXID": "SPDXRef-DOCUMENT",
  "creationInfo": {
    "created": "2024-06-11T14:31:08Z",
    "creators": [
      "Organization: Anchore, Inc",
      "Tool: syft-0.103.1"
    ],
    "licenseListVersion": "3.22"
  },
  "dataLicense": "CC0-1.0",
  "documentNamespace": "https://anchore.com/syft/image/rgcrprod.azurecr.us/kubevirt/virt-launcher-f8e4723c-5d3d-4751-b5e2-92a5df3566c5",
  "files": [
    {
      "SPDXID": "SPDXRef-File-usr-bin-bash-c1cf42d23035826d",
      "checksums": [
        {
          "algorithm": "SHA1",
          "checksumValue": "0000000000000000000000000000000000000000"
        }
      ],
      "comment": "layerID: sha256:01e071afe0ba8fc239e3fcfdfd994dc1f409e09775ad993c585487e1ea84fd5a",
      "copyrightText": "",
      "fileName": "/usr/bin/bash",
      "licenseConcluded": "NOASSERTION"
    },
    {
      "SPDXID": "SPDXRef-File-usr-bin-openssl-6b08f42c6bde7984",
      "checksums": [
        {
          "algorithm": "SHA1",
          "checksumValue": "0000000000000000000000000000000000000000"
        }
      ],
      "comment": "layerID: sha256:01e071afe0ba8fc239e3fcfdfd994dc1f409e09775ad993c585487e1ea84fd5a",
      "copyrightText": "",
      "fileName": "/usr/bin/openssl",
      "licenseConcluded": "NOASSERTION"
    }
  ],
  "name": "rgcrprod.azurecr.us/kubevirt/virt-launcher",
  "packages": [
    {
      "SPDXID": "SPDXRef-Package-binary-bash-819d877b64519d37",
      "copyrightText": "NOASSERTION",
      "downloadLocation": "NOASSERTION",
      "externalRefs": [
        {
          "referenceCategory": "SECURITY",
          "referenceLocator": "cpe:2.3:a:gnu:bash:5.1.8:*:*:*:*:*:*:*",
          "referenceType": "cpe23Type"
        },
        {
          "referenceCategory": "SECURITY",
          "referenceLocator": "cpe:2.3:a:bash:bash:5.1.8:*:*:*:*:*:*:*",
          "referenceType": "cpe23Type"
        },
        {
          "referenceCategory": "PACKAGE-MANAGER",
          "referenceLocator": "pkg:generic/bash@5.1.8",
          "referenceType": "purl"
        }
      ],
      "filesAnalyzed": false,
      "licenseConcluded": "NOASSERTION",
      "licenseDeclared": "NOASSERTION",
      "name": "bash",
      "sourceInfo": "acquired package info from the following paths: /usr/bin/bash",
      "supplier": "NOASSERTION",
      "versionInfo": "5.1.8"
    },
    {
      "SPDXID": "SPDXRef-Package-binary-openssl-3749c37853b6eebe",
      "copyrightText": "NOASSERTION",
      "downloadLocation": "NOASSERTION",
      "externalRefs": [
        {
          "referenceCategory": "SECURITY",
          "referenceLocator": "cpe:2.3:a:openssl:openssl:3.0.7:*:*:*:*:*:*:*",
          "referenceType": "cpe23Type"
        },
        {
          "referenceCategory": "SECURITY",
          "referenceLocator": "cpe:2.3:a:openssl:openssl:3.0.7:*:*:*:*:*:*:*",
          "referenceType": "cpe23Type"
        },
        {
          "referenceCategory": "PACKAGE-MANAGER",
          "referenceLocator": "pkg:generic/openssl@3.0.7",
          "referenceType": "purl"
        }
      ],
      "filesAnalyzed": false,
      "licenseConcluded": "NOASSERTION",
      "licenseDeclared": "NOASSERTION",
      "name": "openssl",
      "sourceInfo": "acquired package info from the following paths: /usr/bin/openssl",
      "supplier": "NOASSERTION",
      "versionInfo": "3.0.7"
    },
    {
      "SPDXID": "SPDXRef-DocumentRoot-Image-rgcrprod.azurecr.us-kubevirt-virt-launcher",
      "checksums": [
        {
          "algorithm": "SHA256",
          "checksumValue": "bdfa0fa8e92746b87626ac06d2cc7b6ff48c7e7399206221faeee231f6f95bbd"
        }
      ],
      "downloadLocation": "NOASSERTION",
      "externalRefs": [
        {
          "referenceCategory": "PACKAGE-MANAGER",
          "referenceLocator": "pkg:oci/rgcrprod.azurecr.us/kubevirt/virt-launcher@sha256:bdfa0fa8e92746b87626ac06d2cc7b6ff48c7e7399206221faeee231f6f95bbd?arch=amd64",
          "referenceType": "purl"
        }
      ],
      "filesAnalyzed": false,
      "name": "rgcrprod.azurecr.us/kubevirt/virt-launcher",
      "primaryPackagePurpose": "CONTAINER",
      "supplier": "NOASSERTION",
      "versionInfo": "sha256:bdfa0fa8e92746b87626ac06d2cc7b6ff48c7e7399206221faeee231f6f95bbd"
    }
  ],
  "relationships": [
    {
      "comment": "evident-by: indicates the package's existence is evident by the given file",
      "relatedSpdxElement": "SPDXRef-File-usr-bin-openssl-6b08f42c6bde7984",
      "relationshipType": "OTHER",
      "spdxElementId": "SPDXRef-Package-binary-openssl-3749c37853b6eebe"
    },
    {
      "comment": "evident-by: indicates the package's existence is evident by the given file",
      "relatedSpdxElement": "SPDXRef-File-usr-bin-bash-c1cf42d23035826d",
      "relationshipType": "OTHER",
      "spdxElementId": "SPDXRef-Package-binary-bash-819d877b64519d37"
    },
    {
      "relatedSpdxElement": "SPDXRef-Package-binary-bash-819d877b64519d37",
      "relationshipType": "CONTAINS",
      "spdxElementId": "SPDXRef-DocumentRoot-Image-rgcrprod.azurecr.us-kubevirt-virt-launcher"
    },
    {
      "relatedSpdxElement": "SPDXRef-Package-binary-openssl-3749c37853b6eebe",
      "relationshipType": "CONTAINS",
      "spdxElementId": "SPDXRef-DocumentRoot-Image-rgcrprod.azurecr.us-kubevirt-virt-launcher"
    },
    {
      "relatedSpdxElement": "SPDXRef-DocumentRoot-Image-rgcrprod.azurecr.us-kubevirt-virt-launcher",
      "relationshipType": "DESCRIBES",
      "spdxElementId": "SPDXRef-DOCUMENT"
    }
  ],
  "spdxVersion": "SPDX-2.3"
}
