{
  "SPDXID": "SPDXRef-DOCUMENT",
  "creationInfo": {
    "created": "2024-04-30T23:15:06Z",
    "creators": [
      "Organization: Anchore, Inc",
      "Tool: syft-0.103.1"
    ],
    "licenseListVersion": "3.22"
  },
  "dataLicense": "CC0-1.0",
  "documentNamespace": "https://anchore.com/syft/image/rgcrprod.azurecr.us/rancher/hardened-addon-resizer-2150371b-c210-4424-a7c0-aefba3971358",
  "files": [
    {
      "SPDXID": "SPDXRef-File-pod-nanny-a5165013b29f0abd",
      "checksums": [
        {
          "algorithm": "SHA1",
          "checksumValue": "0000000000000000000000000000000000000000"
        }
      ],
      "comment": "layerID: sha256:d32819112ccb9ed0172eee14bd739cf747eea89debbac202803b1ca5f86bbc2e",
      "copyrightText": "",
      "fileName": "/pod_nanny",
      "licenseConcluded": "NOASSERTION"
    }
  ],
  "name": "rgcrprod.azurecr.us/rancher/hardened-addon-resizer",
  "packages": [
    {
      "SPDXID": "SPDXRef-Package-go-module-command-line-arguments-b23c28e821c241b8",
      "copyrightText": "NOASSERTION",
      "downloadLocation": "NOASSERTION",
      "externalRefs": [
        {
          "referenceCategory": "PACKAGE-MANAGER",
          "referenceLocator": "pkg:golang/command-line-arguments@(devel)",
          "referenceType": "purl"
        }
      ],
      "filesAnalyzed": false,
      "licenseConcluded": "NOASSERTION",
      "licenseDeclared": "NOASSERTION",
      "name": "command-line-arguments",
      "sourceInfo": "acquired package info from go module information: /pod_nanny",
      "supplier": "NOASSERTION",
      "versionInfo": "(devel)"
    },
    {
      "SPDXID": "SPDXRef-Package-go-module-github.com-davecgh-go-spew-1c57e30e9d0e34e5",
      "copyrightText": "NOASSERTION",
      "downloadLocation": "NOASSERTION",
      "externalRefs": [
        {
          "referenceCategory": "SECURITY",
          "referenceLocator": "cpe:2.3:a:davecgh:go-spew:v1.1.1:*:*:*:*:*:*:*",
          "referenceType": "cpe23Type"
        },
        {
          "referenceCategory": "SECURITY",
          "referenceLocator": "cpe:2.3:a:davecgh:go_spew:v1.1.1:*:*:*:*:*:*:*",
          "referenceType": "cpe23Type"
        },
        {
          "referenceCategory": "PACKAGE-MANAGER",
          "referenceLocator": "pkg:golang/github.com/davecgh/go-spew@v1.1.1",
          "referenceType": "purl"
        }
      ],
      "filesAnalyzed": false,
      "licenseConcluded": "NOASSERTION",
      "licenseDeclared": "NOASSERTION",
      "name": "github.com/davecgh/go-spew",
      "sourceInfo": "acquired package info from go module information: /pod_nanny",
      "supplier": "NOASSERTION",
      "versionInfo": "v1.1.1"
    },
    {
      "SPDXID": "SPDXRef-Package-go-module-github.com-go-logr-logr-2423981e322c33bc",
      "copyrightText": "NOASSERTION",
      "downloadLocation": "NOASSERTION",
      "externalRefs": [
        {
          "referenceCategory": "SECURITY",
          "referenceLocator": "cpe:2.3:a:go-logr:logr:v0.4.0:*:*:*:*:*:*:*",
          "referenceType": "cpe23Type"
        },
        {
          "referenceCategory": "SECURITY",
          "referenceLocator": "cpe:2.3:a:go_logr:logr:v0.4.0:*:*:*:*:*:*:*",
          "referenceType": "cpe23Type"
        },
        {
          "referenceCategory": "SECURITY",
          "referenceLocator": "cpe:2.3:a:go:logr:v0.4.0:*:*:*:*:*:*:*",
          "referenceType": "cpe23Type"
        },
        {
          "referenceCategory": "PACKAGE-MANAGER",
          "referenceLocator": "pkg:golang/github.com/go-logr/logr@v0.4.0",
          "referenceType": "purl"
        }
      ],
      "filesAnalyzed": false,
      "licenseConcluded": "NOASSERTION",
      "licenseDeclared": "NOASSERTION",
      "name": "github.com/go-logr/logr",
      "sourceInfo": "acquired package info from go module information: /pod_nanny",
      "supplier": "NOASSERTION",
      "versionInfo": "v0.4.0"
    },
    {
      "SPDXID": "SPDXRef-Package-go-module-github.com-gogo-protobuf-f657e6f47ef080af",
      "copyrightText": "NOASSERTION",
      "downloadLocation": "NOASSERTION",
      "externalRefs": [
        {
          "referenceCategory": "SECURITY",
          "referenceLocator": "cpe:2.3:a:gogo:protobuf:v1.3.2:*:*:*:*:*:*:*",
          "referenceType": "cpe23Type"
        },
        {
          "referenceCategory": "PACKAGE-MANAGER",
          "referenceLocator": "pkg:golang/github.com/gogo/protobuf@v1.3.2",
          "referenceType": "purl"
        }
      ],
      "filesAnalyzed": false,
      "licenseConcluded": "NOASSERTION",
      "licenseDeclared": "NOASSERTION",
      "name": "github.com/gogo/protobuf",
      "sourceInfo": "acquired package info from go module information: /pod_nanny",
      "supplier": "NOASSERTION",
      "versionInfo": "v1.3.2"
    },
    {
      "SPDXID": "SPDXRef-Package-go-module-github.com-golang-glog-e788ecb0330983e7",
      "copyrightText": "NOASSERTION",
      "downloadLocation": "NOASSERTION",
      "externalRefs": [
        {
          "referenceCategory": "SECURITY",
          "referenceLocator": "cpe:2.3:a:golang:glog:v0.0.0-20210429001901-424d2337a529:*:*:*:*:*:*:*",
          "referenceType": "cpe23Type"
        },
        {
          "referenceCategory": "PACKAGE-MANAGER",
          "referenceLocator": "pkg:golang/github.com/golang/glog@v0.0.0-20210429001901-424d2337a529",
          "referenceType": "purl"
        }
      ],
      "filesAnalyzed": false,
      "licenseConcluded": "NOASSERTION",
      "licenseDeclared": "NOASSERTION",
      "name": "github.com/golang/glog",
      "sourceInfo": "acquired package info from go module information: /pod_nanny",
      "supplier": "NOASSERTION",
      "versionInfo": "v0.0.0-20210429001901-424d2337a529"
    },
    {
      "SPDXID": "SPDXRef-Package-go-module-github.com-golang-protobuf-640ed0c03403d69c",
      "copyrightText": "NOASSERTION",
      "downloadLocation": "NOASSERTION",
      "externalRefs": [
        {
          "referenceCategory": "SECURITY",
          "referenceLocator": "cpe:2.3:a:golang:protobuf:v1.5.2:*:*:*:*:*:*:*",
          "referenceType": "cpe23Type"
        },
        {
          "referenceCategory": "PACKAGE-MANAGER",
          "referenceLocator": "pkg:golang/github.com/golang/protobuf@v1.5.2",
          "referenceType": "purl"
        }
      ],
      "filesAnalyzed": false,
      "licenseConcluded": "NOASSERTION",
      "licenseDeclared": "NOASSERTION",
      "name": "github.com/golang/protobuf",
      "sourceInfo": "acquired package info from go module information: /pod_nanny",
      "supplier": "NOASSERTION",
      "versionInfo": "v1.5.2"
    },
    {
      "SPDXID": "SPDXRef-Package-go-module-github.com-google-go-cmp-2323a29d880310a6",
      "copyrightText": "NOASSERTION",
      "downloadLocation": "NOASSERTION",
      "externalRefs": [
        {
          "referenceCategory": "SECURITY",
          "referenceLocator": "cpe:2.3:a:google:go-cmp:v0.5.8:*:*:*:*:*:*:*",
          "referenceType": "cpe23Type"
        },
        {
          "referenceCategory": "SECURITY",
          "referenceLocator": "cpe:2.3:a:google:go_cmp:v0.5.8:*:*:*:*:*:*:*",
          "referenceType": "cpe23Type"
        },
        {
          "referenceCategory": "PACKAGE-MANAGER",
          "referenceLocator": "pkg:golang/github.com/google/go-cmp@v0.5.8",
          "referenceType": "purl"
        }
      ],
      "filesAnalyzed": false,
      "licenseConcluded": "NOASSERTION",
      "licenseDeclared": "NOASSERTION",
      "name": "github.com/google/go-cmp",
      "sourceInfo": "acquired package info from go module information: /pod_nanny",
      "supplier": "NOASSERTION",
      "versionInfo": "v0.5.8"
    },
    {
      "SPDXID": "SPDXRef-Package-go-module-github.com-google-gofuzz-d881fe680005d72d",
      "copyrightText": "NOASSERTION",
      "downloadLocation": "NOASSERTION",
      "externalRefs": [
        {
          "referenceCategory": "SECURITY",
          "referenceLocator": "cpe:2.3:a:google:gofuzz:v1.2.0:*:*:*:*:*:*:*",
          "referenceType": "cpe23Type"
        },
        {
          "referenceCategory": "PACKAGE-MANAGER",
          "referenceLocator": "pkg:golang/github.com/google/gofuzz@v1.2.0",
          "referenceType": "purl"
        }
      ],
      "filesAnalyzed": false,
      "licenseConcluded": "NOASSERTION",
      "licenseDeclared": "NOASSERTION",
      "name": "github.com/google/gofuzz",
      "sourceInfo": "acquired package info from go module information: /pod_nanny",
      "supplier": "NOASSERTION",
      "versionInfo": "v1.2.0"
    },
    {
      "SPDXID": "SPDXRef-Package-go-module-github.com-googleapis-gnostic-92a67b943ca01747",
      "copyrightText": "NOASSERTION",
      "downloadLocation": "NOASSERTION",
      "externalRefs": [
        {
          "referenceCategory": "SECURITY",
          "referenceLocator": "cpe:2.3:a:googleapis:gnostic:v0.5.5:*:*:*:*:*:*:*",
          "referenceType": "cpe23Type"
        },
        {
          "referenceCategory": "PACKAGE-MANAGER",
          "referenceLocator": "pkg:golang/github.com/googleapis/gnostic@v0.5.5",
          "referenceType": "purl"
        }
      ],
      "filesAnalyzed": false,
      "licenseConcluded": "NOASSERTION",
      "licenseDeclared": "NOASSERTION",
      "name": "github.com/googleapis/gnostic",
      "sourceInfo": "acquired package info from go module information: /pod_nanny",
      "supplier": "NOASSERTION",
      "versionInfo": "v0.5.5"
    },
    {
      "SPDXID": "SPDXRef-Package-go-module-github.com-json-iterator-go-308e48fbb5fde4d5",
      "copyrightText": "NOASSERTION",
      "downloadLocation": "NOASSERTION",
      "externalRefs": [
        {
          "referenceCategory": "SECURITY",
          "referenceLocator": "cpe:2.3:a:json-iterator:go:v1.1.11:*:*:*:*:*:*:*",
          "referenceType": "cpe23Type"
        },
        {
          "referenceCategory": "SECURITY",
          "referenceLocator": "cpe:2.3:a:json_iterator:go:v1.1.11:*:*:*:*:*:*:*",
          "referenceType": "cpe23Type"
        },
        {
          "referenceCategory": "SECURITY",
          "referenceLocator": "cpe:2.3:a:json:go:v1.1.11:*:*:*:*:*:*:*",
          "referenceType": "cpe23Type"
        },
        {
          "referenceCategory": "PACKAGE-MANAGER",
          "referenceLocator": "pkg:golang/github.com/json-iterator/go@v1.1.11",
          "referenceType": "purl"
        }
      ],
      "filesAnalyzed": false,
      "licenseConcluded": "NOASSERTION",
      "licenseDeclared": "NOASSERTION",
      "name": "github.com/json-iterator/go",
      "sourceInfo": "acquired package info from go module information: /pod_nanny",
      "supplier": "NOASSERTION",
      "versionInfo": "v1.1.11"
    },
    {
      "SPDXID": "SPDXRef-Package-go-module-github.com-matttproud-golang-protobuf-extensions-2f4e8be2a5b6bcc3",
      "copyrightText": "NOASSERTION",
      "downloadLocation": "NOASSERTION",
      "externalRefs": [
        {
          "referenceCategory": "SECURITY",
          "referenceLocator": "cpe:2.3:a:matttproud:golang-protobuf-extensions:v1.0.4:*:*:*:*:*:*:*",
          "referenceType": "cpe23Type"
        },
        {
          "referenceCategory": "SECURITY",
          "referenceLocator": "cpe:2.3:a:matttproud:golang_protobuf_extensions:v1.0.4:*:*:*:*:*:*:*",
          "referenceType": "cpe23Type"
        },
        {
          "referenceCategory": "PACKAGE-MANAGER",
          "referenceLocator": "pkg:golang/github.com/matttproud/golang_protobuf_extensions@v1.0.4",
          "referenceType": "purl"
        }
      ],
      "filesAnalyzed": false,
      "licenseConcluded": "NOASSERTION",
      "licenseDeclared": "NOASSERTION",
      "name": "github.com/matttproud/golang_protobuf_extensions",
      "sourceInfo": "acquired package info from go module information: /pod_nanny",
      "supplier": "NOASSERTION",
      "versionInfo": "v1.0.4"
    },
    {
      "SPDXID": "SPDXRef-Package-go-module-github.com-modern-go-concurrent-ba38f4efd764cfc9",
      "copyrightText": "NOASSERTION",
      "downloadLocation": "NOASSERTION",
      "externalRefs": [
        {
          "referenceCategory": "SECURITY",
          "referenceLocator": "cpe:2.3:a:modern-go:concurrent:v0.0.0-20180306012644-bacd9c7ef1dd:*:*:*:*:*:*:*",
          "referenceType": "cpe23Type"
        },
        {
          "referenceCategory": "SECURITY",
          "referenceLocator": "cpe:2.3:a:modern_go:concurrent:v0.0.0-20180306012644-bacd9c7ef1dd:*:*:*:*:*:*:*",
          "referenceType": "cpe23Type"
        },
        {
          "referenceCategory": "SECURITY",
          "referenceLocator": "cpe:2.3:a:modern:concurrent:v0.0.0-20180306012644-bacd9c7ef1dd:*:*:*:*:*:*:*",
          "referenceType": "cpe23Type"
        },
        {
          "referenceCategory": "PACKAGE-MANAGER",
          "referenceLocator": "pkg:golang/github.com/modern-go/concurrent@v0.0.0-20180306012644-bacd9c7ef1dd",
          "referenceType": "purl"
        }
      ],
      "filesAnalyzed": false,
      "licenseConcluded": "NOASSERTION",
      "licenseDeclared": "NOASSERTION",
      "name": "github.com/modern-go/concurrent",
      "sourceInfo": "acquired package info from go module information: /pod_nanny",
      "supplier": "NOASSERTION",
      "versionInfo": "v0.0.0-20180306012644-bacd9c7ef1dd"
    },
    {
      "SPDXID": "SPDXRef-Package-go-module-github.com-modern-go-reflect2-882fd9f5383f98ac",
      "copyrightText": "NOASSERTION",
      "downloadLocation": "NOASSERTION",
      "externalRefs": [
        {
          "referenceCategory": "SECURITY",
          "referenceLocator": "cpe:2.3:a:modern-go:reflect2:v1.0.1:*:*:*:*:*:*:*",
          "referenceType": "cpe23Type"
        },
        {
          "referenceCategory": "SECURITY",
          "referenceLocator": "cpe:2.3:a:modern_go:reflect2:v1.0.1:*:*:*:*:*:*:*",
          "referenceType": "cpe23Type"
        },
        {
          "referenceCategory": "SECURITY",
          "referenceLocator": "cpe:2.3:a:modern:reflect2:v1.0.1:*:*:*:*:*:*:*",
          "referenceType": "cpe23Type"
        },
        {
          "referenceCategory": "PACKAGE-MANAGER",
          "referenceLocator": "pkg:golang/github.com/modern-go/reflect2@v1.0.1",
          "referenceType": "purl"
        }
      ],
      "filesAnalyzed": false,
      "licenseConcluded": "NOASSERTION",
      "licenseDeclared": "NOASSERTION",
      "name": "github.com/modern-go/reflect2",
      "sourceInfo": "acquired package info from go module information: /pod_nanny",
      "supplier": "NOASSERTION",
      "versionInfo": "v1.0.1"
    },
    {
      "SPDXID": "SPDXRef-Package-go-module-github.com-prometheus-client-model-d51db31e8c90507c",
      "copyrightText": "NOASSERTION",
      "downloadLocation": "NOASSERTION",
      "externalRefs": [
        {
          "referenceCategory": "SECURITY",
          "referenceLocator": "cpe:2.3:a:prometheus:client-model:v0.3.0:*:*:*:*:*:*:*",
          "referenceType": "cpe23Type"
        },
        {
          "referenceCategory": "SECURITY",
          "referenceLocator": "cpe:2.3:a:prometheus:client_model:v0.3.0:*:*:*:*:*:*:*",
          "referenceType": "cpe23Type"
        },
        {
          "referenceCategory": "PACKAGE-MANAGER",
          "referenceLocator": "pkg:golang/github.com/prometheus/client_model@v0.3.0",
          "referenceType": "purl"
        }
      ],
      "filesAnalyzed": false,
      "licenseConcluded": "NOASSERTION",
      "licenseDeclared": "NOASSERTION",
      "name": "github.com/prometheus/client_model",
      "sourceInfo": "acquired package info from go module information: /pod_nanny",
      "supplier": "NOASSERTION",
      "versionInfo": "v0.3.0"
    },
    {
      "SPDXID": "SPDXRef-Package-go-module-github.com-prometheus-common-fc756dde6131d0b6",
      "copyrightText": "NOASSERTION",
      "downloadLocation": "NOASSERTION",
      "externalRefs": [
        {
          "referenceCategory": "SECURITY",
          "referenceLocator": "cpe:2.3:a:prometheus:common:v0.42.0:*:*:*:*:*:*:*",
          "referenceType": "cpe23Type"
        },
        {
          "referenceCategory": "PACKAGE-MANAGER",
          "referenceLocator": "pkg:golang/github.com/prometheus/common@v0.42.0",
          "referenceType": "purl"
        }
      ],
      "filesAnalyzed": false,
      "licenseConcluded": "NOASSERTION",
      "licenseDeclared": "NOASSERTION",
      "name": "github.com/prometheus/common",
      "sourceInfo": "acquired package info from go module information: /pod_nanny",
      "supplier": "NOASSERTION",
      "versionInfo": "v0.42.0"
    },
    {
      "SPDXID": "SPDXRef-Package-go-module-github.com-spf13-pflag-1833af1e3a28716d",
      "copyrightText": "NOASSERTION",
      "downloadLocation": "NOASSERTION",
      "externalRefs": [
        {
          "referenceCategory": "SECURITY",
          "referenceLocator": "cpe:2.3:a:spf13:pflag:v1.0.5:*:*:*:*:*:*:*",
          "referenceType": "cpe23Type"
        },
        {
          "referenceCategory": "PACKAGE-MANAGER",
          "referenceLocator": "pkg:golang/github.com/spf13/pflag@v1.0.5",
          "referenceType": "purl"
        }
      ],
      "filesAnalyzed": false,
      "licenseConcluded": "NOASSERTION",
      "licenseDeclared": "NOASSERTION",
      "name": "github.com/spf13/pflag",
      "sourceInfo": "acquired package info from go module information: /pod_nanny",
      "supplier": "NOASSERTION",
      "versionInfo": "v1.0.5"
    },
    {
      "SPDXID": "SPDXRef-Package-go-module-golang.org-x-net-8231be92bc85c9ad",
      "copyrightText": "NOASSERTION",
      "downloadLocation": "NOASSERTION",
      "externalRefs": [
        {
          "referenceCategory": "SECURITY",
          "referenceLocator": "cpe:2.3:a:golang:x\\/net:v0.17.0:*:*:*:*:*:*:*",
          "referenceType": "cpe23Type"
        },
        {
          "referenceCategory": "PACKAGE-MANAGER",
          "referenceLocator": "pkg:golang/golang.org/x/net@v0.17.0",
          "referenceType": "purl"
        }
      ],
      "filesAnalyzed": false,
      "licenseConcluded": "NOASSERTION",
      "licenseDeclared": "NOASSERTION",
      "name": "golang.org/x/net",
      "sourceInfo": "acquired package info from go module information: /pod_nanny",
      "supplier": "NOASSERTION",
      "versionInfo": "v0.17.0"
    },
    {
      "SPDXID": "SPDXRef-Package-go-module-golang.org-x-oauth2-2a16409c228fd2a4",
      "copyrightText": "NOASSERTION",
      "downloadLocation": "NOASSERTION",
      "externalRefs": [
        {
          "referenceCategory": "SECURITY",
          "referenceLocator": "cpe:2.3:a:golang:x\\/oauth2:v0.5.0:*:*:*:*:*:*:*",
          "referenceType": "cpe23Type"
        },
        {
          "referenceCategory": "PACKAGE-MANAGER",
          "referenceLocator": "pkg:golang/golang.org/x/oauth2@v0.5.0",
          "referenceType": "purl"
        }
      ],
      "filesAnalyzed": false,
      "licenseConcluded": "NOASSERTION",
      "licenseDeclared": "NOASSERTION",
      "name": "golang.org/x/oauth2",
      "sourceInfo": "acquired package info from go module information: /pod_nanny",
      "supplier": "NOASSERTION",
      "versionInfo": "v0.5.0"
    },
    {
      "SPDXID": "SPDXRef-Package-go-module-golang.org-x-sys-70f610755b008c1c",
      "copyrightText": "NOASSERTION",
      "downloadLocation": "NOASSERTION",
      "externalRefs": [
        {
          "referenceCategory": "SECURITY",
          "referenceLocator": "cpe:2.3:a:golang:x\\/sys:v0.13.0:*:*:*:*:*:*:*",
          "referenceType": "cpe23Type"
        },
        {
          "referenceCategory": "PACKAGE-MANAGER",
          "referenceLocator": "pkg:golang/golang.org/x/sys@v0.13.0",
          "referenceType": "purl"
        }
      ],
      "filesAnalyzed": false,
      "licenseConcluded": "NOASSERTION",
      "licenseDeclared": "NOASSERTION",
      "name": "golang.org/x/sys",
      "sourceInfo": "acquired package info from go module information: /pod_nanny",
      "supplier": "NOASSERTION",
      "versionInfo": "v0.13.0"
    },
    {
      "SPDXID": "SPDXRef-Package-go-module-golang.org-x-term-a9b5c9064cf2906c",
      "copyrightText": "NOASSERTION",
      "downloadLocation": "NOASSERTION",
      "externalRefs": [
        {
          "referenceCategory": "SECURITY",
          "referenceLocator": "cpe:2.3:a:golang:x\\/term:v0.13.0:*:*:*:*:*:*:*",
          "referenceType": "cpe23Type"
        },
        {
          "referenceCategory": "PACKAGE-MANAGER",
          "referenceLocator": "pkg:golang/golang.org/x/term@v0.13.0",
          "referenceType": "purl"
        }
      ],
      "filesAnalyzed": false,
      "licenseConcluded": "NOASSERTION",
      "licenseDeclared": "NOASSERTION",
      "name": "golang.org/x/term",
      "sourceInfo": "acquired package info from go module information: /pod_nanny",
      "supplier": "NOASSERTION",
      "versionInfo": "v0.13.0"
    },
    {
      "SPDXID": "SPDXRef-Package-go-module-golang.org-x-text-53b45ed2c1d5c1d7",
      "copyrightText": "NOASSERTION",
      "downloadLocation": "NOASSERTION",
      "externalRefs": [
        {
          "referenceCategory": "SECURITY",
          "referenceLocator": "cpe:2.3:a:golang:x\\/text:v0.13.0:*:*:*:*:*:*:*",
          "referenceType": "cpe23Type"
        },
        {
          "referenceCategory": "PACKAGE-MANAGER",
          "referenceLocator": "pkg:golang/golang.org/x/text@v0.13.0",
          "referenceType": "purl"
        }
      ],
      "filesAnalyzed": false,
      "licenseConcluded": "NOASSERTION",
      "licenseDeclared": "NOASSERTION",
      "name": "golang.org/x/text",
      "sourceInfo": "acquired package info from go module information: /pod_nanny",
      "supplier": "NOASSERTION",
      "versionInfo": "v0.13.0"
    },
    {
      "SPDXID": "SPDXRef-Package-go-module-golang.org-x-time-40042983f6a512c0",
      "copyrightText": "NOASSERTION",
      "downloadLocation": "NOASSERTION",
      "externalRefs": [
        {
          "referenceCategory": "SECURITY",
          "referenceLocator": "cpe:2.3:a:golang:x\\/time:v0.0.0-20210220033141-f8bda1e9f3ba:*:*:*:*:*:*:*",
          "referenceType": "cpe23Type"
        },
        {
          "referenceCategory": "PACKAGE-MANAGER",
          "referenceLocator": "pkg:golang/golang.org/x/time@v0.0.0-20210220033141-f8bda1e9f3ba",
          "referenceType": "purl"
        }
      ],
      "filesAnalyzed": false,
      "licenseConcluded": "NOASSERTION",
      "licenseDeclared": "NOASSERTION",
      "name": "golang.org/x/time",
      "sourceInfo": "acquired package info from go module information: /pod_nanny",
      "supplier": "NOASSERTION",
      "versionInfo": "v0.0.0-20210220033141-f8bda1e9f3ba"
    },
    {
      "SPDXID": "SPDXRef-Package-go-module-google.golang.org-protobuf-88f0844e75c6e88f",
      "copyrightText": "NOASSERTION",
      "downloadLocation": "NOASSERTION",
      "externalRefs": [
        {
          "referenceCategory": "SECURITY",
          "referenceLocator": "cpe:2.3:a:google:protobuf:v1.28.1:*:*:*:*:*:*:*",
          "referenceType": "cpe23Type"
        },
        {
          "referenceCategory": "PACKAGE-MANAGER",
          "referenceLocator": "pkg:golang/google.golang.org/protobuf@v1.28.1",
          "referenceType": "purl"
        }
      ],
      "filesAnalyzed": false,
      "licenseConcluded": "NOASSERTION",
      "licenseDeclared": "NOASSERTION",
      "name": "google.golang.org/protobuf",
      "sourceInfo": "acquired package info from go module information: /pod_nanny",
      "supplier": "NOASSERTION",
      "versionInfo": "v1.28.1"
    },
    {
      "SPDXID": "SPDXRef-Package-go-module-gopkg.in-inf.v0-e51ce70538ea915b",
      "copyrightText": "NOASSERTION",
      "downloadLocation": "NOASSERTION",
      "externalRefs": [
        {
          "referenceCategory": "PACKAGE-MANAGER",
          "referenceLocator": "pkg:golang/gopkg.in/inf.v0@v0.9.1",
          "referenceType": "purl"
        }
      ],
      "filesAnalyzed": false,
      "licenseConcluded": "NOASSERTION",
      "licenseDeclared": "NOASSERTION",
      "name": "gopkg.in/inf.v0",
      "sourceInfo": "acquired package info from go module information: /pod_nanny",
      "supplier": "NOASSERTION",
      "versionInfo": "v0.9.1"
    },
    {
      "SPDXID": "SPDXRef-Package-go-module-gopkg.in-yaml.v2-538697330a9ab8ef",
      "copyrightText": "NOASSERTION",
      "downloadLocation": "NOASSERTION",
      "externalRefs": [
        {
          "referenceCategory": "PACKAGE-MANAGER",
          "referenceLocator": "pkg:golang/gopkg.in/yaml.v2@v2.4.0",
          "referenceType": "purl"
        }
      ],
      "filesAnalyzed": false,
      "licenseConcluded": "NOASSERTION",
      "licenseDeclared": "NOASSERTION",
      "name": "gopkg.in/yaml.v2",
      "sourceInfo": "acquired package info from go module information: /pod_nanny",
      "supplier": "NOASSERTION",
      "versionInfo": "v2.4.0"
    },
    {
      "SPDXID": "SPDXRef-Package-go-module-gopkg.in-yaml.v3-1d957c2a55b37bf3",
      "copyrightText": "NOASSERTION",
      "downloadLocation": "NOASSERTION",
      "externalRefs": [
        {
          "referenceCategory": "PACKAGE-MANAGER",
          "referenceLocator": "pkg:golang/gopkg.in/yaml.v3@v3.0.0-20220521103104-8f96da9f5d5e",
          "referenceType": "purl"
        }
      ],
      "filesAnalyzed": false,
      "licenseConcluded": "NOASSERTION",
      "licenseDeclared": "NOASSERTION",
      "name": "gopkg.in/yaml.v3",
      "sourceInfo": "acquired package info from go module information: /pod_nanny",
      "supplier": "NOASSERTION",
      "versionInfo": "v3.0.0-20220521103104-8f96da9f5d5e"
    },
    {
      "SPDXID": "SPDXRef-Package-go-module-k8s.io-api-3ff8e4a890ba89c2",
      "copyrightText": "NOASSERTION",
      "downloadLocation": "NOASSERTION",
      "externalRefs": [
        {
          "referenceCategory": "PACKAGE-MANAGER",
          "referenceLocator": "pkg:golang/k8s.io/api@v0.21.1",
          "referenceType": "purl"
        }
      ],
      "filesAnalyzed": false,
      "licenseConcluded": "NOASSERTION",
      "licenseDeclared": "NOASSERTION",
      "name": "k8s.io/api",
      "sourceInfo": "acquired package info from go module information: /pod_nanny",
      "supplier": "NOASSERTION",
      "versionInfo": "v0.21.1"
    },
    {
      "SPDXID": "SPDXRef-Package-go-module-k8s.io-apimachinery-f283eaf5eb92c9a4",
      "copyrightText": "NOASSERTION",
      "downloadLocation": "NOASSERTION",
      "externalRefs": [
        {
          "referenceCategory": "PACKAGE-MANAGER",
          "referenceLocator": "pkg:golang/k8s.io/apimachinery@v0.21.1",
          "referenceType": "purl"
        }
      ],
      "filesAnalyzed": false,
      "licenseConcluded": "NOASSERTION",
      "licenseDeclared": "NOASSERTION",
      "name": "k8s.io/apimachinery",
      "sourceInfo": "acquired package info from go module information: /pod_nanny",
      "supplier": "NOASSERTION",
      "versionInfo": "v0.21.1"
    },
    {
      "SPDXID": "SPDXRef-Package-go-module-k8s.io-autoscaler-addon-resizer-0e7a20a52f8a72c8",
      "copyrightText": "NOASSERTION",
      "downloadLocation": "NOASSERTION",
      "externalRefs": [
        {
          "referenceCategory": "SECURITY",
          "referenceLocator": "cpe:2.3:a:autoscaler:addon-resizer:\\(devel\\):*:*:*:*:*:*:*",
          "referenceType": "cpe23Type"
        },
        {
          "referenceCategory": "SECURITY",
          "referenceLocator": "cpe:2.3:a:autoscaler:addon_resizer:\\(devel\\):*:*:*:*:*:*:*",
          "referenceType": "cpe23Type"
        },
        {
          "referenceCategory": "PACKAGE-MANAGER",
          "referenceLocator": "pkg:golang/k8s.io/autoscaler/addon-resizer@(devel)",
          "referenceType": "purl"
        }
      ],
      "filesAnalyzed": false,
      "licenseConcluded": "NOASSERTION",
      "licenseDeclared": "NOASSERTION",
      "name": "k8s.io/autoscaler/addon-resizer",
      "sourceInfo": "acquired package info from go module information: /pod_nanny",
      "supplier": "NOASSERTION",
      "versionInfo": "(devel)"
    },
    {
      "SPDXID": "SPDXRef-Package-go-module-k8s.io-client-go-9e44c18738b80cb3",
      "copyrightText": "NOASSERTION",
      "downloadLocation": "NOASSERTION",
      "externalRefs": [
        {
          "referenceCategory": "PACKAGE-MANAGER",
          "referenceLocator": "pkg:golang/k8s.io/client-go@v0.21.1",
          "referenceType": "purl"
        }
      ],
      "filesAnalyzed": false,
      "licenseConcluded": "NOASSERTION",
      "licenseDeclared": "NOASSERTION",
      "name": "k8s.io/client-go",
      "sourceInfo": "acquired package info from go module information: /pod_nanny",
      "supplier": "NOASSERTION",
      "versionInfo": "v0.21.1"
    },
    {
      "SPDXID": "SPDXRef-Package-go-module-k8s.io-klog-v2-3b1aaf42e6204607",
      "copyrightText": "NOASSERTION",
      "downloadLocation": "NOASSERTION",
      "externalRefs": [
        {
          "referenceCategory": "SECURITY",
          "referenceLocator": "cpe:2.3:a:klog:v2:v2.9.0:*:*:*:*:*:*:*",
          "referenceType": "cpe23Type"
        },
        {
          "referenceCategory": "PACKAGE-MANAGER",
          "referenceLocator": "pkg:golang/k8s.io/klog/v2@v2.9.0",
          "referenceType": "purl"
        }
      ],
      "filesAnalyzed": false,
      "licenseConcluded": "NOASSERTION",
      "licenseDeclared": "NOASSERTION",
      "name": "k8s.io/klog/v2",
      "sourceInfo": "acquired package info from go module information: /pod_nanny",
      "supplier": "NOASSERTION",
      "versionInfo": "v2.9.0"
    },
    {
      "SPDXID": "SPDXRef-Package-go-module-k8s.io-utils-98ee4aa446a837c4",
      "copyrightText": "NOASSERTION",
      "downloadLocation": "NOASSERTION",
      "externalRefs": [
        {
          "referenceCategory": "PACKAGE-MANAGER",
          "referenceLocator": "pkg:golang/k8s.io/utils@v0.0.0-20210521133846-da695404a2bc",
          "referenceType": "purl"
        }
      ],
      "filesAnalyzed": false,
      "licenseConcluded": "NOASSERTION",
      "licenseDeclared": "NOASSERTION",
      "name": "k8s.io/utils",
      "sourceInfo": "acquired package info from go module information: /pod_nanny",
      "supplier": "NOASSERTION",
      "versionInfo": "v0.0.0-20210521133846-da695404a2bc"
    },
    {
      "SPDXID": "SPDXRef-Package-go-module-sigs.k8s.io-structured-merge-diff-v4-7a2ba238af1cebf1",
      "copyrightText": "NOASSERTION",
      "downloadLocation": "NOASSERTION",
      "externalRefs": [
        {
          "referenceCategory": "SECURITY",
          "referenceLocator": "cpe:2.3:a:structured-merge-diff:v4:v4.1.1:*:*:*:*:*:*:*",
          "referenceType": "cpe23Type"
        },
        {
          "referenceCategory": "SECURITY",
          "referenceLocator": "cpe:2.3:a:structured_merge_diff:v4:v4.1.1:*:*:*:*:*:*:*",
          "referenceType": "cpe23Type"
        },
        {
          "referenceCategory": "SECURITY",
          "referenceLocator": "cpe:2.3:a:structured-merge:v4:v4.1.1:*:*:*:*:*:*:*",
          "referenceType": "cpe23Type"
        },
        {
          "referenceCategory": "SECURITY",
          "referenceLocator": "cpe:2.3:a:structured_merge:v4:v4.1.1:*:*:*:*:*:*:*",
          "referenceType": "cpe23Type"
        },
        {
          "referenceCategory": "SECURITY",
          "referenceLocator": "cpe:2.3:a:structured:v4:v4.1.1:*:*:*:*:*:*:*",
          "referenceType": "cpe23Type"
        },
        {
          "referenceCategory": "PACKAGE-MANAGER",
          "referenceLocator": "pkg:golang/sigs.k8s.io/structured-merge-diff/v4@v4.1.1",
          "referenceType": "purl"
        }
      ],
      "filesAnalyzed": false,
      "licenseConcluded": "NOASSERTION",
      "licenseDeclared": "NOASSERTION",
      "name": "sigs.k8s.io/structured-merge-diff/v4",
      "sourceInfo": "acquired package info from go module information: /pod_nanny",
      "supplier": "NOASSERTION",
      "versionInfo": "v4.1.1"
    },
    {
      "SPDXID": "SPDXRef-Package-go-module-sigs.k8s.io-yaml-e5c7e528da139ddb",
      "copyrightText": "NOASSERTION",
      "downloadLocation": "NOASSERTION",
      "externalRefs": [
        {
          "referenceCategory": "PACKAGE-MANAGER",
          "referenceLocator": "pkg:golang/sigs.k8s.io/yaml@v1.2.0",
          "referenceType": "purl"
        }
      ],
      "filesAnalyzed": false,
      "licenseConcluded": "NOASSERTION",
      "licenseDeclared": "NOASSERTION",
      "name": "sigs.k8s.io/yaml",
      "sourceInfo": "acquired package info from go module information: /pod_nanny",
      "supplier": "NOASSERTION",
      "versionInfo": "v1.2.0"
    },
    {
      "SPDXID": "SPDXRef-Package-go-module-stdlib-a05dc1e2638299d2",
      "copyrightText": "NOASSERTION",
      "downloadLocation": "NOASSERTION",
      "externalRefs": [
        {
          "referenceCategory": "SECURITY",
          "referenceLocator": "cpe:2.3:a:golang:go:1.20.14:-:*:*:*:*:*:*",
          "referenceType": "cpe23Type"
        },
        {
          "referenceCategory": "PACKAGE-MANAGER",
          "referenceLocator": "pkg:golang/stdlib@1.20.14%20X:boringcrypto",
          "referenceType": "purl"
        }
      ],
      "filesAnalyzed": false,
      "licenseConcluded": "NOASSERTION",
      "licenseDeclared": "BSD-3-Clause",
      "name": "stdlib",
      "sourceInfo": "acquired package info from go module information: /pod_nanny",
      "supplier": "NOASSERTION",
      "versionInfo": "go1.20.14 X:boringcrypto"
    },
    {
      "SPDXID": "SPDXRef-DocumentRoot-Image-rgcrprod.azurecr.us-rancher-hardened-addon-resizer",
      "checksums": [
        {
          "algorithm": "SHA256",
          "checksumValue": "d8922f7f9db06fa9d7dbdaf0bed10e953a4e7c8e381b80d1007523aa50de4e89"
        }
      ],
      "downloadLocation": "NOASSERTION",
      "externalRefs": [
        {
          "referenceCategory": "PACKAGE-MANAGER",
          "referenceLocator": "pkg:oci/rgcrprod.azurecr.us/rancher/hardened-addon-resizer@sha256:d8922f7f9db06fa9d7dbdaf0bed10e953a4e7c8e381b80d1007523aa50de4e89?arch=amd64",
          "referenceType": "purl"
        }
      ],
      "filesAnalyzed": false,
      "name": "rgcrprod.azurecr.us/rancher/hardened-addon-resizer",
      "primaryPackagePurpose": "CONTAINER",
      "supplier": "NOASSERTION",
      "versionInfo": "sha256:d8922f7f9db06fa9d7dbdaf0bed10e953a4e7c8e381b80d1007523aa50de4e89"
    }
  ],
  "relationships": [
    {
      "comment": "evident-by: indicates the package's existence is evident by the given file",
      "relatedSpdxElement": "SPDXRef-File-pod-nanny-a5165013b29f0abd",
      "relationshipType": "OTHER",
      "spdxElementId": "SPDXRef-Package-go-module-k8s.io-autoscaler-addon-resizer-0e7a20a52f8a72c8"
    },
    {
      "comment": "evident-by: indicates the package's existence is evident by the given file",
      "relatedSpdxElement": "SPDXRef-File-pod-nanny-a5165013b29f0abd",
      "relationshipType": "OTHER",
      "spdxElementId": "SPDXRef-Package-go-module-github.com-spf13-pflag-1833af1e3a28716d"
    },
    {
      "comment": "evident-by: indicates the package's existence is evident by the given file",
      "relatedSpdxElement": "SPDXRef-File-pod-nanny-a5165013b29f0abd",
      "relationshipType": "OTHER",
      "spdxElementId": "SPDXRef-Package-go-module-github.com-davecgh-go-spew-1c57e30e9d0e34e5"
    },
    {
      "comment": "evident-by: indicates the package's existence is evident by the given file",
      "relatedSpdxElement": "SPDXRef-File-pod-nanny-a5165013b29f0abd",
      "relationshipType": "OTHER",
      "spdxElementId": "SPDXRef-Package-go-module-gopkg.in-yaml.v3-1d957c2a55b37bf3"
    },
    {
      "comment": "evident-by: indicates the package's existence is evident by the given file",
      "relatedSpdxElement": "SPDXRef-File-pod-nanny-a5165013b29f0abd",
      "relationshipType": "OTHER",
      "spdxElementId": "SPDXRef-Package-go-module-github.com-google-go-cmp-2323a29d880310a6"
    },
    {
      "comment": "evident-by: indicates the package's existence is evident by the given file",
      "relatedSpdxElement": "SPDXRef-File-pod-nanny-a5165013b29f0abd",
      "relationshipType": "OTHER",
      "spdxElementId": "SPDXRef-Package-go-module-github.com-go-logr-logr-2423981e322c33bc"
    },
    {
      "comment": "evident-by: indicates the package's existence is evident by the given file",
      "relatedSpdxElement": "SPDXRef-File-pod-nanny-a5165013b29f0abd",
      "relationshipType": "OTHER",
      "spdxElementId": "SPDXRef-Package-go-module-golang.org-x-oauth2-2a16409c228fd2a4"
    },
    {
      "comment": "evident-by: indicates the package's existence is evident by the given file",
      "relatedSpdxElement": "SPDXRef-File-pod-nanny-a5165013b29f0abd",
      "relationshipType": "OTHER",
      "spdxElementId": "SPDXRef-Package-go-module-github.com-matttproud-golang-protobuf-extensions-2f4e8be2a5b6bcc3"
    },
    {
      "comment": "evident-by: indicates the package's existence is evident by the given file",
      "relatedSpdxElement": "SPDXRef-File-pod-nanny-a5165013b29f0abd",
      "relationshipType": "OTHER",
      "spdxElementId": "SPDXRef-Package-go-module-github.com-json-iterator-go-308e48fbb5fde4d5"
    },
    {
      "comment": "evident-by: indicates the package's existence is evident by the given file",
      "relatedSpdxElement": "SPDXRef-File-pod-nanny-a5165013b29f0abd",
      "relationshipType": "OTHER",
      "spdxElementId": "SPDXRef-Package-go-module-k8s.io-klog-v2-3b1aaf42e6204607"
    },
    {
      "comment": "evident-by: indicates the package's existence is evident by the given file",
      "relatedSpdxElement": "SPDXRef-File-pod-nanny-a5165013b29f0abd",
      "relationshipType": "OTHER",
      "spdxElementId": "SPDXRef-Package-go-module-k8s.io-api-3ff8e4a890ba89c2"
    },
    {
      "comment": "evident-by: indicates the package's existence is evident by the given file",
      "relatedSpdxElement": "SPDXRef-File-pod-nanny-a5165013b29f0abd",
      "relationshipType": "OTHER",
      "spdxElementId": "SPDXRef-Package-go-module-golang.org-x-time-40042983f6a512c0"
    },
    {
      "comment": "evident-by: indicates the package's existence is evident by the given file",
      "relatedSpdxElement": "SPDXRef-File-pod-nanny-a5165013b29f0abd",
      "relationshipType": "OTHER",
      "spdxElementId": "SPDXRef-Package-go-module-gopkg.in-yaml.v2-538697330a9ab8ef"
    },
    {
      "comment": "evident-by: indicates the package's existence is evident by the given file",
      "relatedSpdxElement": "SPDXRef-File-pod-nanny-a5165013b29f0abd",
      "relationshipType": "OTHER",
      "spdxElementId": "SPDXRef-Package-go-module-golang.org-x-text-53b45ed2c1d5c1d7"
    },
    {
      "comment": "evident-by: indicates the package's existence is evident by the given file",
      "relatedSpdxElement": "SPDXRef-File-pod-nanny-a5165013b29f0abd",
      "relationshipType": "OTHER",
      "spdxElementId": "SPDXRef-Package-go-module-github.com-golang-protobuf-640ed0c03403d69c"
    },
    {
      "comment": "evident-by: indicates the package's existence is evident by the given file",
      "relatedSpdxElement": "SPDXRef-File-pod-nanny-a5165013b29f0abd",
      "relationshipType": "OTHER",
      "spdxElementId": "SPDXRef-Package-go-module-golang.org-x-sys-70f610755b008c1c"
    },
    {
      "comment": "evident-by: indicates the package's existence is evident by the given file",
      "relatedSpdxElement": "SPDXRef-File-pod-nanny-a5165013b29f0abd",
      "relationshipType": "OTHER",
      "spdxElementId": "SPDXRef-Package-go-module-sigs.k8s.io-structured-merge-diff-v4-7a2ba238af1cebf1"
    },
    {
      "comment": "evident-by: indicates the package's existence is evident by the given file",
      "relatedSpdxElement": "SPDXRef-File-pod-nanny-a5165013b29f0abd",
      "relationshipType": "OTHER",
      "spdxElementId": "SPDXRef-Package-go-module-golang.org-x-net-8231be92bc85c9ad"
    },
    {
      "comment": "evident-by: indicates the package's existence is evident by the given file",
      "relatedSpdxElement": "SPDXRef-File-pod-nanny-a5165013b29f0abd",
      "relationshipType": "OTHER",
      "spdxElementId": "SPDXRef-Package-go-module-github.com-modern-go-reflect2-882fd9f5383f98ac"
    },
    {
      "comment": "evident-by: indicates the package's existence is evident by the given file",
      "relatedSpdxElement": "SPDXRef-File-pod-nanny-a5165013b29f0abd",
      "relationshipType": "OTHER",
      "spdxElementId": "SPDXRef-Package-go-module-google.golang.org-protobuf-88f0844e75c6e88f"
    },
    {
      "comment": "evident-by: indicates the package's existence is evident by the given file",
      "relatedSpdxElement": "SPDXRef-File-pod-nanny-a5165013b29f0abd",
      "relationshipType": "OTHER",
      "spdxElementId": "SPDXRef-Package-go-module-github.com-googleapis-gnostic-92a67b943ca01747"
    },
    {
      "comment": "evident-by: indicates the package's existence is evident by the given file",
      "relatedSpdxElement": "SPDXRef-File-pod-nanny-a5165013b29f0abd",
      "relationshipType": "OTHER",
      "spdxElementId": "SPDXRef-Package-go-module-k8s.io-utils-98ee4aa446a837c4"
    },
    {
      "comment": "evident-by: indicates the package's existence is evident by the given file",
      "relatedSpdxElement": "SPDXRef-File-pod-nanny-a5165013b29f0abd",
      "relationshipType": "OTHER",
      "spdxElementId": "SPDXRef-Package-go-module-k8s.io-client-go-9e44c18738b80cb3"
    },
    {
      "comment": "evident-by: indicates the package's existence is evident by the given file",
      "relatedSpdxElement": "SPDXRef-File-pod-nanny-a5165013b29f0abd",
      "relationshipType": "OTHER",
      "spdxElementId": "SPDXRef-Package-go-module-stdlib-a05dc1e2638299d2"
    },
    {
      "comment": "evident-by: indicates the package's existence is evident by the given file",
      "relatedSpdxElement": "SPDXRef-File-pod-nanny-a5165013b29f0abd",
      "relationshipType": "OTHER",
      "spdxElementId": "SPDXRef-Package-go-module-golang.org-x-term-a9b5c9064cf2906c"
    },
    {
      "comment": "evident-by: indicates the package's existence is evident by the given file",
      "relatedSpdxElement": "SPDXRef-File-pod-nanny-a5165013b29f0abd",
      "relationshipType": "OTHER",
      "spdxElementId": "SPDXRef-Package-go-module-command-line-arguments-b23c28e821c241b8"
    },
    {
      "comment": "evident-by: indicates the package's existence is evident by the given file",
      "relatedSpdxElement": "SPDXRef-File-pod-nanny-a5165013b29f0abd",
      "relationshipType": "OTHER",
      "spdxElementId": "SPDXRef-Package-go-module-github.com-modern-go-concurrent-ba38f4efd764cfc9"
    },
    {
      "comment": "evident-by: indicates the package's existence is evident by the given file",
      "relatedSpdxElement": "SPDXRef-File-pod-nanny-a5165013b29f0abd",
      "relationshipType": "OTHER",
      "spdxElementId": "SPDXRef-Package-go-module-github.com-prometheus-client-model-d51db31e8c90507c"
    },
    {
      "comment": "evident-by: indicates the package's existence is evident by the given file",
      "relatedSpdxElement": "SPDXRef-File-pod-nanny-a5165013b29f0abd",
      "relationshipType": "OTHER",
      "spdxElementId": "SPDXRef-Package-go-module-github.com-google-gofuzz-d881fe680005d72d"
    },
    {
      "comment": "evident-by: indicates the package's existence is evident by the given file",
      "relatedSpdxElement": "SPDXRef-File-pod-nanny-a5165013b29f0abd",
      "relationshipType": "OTHER",
      "spdxElementId": "SPDXRef-Package-go-module-gopkg.in-inf.v0-e51ce70538ea915b"
    },
    {
      "comment": "evident-by: indicates the package's existence is evident by the given file",
      "relatedSpdxElement": "SPDXRef-File-pod-nanny-a5165013b29f0abd",
      "relationshipType": "OTHER",
      "spdxElementId": "SPDXRef-Package-go-module-sigs.k8s.io-yaml-e5c7e528da139ddb"
    },
    {
      "comment": "evident-by: indicates the package's existence is evident by the given file",
      "relatedSpdxElement": "SPDXRef-File-pod-nanny-a5165013b29f0abd",
      "relationshipType": "OTHER",
      "spdxElementId": "SPDXRef-Package-go-module-github.com-golang-glog-e788ecb0330983e7"
    },
    {
      "comment": "evident-by: indicates the package's existence is evident by the given file",
      "relatedSpdxElement": "SPDXRef-File-pod-nanny-a5165013b29f0abd",
      "relationshipType": "OTHER",
      "spdxElementId": "SPDXRef-Package-go-module-k8s.io-apimachinery-f283eaf5eb92c9a4"
    },
    {
      "comment": "evident-by: indicates the package's existence is evident by the given file",
      "relatedSpdxElement": "SPDXRef-File-pod-nanny-a5165013b29f0abd",
      "relationshipType": "OTHER",
      "spdxElementId": "SPDXRef-Package-go-module-github.com-gogo-protobuf-f657e6f47ef080af"
    },
    {
      "comment": "evident-by: indicates the package's existence is evident by the given file",
      "relatedSpdxElement": "SPDXRef-File-pod-nanny-a5165013b29f0abd",
      "relationshipType": "OTHER",
      "spdxElementId": "SPDXRef-Package-go-module-github.com-prometheus-common-fc756dde6131d0b6"
    },
    {
      "relatedSpdxElement": "SPDXRef-Package-go-module-command-line-arguments-b23c28e821c241b8",
      "relationshipType": "CONTAINS",
      "spdxElementId": "SPDXRef-DocumentRoot-Image-rgcrprod.azurecr.us-rancher-hardened-addon-resizer"
    },
    {
      "relatedSpdxElement": "SPDXRef-Package-go-module-github.com-davecgh-go-spew-1c57e30e9d0e34e5",
      "relationshipType": "CONTAINS",
      "spdxElementId": "SPDXRef-DocumentRoot-Image-rgcrprod.azurecr.us-rancher-hardened-addon-resizer"
    },
    {
      "relatedSpdxElement": "SPDXRef-Package-go-module-github.com-go-logr-logr-2423981e322c33bc",
      "relationshipType": "CONTAINS",
      "spdxElementId": "SPDXRef-DocumentRoot-Image-rgcrprod.azurecr.us-rancher-hardened-addon-resizer"
    },
    {
      "relatedSpdxElement": "SPDXRef-Package-go-module-github.com-gogo-protobuf-f657e6f47ef080af",
      "relationshipType": "CONTAINS",
      "spdxElementId": "SPDXRef-DocumentRoot-Image-rgcrprod.azurecr.us-rancher-hardened-addon-resizer"
    },
    {
      "relatedSpdxElement": "SPDXRef-Package-go-module-github.com-golang-glog-e788ecb0330983e7",
      "relationshipType": "CONTAINS",
      "spdxElementId": "SPDXRef-DocumentRoot-Image-rgcrprod.azurecr.us-rancher-hardened-addon-resizer"
    },
    {
      "relatedSpdxElement": "SPDXRef-Package-go-module-github.com-golang-protobuf-640ed0c03403d69c",
      "relationshipType": "CONTAINS",
      "spdxElementId": "SPDXRef-DocumentRoot-Image-rgcrprod.azurecr.us-rancher-hardened-addon-resizer"
    },
    {
      "relatedSpdxElement": "SPDXRef-Package-go-module-github.com-google-go-cmp-2323a29d880310a6",
      "relationshipType": "CONTAINS",
      "spdxElementId": "SPDXRef-DocumentRoot-Image-rgcrprod.azurecr.us-rancher-hardened-addon-resizer"
    },
    {
      "relatedSpdxElement": "SPDXRef-Package-go-module-github.com-google-gofuzz-d881fe680005d72d",
      "relationshipType": "CONTAINS",
      "spdxElementId": "SPDXRef-DocumentRoot-Image-rgcrprod.azurecr.us-rancher-hardened-addon-resizer"
    },
    {
      "relatedSpdxElement": "SPDXRef-Package-go-module-github.com-googleapis-gnostic-92a67b943ca01747",
      "relationshipType": "CONTAINS",
      "spdxElementId": "SPDXRef-DocumentRoot-Image-rgcrprod.azurecr.us-rancher-hardened-addon-resizer"
    },
    {
      "relatedSpdxElement": "SPDXRef-Package-go-module-github.com-json-iterator-go-308e48fbb5fde4d5",
      "relationshipType": "CONTAINS",
      "spdxElementId": "SPDXRef-DocumentRoot-Image-rgcrprod.azurecr.us-rancher-hardened-addon-resizer"
    },
    {
      "relatedSpdxElement": "SPDXRef-Package-go-module-github.com-matttproud-golang-protobuf-extensions-2f4e8be2a5b6bcc3",
      "relationshipType": "CONTAINS",
      "spdxElementId": "SPDXRef-DocumentRoot-Image-rgcrprod.azurecr.us-rancher-hardened-addon-resizer"
    },
    {
      "relatedSpdxElement": "SPDXRef-Package-go-module-github.com-modern-go-concurrent-ba38f4efd764cfc9",
      "relationshipType": "CONTAINS",
      "spdxElementId": "SPDXRef-DocumentRoot-Image-rgcrprod.azurecr.us-rancher-hardened-addon-resizer"
    },
    {
      "relatedSpdxElement": "SPDXRef-Package-go-module-github.com-modern-go-reflect2-882fd9f5383f98ac",
      "relationshipType": "CONTAINS",
      "spdxElementId": "SPDXRef-DocumentRoot-Image-rgcrprod.azurecr.us-rancher-hardened-addon-resizer"
    },
    {
      "relatedSpdxElement": "SPDXRef-Package-go-module-github.com-prometheus-client-model-d51db31e8c90507c",
      "relationshipType": "CONTAINS",
      "spdxElementId": "SPDXRef-DocumentRoot-Image-rgcrprod.azurecr.us-rancher-hardened-addon-resizer"
    },
    {
      "relatedSpdxElement": "SPDXRef-Package-go-module-github.com-prometheus-common-fc756dde6131d0b6",
      "relationshipType": "CONTAINS",
      "spdxElementId": "SPDXRef-DocumentRoot-Image-rgcrprod.azurecr.us-rancher-hardened-addon-resizer"
    },
    {
      "relatedSpdxElement": "SPDXRef-Package-go-module-github.com-spf13-pflag-1833af1e3a28716d",
      "relationshipType": "CONTAINS",
      "spdxElementId": "SPDXRef-DocumentRoot-Image-rgcrprod.azurecr.us-rancher-hardened-addon-resizer"
    },
    {
      "relatedSpdxElement": "SPDXRef-Package-go-module-golang.org-x-net-8231be92bc85c9ad",
      "relationshipType": "CONTAINS",
      "spdxElementId": "SPDXRef-DocumentRoot-Image-rgcrprod.azurecr.us-rancher-hardened-addon-resizer"
    },
    {
      "relatedSpdxElement": "SPDXRef-Package-go-module-golang.org-x-oauth2-2a16409c228fd2a4",
      "relationshipType": "CONTAINS",
      "spdxElementId": "SPDXRef-DocumentRoot-Image-rgcrprod.azurecr.us-rancher-hardened-addon-resizer"
    },
    {
      "relatedSpdxElement": "SPDXRef-Package-go-module-golang.org-x-sys-70f610755b008c1c",
      "relationshipType": "CONTAINS",
      "spdxElementId": "SPDXRef-DocumentRoot-Image-rgcrprod.azurecr.us-rancher-hardened-addon-resizer"
    },
    {
      "relatedSpdxElement": "SPDXRef-Package-go-module-golang.org-x-term-a9b5c9064cf2906c",
      "relationshipType": "CONTAINS",
      "spdxElementId": "SPDXRef-DocumentRoot-Image-rgcrprod.azurecr.us-rancher-hardened-addon-resizer"
    },
    {
      "relatedSpdxElement": "SPDXRef-Package-go-module-golang.org-x-text-53b45ed2c1d5c1d7",
      "relationshipType": "CONTAINS",
      "spdxElementId": "SPDXRef-DocumentRoot-Image-rgcrprod.azurecr.us-rancher-hardened-addon-resizer"
    },
    {
      "relatedSpdxElement": "SPDXRef-Package-go-module-golang.org-x-time-40042983f6a512c0",
      "relationshipType": "CONTAINS",
      "spdxElementId": "SPDXRef-DocumentRoot-Image-rgcrprod.azurecr.us-rancher-hardened-addon-resizer"
    },
    {
      "relatedSpdxElement": "SPDXRef-Package-go-module-google.golang.org-protobuf-88f0844e75c6e88f",
      "relationshipType": "CONTAINS",
      "spdxElementId": "SPDXRef-DocumentRoot-Image-rgcrprod.azurecr.us-rancher-hardened-addon-resizer"
    },
    {
      "relatedSpdxElement": "SPDXRef-Package-go-module-gopkg.in-inf.v0-e51ce70538ea915b",
      "relationshipType": "CONTAINS",
      "spdxElementId": "SPDXRef-DocumentRoot-Image-rgcrprod.azurecr.us-rancher-hardened-addon-resizer"
    },
    {
      "relatedSpdxElement": "SPDXRef-Package-go-module-gopkg.in-yaml.v2-538697330a9ab8ef",
      "relationshipType": "CONTAINS",
      "spdxElementId": "SPDXRef-DocumentRoot-Image-rgcrprod.azurecr.us-rancher-hardened-addon-resizer"
    },
    {
      "relatedSpdxElement": "SPDXRef-Package-go-module-gopkg.in-yaml.v3-1d957c2a55b37bf3",
      "relationshipType": "CONTAINS",
      "spdxElementId": "SPDXRef-DocumentRoot-Image-rgcrprod.azurecr.us-rancher-hardened-addon-resizer"
    },
    {
      "relatedSpdxElement": "SPDXRef-Package-go-module-k8s.io-api-3ff8e4a890ba89c2",
      "relationshipType": "CONTAINS",
      "spdxElementId": "SPDXRef-DocumentRoot-Image-rgcrprod.azurecr.us-rancher-hardened-addon-resizer"
    },
    {
      "relatedSpdxElement": "SPDXRef-Package-go-module-k8s.io-apimachinery-f283eaf5eb92c9a4",
      "relationshipType": "CONTAINS",
      "spdxElementId": "SPDXRef-DocumentRoot-Image-rgcrprod.azurecr.us-rancher-hardened-addon-resizer"
    },
    {
      "relatedSpdxElement": "SPDXRef-Package-go-module-k8s.io-autoscaler-addon-resizer-0e7a20a52f8a72c8",
      "relationshipType": "CONTAINS",
      "spdxElementId": "SPDXRef-DocumentRoot-Image-rgcrprod.azurecr.us-rancher-hardened-addon-resizer"
    },
    {
      "relatedSpdxElement": "SPDXRef-Package-go-module-k8s.io-client-go-9e44c18738b80cb3",
      "relationshipType": "CONTAINS",
      "spdxElementId": "SPDXRef-DocumentRoot-Image-rgcrprod.azurecr.us-rancher-hardened-addon-resizer"
    },
    {
      "relatedSpdxElement": "SPDXRef-Package-go-module-k8s.io-klog-v2-3b1aaf42e6204607",
      "relationshipType": "CONTAINS",
      "spdxElementId": "SPDXRef-DocumentRoot-Image-rgcrprod.azurecr.us-rancher-hardened-addon-resizer"
    },
    {
      "relatedSpdxElement": "SPDXRef-Package-go-module-k8s.io-utils-98ee4aa446a837c4",
      "relationshipType": "CONTAINS",
      "spdxElementId": "SPDXRef-DocumentRoot-Image-rgcrprod.azurecr.us-rancher-hardened-addon-resizer"
    },
    {
      "relatedSpdxElement": "SPDXRef-Package-go-module-sigs.k8s.io-structured-merge-diff-v4-7a2ba238af1cebf1",
      "relationshipType": "CONTAINS",
      "spdxElementId": "SPDXRef-DocumentRoot-Image-rgcrprod.azurecr.us-rancher-hardened-addon-resizer"
    },
    {
      "relatedSpdxElement": "SPDXRef-Package-go-module-sigs.k8s.io-yaml-e5c7e528da139ddb",
      "relationshipType": "CONTAINS",
      "spdxElementId": "SPDXRef-DocumentRoot-Image-rgcrprod.azurecr.us-rancher-hardened-addon-resizer"
    },
    {
      "relatedSpdxElement": "SPDXRef-Package-go-module-stdlib-a05dc1e2638299d2",
      "relationshipType": "CONTAINS",
      "spdxElementId": "SPDXRef-DocumentRoot-Image-rgcrprod.azurecr.us-rancher-hardened-addon-resizer"
    },
    {
      "relatedSpdxElement": "SPDXRef-DocumentRoot-Image-rgcrprod.azurecr.us-rancher-hardened-addon-resizer",
      "relationshipType": "DESCRIBES",
      "spdxElementId": "SPDXRef-DOCUMENT"
    }
  ],
  "spdxVersion": "SPDX-2.3"
}
