{
  "SPDXID": "SPDXRef-DOCUMENT",
  "creationInfo": {
    "created": "2024-03-01T23:32:19Z",
    "creators": [
      "Organization: Anchore, Inc",
      "Tool: syft-0.103.1"
    ],
    "licenseListVersion": "3.22"
  },
  "dataLicense": "CC0-1.0",
  "documentNamespace": "https://anchore.com/syft/image/rgcrprod.azurecr.us/rancher/hardened-cluster-autoscaler-019f0ddc-e7d9-4b09-8b15-7730b623ca26",
  "files": [
    {
      "SPDXID": "SPDXRef-File-cluster-proportional-autoscaler-30aababe4370afd8",
      "checksums": [
        {
          "algorithm": "SHA1",
          "checksumValue": "0000000000000000000000000000000000000000"
        }
      ],
      "comment": "layerID: sha256:a0d886ee86762a661b7d3b01f66f345a230671f23cd65321419b7fb8aa1b0524",
      "copyrightText": "",
      "fileName": "/cluster-proportional-autoscaler",
      "licenseConcluded": "NOASSERTION"
    }
  ],
  "name": "rgcrprod.azurecr.us/rancher/hardened-cluster-autoscaler",
  "packages": [
    {
      "SPDXID": "SPDXRef-Package-go-module-github.com-davecgh-go-spew-beed47e6118f6b3d",
      "copyrightText": "NOASSERTION",
      "downloadLocation": "NOASSERTION",
      "externalRefs": [
        {
          "referenceCategory": "SECURITY",
          "referenceLocator": "cpe:2.3:a:davecgh:go-spew:v1.1.1:*:*:*:*:*:*:*",
          "referenceType": "cpe23Type"
        },
        {
          "referenceCategory": "SECURITY",
          "referenceLocator": "cpe:2.3:a:davecgh:go_spew:v1.1.1:*:*:*:*:*:*:*",
          "referenceType": "cpe23Type"
        },
        {
          "referenceCategory": "PACKAGE-MANAGER",
          "referenceLocator": "pkg:golang/github.com/davecgh/go-spew@v1.1.1",
          "referenceType": "purl"
        }
      ],
      "filesAnalyzed": false,
      "licenseConcluded": "NOASSERTION",
      "licenseDeclared": "NOASSERTION",
      "name": "github.com/davecgh/go-spew",
      "sourceInfo": "acquired package info from go module information: /cluster-proportional-autoscaler",
      "supplier": "NOASSERTION",
      "versionInfo": "v1.1.1"
    },
    {
      "SPDXID": "SPDXRef-Package-go-module-github.com-emicklei-go-restful-v3-231866cb1535dae4",
      "copyrightText": "NOASSERTION",
      "downloadLocation": "NOASSERTION",
      "externalRefs": [
        {
          "referenceCategory": "SECURITY",
          "referenceLocator": "cpe:2.3:a:emicklei:go-restful\\/v3:v3.10.2:*:*:*:*:*:*:*",
          "referenceType": "cpe23Type"
        },
        {
          "referenceCategory": "SECURITY",
          "referenceLocator": "cpe:2.3:a:emicklei:go_restful\\/v3:v3.10.2:*:*:*:*:*:*:*",
          "referenceType": "cpe23Type"
        },
        {
          "referenceCategory": "PACKAGE-MANAGER",
          "referenceLocator": "pkg:golang/github.com/emicklei/go-restful@v3.10.2#v3",
          "referenceType": "purl"
        }
      ],
      "filesAnalyzed": false,
      "licenseConcluded": "NOASSERTION",
      "licenseDeclared": "NOASSERTION",
      "name": "github.com/emicklei/go-restful/v3",
      "sourceInfo": "acquired package info from go module information: /cluster-proportional-autoscaler",
      "supplier": "NOASSERTION",
      "versionInfo": "v3.10.2"
    },
    {
      "SPDXID": "SPDXRef-Package-go-module-github.com-go-logr-logr-ca633acc9f5b6754",
      "copyrightText": "NOASSERTION",
      "downloadLocation": "NOASSERTION",
      "externalRefs": [
        {
          "referenceCategory": "SECURITY",
          "referenceLocator": "cpe:2.3:a:go-logr:logr:v1.2.4:*:*:*:*:*:*:*",
          "referenceType": "cpe23Type"
        },
        {
          "referenceCategory": "SECURITY",
          "referenceLocator": "cpe:2.3:a:go_logr:logr:v1.2.4:*:*:*:*:*:*:*",
          "referenceType": "cpe23Type"
        },
        {
          "referenceCategory": "SECURITY",
          "referenceLocator": "cpe:2.3:a:go:logr:v1.2.4:*:*:*:*:*:*:*",
          "referenceType": "cpe23Type"
        },
        {
          "referenceCategory": "PACKAGE-MANAGER",
          "referenceLocator": "pkg:golang/github.com/go-logr/logr@v1.2.4",
          "referenceType": "purl"
        }
      ],
      "filesAnalyzed": false,
      "licenseConcluded": "NOASSERTION",
      "licenseDeclared": "NOASSERTION",
      "name": "github.com/go-logr/logr",
      "sourceInfo": "acquired package info from go module information: /cluster-proportional-autoscaler",
      "supplier": "NOASSERTION",
      "versionInfo": "v1.2.4"
    },
    {
      "SPDXID": "SPDXRef-Package-go-module-github.com-go-openapi-jsonpointer-d3f91b84cbd0c034",
      "copyrightText": "NOASSERTION",
      "downloadLocation": "NOASSERTION",
      "externalRefs": [
        {
          "referenceCategory": "SECURITY",
          "referenceLocator": "cpe:2.3:a:go-openapi:jsonpointer:v0.19.6:*:*:*:*:*:*:*",
          "referenceType": "cpe23Type"
        },
        {
          "referenceCategory": "SECURITY",
          "referenceLocator": "cpe:2.3:a:go_openapi:jsonpointer:v0.19.6:*:*:*:*:*:*:*",
          "referenceType": "cpe23Type"
        },
        {
          "referenceCategory": "SECURITY",
          "referenceLocator": "cpe:2.3:a:go:jsonpointer:v0.19.6:*:*:*:*:*:*:*",
          "referenceType": "cpe23Type"
        },
        {
          "referenceCategory": "PACKAGE-MANAGER",
          "referenceLocator": "pkg:golang/github.com/go-openapi/jsonpointer@v0.19.6",
          "referenceType": "purl"
        }
      ],
      "filesAnalyzed": false,
      "licenseConcluded": "NOASSERTION",
      "licenseDeclared": "NOASSERTION",
      "name": "github.com/go-openapi/jsonpointer",
      "sourceInfo": "acquired package info from go module information: /cluster-proportional-autoscaler",
      "supplier": "NOASSERTION",
      "versionInfo": "v0.19.6"
    },
    {
      "SPDXID": "SPDXRef-Package-go-module-github.com-go-openapi-jsonreference-5642a41b7db0d515",
      "copyrightText": "NOASSERTION",
      "downloadLocation": "NOASSERTION",
      "externalRefs": [
        {
          "referenceCategory": "SECURITY",
          "referenceLocator": "cpe:2.3:a:go-openapi:jsonreference:v0.20.2:*:*:*:*:*:*:*",
          "referenceType": "cpe23Type"
        },
        {
          "referenceCategory": "SECURITY",
          "referenceLocator": "cpe:2.3:a:go_openapi:jsonreference:v0.20.2:*:*:*:*:*:*:*",
          "referenceType": "cpe23Type"
        },
        {
          "referenceCategory": "SECURITY",
          "referenceLocator": "cpe:2.3:a:go:jsonreference:v0.20.2:*:*:*:*:*:*:*",
          "referenceType": "cpe23Type"
        },
        {
          "referenceCategory": "PACKAGE-MANAGER",
          "referenceLocator": "pkg:golang/github.com/go-openapi/jsonreference@v0.20.2",
          "referenceType": "purl"
        }
      ],
      "filesAnalyzed": false,
      "licenseConcluded": "NOASSERTION",
      "licenseDeclared": "NOASSERTION",
      "name": "github.com/go-openapi/jsonreference",
      "sourceInfo": "acquired package info from go module information: /cluster-proportional-autoscaler",
      "supplier": "NOASSERTION",
      "versionInfo": "v0.20.2"
    },
    {
      "SPDXID": "SPDXRef-Package-go-module-github.com-go-openapi-swag-e7865b44a376ad10",
      "copyrightText": "NOASSERTION",
      "downloadLocation": "NOASSERTION",
      "externalRefs": [
        {
          "referenceCategory": "SECURITY",
          "referenceLocator": "cpe:2.3:a:go-openapi:swag:v0.22.3:*:*:*:*:*:*:*",
          "referenceType": "cpe23Type"
        },
        {
          "referenceCategory": "SECURITY",
          "referenceLocator": "cpe:2.3:a:go_openapi:swag:v0.22.3:*:*:*:*:*:*:*",
          "referenceType": "cpe23Type"
        },
        {
          "referenceCategory": "SECURITY",
          "referenceLocator": "cpe:2.3:a:go:swag:v0.22.3:*:*:*:*:*:*:*",
          "referenceType": "cpe23Type"
        },
        {
          "referenceCategory": "PACKAGE-MANAGER",
          "referenceLocator": "pkg:golang/github.com/go-openapi/swag@v0.22.3",
          "referenceType": "purl"
        }
      ],
      "filesAnalyzed": false,
      "licenseConcluded": "NOASSERTION",
      "licenseDeclared": "NOASSERTION",
      "name": "github.com/go-openapi/swag",
      "sourceInfo": "acquired package info from go module information: /cluster-proportional-autoscaler",
      "supplier": "NOASSERTION",
      "versionInfo": "v0.22.3"
    },
    {
      "SPDXID": "SPDXRef-Package-go-module-github.com-gogo-protobuf-0077371ae7d4ea97",
      "copyrightText": "NOASSERTION",
      "downloadLocation": "NOASSERTION",
      "externalRefs": [
        {
          "referenceCategory": "SECURITY",
          "referenceLocator": "cpe:2.3:a:gogo:protobuf:v1.3.2:*:*:*:*:*:*:*",
          "referenceType": "cpe23Type"
        },
        {
          "referenceCategory": "PACKAGE-MANAGER",
          "referenceLocator": "pkg:golang/github.com/gogo/protobuf@v1.3.2",
          "referenceType": "purl"
        }
      ],
      "filesAnalyzed": false,
      "licenseConcluded": "NOASSERTION",
      "licenseDeclared": "NOASSERTION",
      "name": "github.com/gogo/protobuf",
      "sourceInfo": "acquired package info from go module information: /cluster-proportional-autoscaler",
      "supplier": "NOASSERTION",
      "versionInfo": "v1.3.2"
    },
    {
      "SPDXID": "SPDXRef-Package-go-module-github.com-golang-glog-2e2dc94f9f3fcb15",
      "copyrightText": "NOASSERTION",
      "downloadLocation": "NOASSERTION",
      "externalRefs": [
        {
          "referenceCategory": "SECURITY",
          "referenceLocator": "cpe:2.3:a:golang:glog:v1.1.2:*:*:*:*:*:*:*",
          "referenceType": "cpe23Type"
        },
        {
          "referenceCategory": "PACKAGE-MANAGER",
          "referenceLocator": "pkg:golang/github.com/golang/glog@v1.1.2",
          "referenceType": "purl"
        }
      ],
      "filesAnalyzed": false,
      "licenseConcluded": "NOASSERTION",
      "licenseDeclared": "NOASSERTION",
      "name": "github.com/golang/glog",
      "sourceInfo": "acquired package info from go module information: /cluster-proportional-autoscaler",
      "supplier": "NOASSERTION",
      "versionInfo": "v1.1.2"
    },
    {
      "SPDXID": "SPDXRef-Package-go-module-github.com-golang-protobuf-e21d076b99780b2e",
      "copyrightText": "NOASSERTION",
      "downloadLocation": "NOASSERTION",
      "externalRefs": [
        {
          "referenceCategory": "SECURITY",
          "referenceLocator": "cpe:2.3:a:golang:protobuf:v1.5.3:*:*:*:*:*:*:*",
          "referenceType": "cpe23Type"
        },
        {
          "referenceCategory": "PACKAGE-MANAGER",
          "referenceLocator": "pkg:golang/github.com/golang/protobuf@v1.5.3",
          "referenceType": "purl"
        }
      ],
      "filesAnalyzed": false,
      "licenseConcluded": "NOASSERTION",
      "licenseDeclared": "NOASSERTION",
      "name": "github.com/golang/protobuf",
      "sourceInfo": "acquired package info from go module information: /cluster-proportional-autoscaler",
      "supplier": "NOASSERTION",
      "versionInfo": "v1.5.3"
    },
    {
      "SPDXID": "SPDXRef-Package-go-module-github.com-google-gnostic-models-52660af98342a1e9",
      "copyrightText": "NOASSERTION",
      "downloadLocation": "NOASSERTION",
      "externalRefs": [
        {
          "referenceCategory": "SECURITY",
          "referenceLocator": "cpe:2.3:a:google:gnostic-models:v0.6.8:*:*:*:*:*:*:*",
          "referenceType": "cpe23Type"
        },
        {
          "referenceCategory": "SECURITY",
          "referenceLocator": "cpe:2.3:a:google:gnostic_models:v0.6.8:*:*:*:*:*:*:*",
          "referenceType": "cpe23Type"
        },
        {
          "referenceCategory": "PACKAGE-MANAGER",
          "referenceLocator": "pkg:golang/github.com/google/gnostic-models@v0.6.8",
          "referenceType": "purl"
        }
      ],
      "filesAnalyzed": false,
      "licenseConcluded": "NOASSERTION",
      "licenseDeclared": "NOASSERTION",
      "name": "github.com/google/gnostic-models",
      "sourceInfo": "acquired package info from go module information: /cluster-proportional-autoscaler",
      "supplier": "NOASSERTION",
      "versionInfo": "v0.6.8"
    },
    {
      "SPDXID": "SPDXRef-Package-go-module-github.com-google-go-cmp-272683232c057adf",
      "copyrightText": "NOASSERTION",
      "downloadLocation": "NOASSERTION",
      "externalRefs": [
        {
          "referenceCategory": "SECURITY",
          "referenceLocator": "cpe:2.3:a:google:go-cmp:v0.5.9:*:*:*:*:*:*:*",
          "referenceType": "cpe23Type"
        },
        {
          "referenceCategory": "SECURITY",
          "referenceLocator": "cpe:2.3:a:google:go_cmp:v0.5.9:*:*:*:*:*:*:*",
          "referenceType": "cpe23Type"
        },
        {
          "referenceCategory": "PACKAGE-MANAGER",
          "referenceLocator": "pkg:golang/github.com/google/go-cmp@v0.5.9",
          "referenceType": "purl"
        }
      ],
      "filesAnalyzed": false,
      "licenseConcluded": "NOASSERTION",
      "licenseDeclared": "NOASSERTION",
      "name": "github.com/google/go-cmp",
      "sourceInfo": "acquired package info from go module information: /cluster-proportional-autoscaler",
      "supplier": "NOASSERTION",
      "versionInfo": "v0.5.9"
    },
    {
      "SPDXID": "SPDXRef-Package-go-module-github.com-google-gofuzz-097e33e7b7b0e373",
      "copyrightText": "NOASSERTION",
      "downloadLocation": "NOASSERTION",
      "externalRefs": [
        {
          "referenceCategory": "SECURITY",
          "referenceLocator": "cpe:2.3:a:google:gofuzz:v1.2.0:*:*:*:*:*:*:*",
          "referenceType": "cpe23Type"
        },
        {
          "referenceCategory": "PACKAGE-MANAGER",
          "referenceLocator": "pkg:golang/github.com/google/gofuzz@v1.2.0",
          "referenceType": "purl"
        }
      ],
      "filesAnalyzed": false,
      "licenseConcluded": "NOASSERTION",
      "licenseDeclared": "NOASSERTION",
      "name": "github.com/google/gofuzz",
      "sourceInfo": "acquired package info from go module information: /cluster-proportional-autoscaler",
      "supplier": "NOASSERTION",
      "versionInfo": "v1.2.0"
    },
    {
      "SPDXID": "SPDXRef-Package-go-module-github.com-google-uuid-70dd40017eda7029",
      "copyrightText": "NOASSERTION",
      "downloadLocation": "NOASSERTION",
      "externalRefs": [
        {
          "referenceCategory": "SECURITY",
          "referenceLocator": "cpe:2.3:a:google:uuid:v1.3.0:*:*:*:*:*:*:*",
          "referenceType": "cpe23Type"
        },
        {
          "referenceCategory": "PACKAGE-MANAGER",
          "referenceLocator": "pkg:golang/github.com/google/uuid@v1.3.0",
          "referenceType": "purl"
        }
      ],
      "filesAnalyzed": false,
      "licenseConcluded": "NOASSERTION",
      "licenseDeclared": "NOASSERTION",
      "name": "github.com/google/uuid",
      "sourceInfo": "acquired package info from go module information: /cluster-proportional-autoscaler",
      "supplier": "NOASSERTION",
      "versionInfo": "v1.3.0"
    },
    {
      "SPDXID": "SPDXRef-Package-go-module-github.com-josharian-intern-7efddeeb03df7d4f",
      "copyrightText": "NOASSERTION",
      "downloadLocation": "NOASSERTION",
      "externalRefs": [
        {
          "referenceCategory": "SECURITY",
          "referenceLocator": "cpe:2.3:a:josharian:intern:v1.0.0:*:*:*:*:*:*:*",
          "referenceType": "cpe23Type"
        },
        {
          "referenceCategory": "PACKAGE-MANAGER",
          "referenceLocator": "pkg:golang/github.com/josharian/intern@v1.0.0",
          "referenceType": "purl"
        }
      ],
      "filesAnalyzed": false,
      "licenseConcluded": "NOASSERTION",
      "licenseDeclared": "NOASSERTION",
      "name": "github.com/josharian/intern",
      "sourceInfo": "acquired package info from go module information: /cluster-proportional-autoscaler",
      "supplier": "NOASSERTION",
      "versionInfo": "v1.0.0"
    },
    {
      "SPDXID": "SPDXRef-Package-go-module-github.com-json-iterator-go-59841f1936cdd4d0",
      "copyrightText": "NOASSERTION",
      "downloadLocation": "NOASSERTION",
      "externalRefs": [
        {
          "referenceCategory": "SECURITY",
          "referenceLocator": "cpe:2.3:a:json-iterator:go:v1.1.12:*:*:*:*:*:*:*",
          "referenceType": "cpe23Type"
        },
        {
          "referenceCategory": "SECURITY",
          "referenceLocator": "cpe:2.3:a:json_iterator:go:v1.1.12:*:*:*:*:*:*:*",
          "referenceType": "cpe23Type"
        },
        {
          "referenceCategory": "SECURITY",
          "referenceLocator": "cpe:2.3:a:json:go:v1.1.12:*:*:*:*:*:*:*",
          "referenceType": "cpe23Type"
        },
        {
          "referenceCategory": "PACKAGE-MANAGER",
          "referenceLocator": "pkg:golang/github.com/json-iterator/go@v1.1.12",
          "referenceType": "purl"
        }
      ],
      "filesAnalyzed": false,
      "licenseConcluded": "NOASSERTION",
      "licenseDeclared": "NOASSERTION",
      "name": "github.com/json-iterator/go",
      "sourceInfo": "acquired package info from go module information: /cluster-proportional-autoscaler",
      "supplier": "NOASSERTION",
      "versionInfo": "v1.1.12"
    },
    {
      "SPDXID": "SPDXRef-Package-go-module-github.com-kubernetes-sigs-cluster-proportional-autoscaler-2f980b12141ed90f",
      "copyrightText": "NOASSERTION",
      "downloadLocation": "NOASSERTION",
      "externalRefs": [
        {
          "referenceCategory": "SECURITY",
          "referenceLocator": "cpe:2.3:a:kubernetes-sigs:cluster-proportional-autoscaler:v0.0.0-20231012015045-a687e77bc262:*:*:*:*:*:*:*",
          "referenceType": "cpe23Type"
        },
        {
          "referenceCategory": "SECURITY",
          "referenceLocator": "cpe:2.3:a:kubernetes-sigs:cluster_proportional_autoscaler:v0.0.0-20231012015045-a687e77bc262:*:*:*:*:*:*:*",
          "referenceType": "cpe23Type"
        },
        {
          "referenceCategory": "SECURITY",
          "referenceLocator": "cpe:2.3:a:kubernetes_sigs:cluster-proportional-autoscaler:v0.0.0-20231012015045-a687e77bc262:*:*:*:*:*:*:*",
          "referenceType": "cpe23Type"
        },
        {
          "referenceCategory": "SECURITY",
          "referenceLocator": "cpe:2.3:a:kubernetes_sigs:cluster_proportional_autoscaler:v0.0.0-20231012015045-a687e77bc262:*:*:*:*:*:*:*",
          "referenceType": "cpe23Type"
        },
        {
          "referenceCategory": "SECURITY",
          "referenceLocator": "cpe:2.3:a:kubernetes:cluster-proportional-autoscaler:v0.0.0-20231012015045-a687e77bc262:*:*:*:*:*:*:*",
          "referenceType": "cpe23Type"
        },
        {
          "referenceCategory": "SECURITY",
          "referenceLocator": "cpe:2.3:a:kubernetes:cluster_proportional_autoscaler:v0.0.0-20231012015045-a687e77bc262:*:*:*:*:*:*:*",
          "referenceType": "cpe23Type"
        },
        {
          "referenceCategory": "PACKAGE-MANAGER",
          "referenceLocator": "pkg:golang/github.com/kubernetes-sigs/cluster-proportional-autoscaler@v0.0.0-20231012015045-a687e77bc262",
          "referenceType": "purl"
        }
      ],
      "filesAnalyzed": false,
      "licenseConcluded": "NOASSERTION",
      "licenseDeclared": "NOASSERTION",
      "name": "github.com/kubernetes-sigs/cluster-proportional-autoscaler",
      "sourceInfo": "acquired package info from go module information: /cluster-proportional-autoscaler",
      "supplier": "NOASSERTION",
      "versionInfo": "v0.0.0-20231012015045-a687e77bc262"
    },
    {
      "SPDXID": "SPDXRef-Package-go-module-github.com-mailru-easyjson-cba0bf98e6f7a62f",
      "copyrightText": "NOASSERTION",
      "downloadLocation": "NOASSERTION",
      "externalRefs": [
        {
          "referenceCategory": "SECURITY",
          "referenceLocator": "cpe:2.3:a:mailru:easyjson:v0.7.7:*:*:*:*:*:*:*",
          "referenceType": "cpe23Type"
        },
        {
          "referenceCategory": "PACKAGE-MANAGER",
          "referenceLocator": "pkg:golang/github.com/mailru/easyjson@v0.7.7",
          "referenceType": "purl"
        }
      ],
      "filesAnalyzed": false,
      "licenseConcluded": "NOASSERTION",
      "licenseDeclared": "NOASSERTION",
      "name": "github.com/mailru/easyjson",
      "sourceInfo": "acquired package info from go module information: /cluster-proportional-autoscaler",
      "supplier": "NOASSERTION",
      "versionInfo": "v0.7.7"
    },
    {
      "SPDXID": "SPDXRef-Package-go-module-github.com-modern-go-concurrent-68a4ed2287707a76",
      "copyrightText": "NOASSERTION",
      "downloadLocation": "NOASSERTION",
      "externalRefs": [
        {
          "referenceCategory": "SECURITY",
          "referenceLocator": "cpe:2.3:a:modern-go:concurrent:v0.0.0-20180306012644-bacd9c7ef1dd:*:*:*:*:*:*:*",
          "referenceType": "cpe23Type"
        },
        {
          "referenceCategory": "SECURITY",
          "referenceLocator": "cpe:2.3:a:modern_go:concurrent:v0.0.0-20180306012644-bacd9c7ef1dd:*:*:*:*:*:*:*",
          "referenceType": "cpe23Type"
        },
        {
          "referenceCategory": "SECURITY",
          "referenceLocator": "cpe:2.3:a:modern:concurrent:v0.0.0-20180306012644-bacd9c7ef1dd:*:*:*:*:*:*:*",
          "referenceType": "cpe23Type"
        },
        {
          "referenceCategory": "PACKAGE-MANAGER",
          "referenceLocator": "pkg:golang/github.com/modern-go/concurrent@v0.0.0-20180306012644-bacd9c7ef1dd",
          "referenceType": "purl"
        }
      ],
      "filesAnalyzed": false,
      "licenseConcluded": "NOASSERTION",
      "licenseDeclared": "NOASSERTION",
      "name": "github.com/modern-go/concurrent",
      "sourceInfo": "acquired package info from go module information: /cluster-proportional-autoscaler",
      "supplier": "NOASSERTION",
      "versionInfo": "v0.0.0-20180306012644-bacd9c7ef1dd"
    },
    {
      "SPDXID": "SPDXRef-Package-go-module-github.com-modern-go-reflect2-3fec95355864f6d1",
      "copyrightText": "NOASSERTION",
      "downloadLocation": "NOASSERTION",
      "externalRefs": [
        {
          "referenceCategory": "SECURITY",
          "referenceLocator": "cpe:2.3:a:modern-go:reflect2:v1.0.2:*:*:*:*:*:*:*",
          "referenceType": "cpe23Type"
        },
        {
          "referenceCategory": "SECURITY",
          "referenceLocator": "cpe:2.3:a:modern_go:reflect2:v1.0.2:*:*:*:*:*:*:*",
          "referenceType": "cpe23Type"
        },
        {
          "referenceCategory": "SECURITY",
          "referenceLocator": "cpe:2.3:a:modern:reflect2:v1.0.2:*:*:*:*:*:*:*",
          "referenceType": "cpe23Type"
        },
        {
          "referenceCategory": "PACKAGE-MANAGER",
          "referenceLocator": "pkg:golang/github.com/modern-go/reflect2@v1.0.2",
          "referenceType": "purl"
        }
      ],
      "filesAnalyzed": false,
      "licenseConcluded": "NOASSERTION",
      "licenseDeclared": "NOASSERTION",
      "name": "github.com/modern-go/reflect2",
      "sourceInfo": "acquired package info from go module information: /cluster-proportional-autoscaler",
      "supplier": "NOASSERTION",
      "versionInfo": "v1.0.2"
    },
    {
      "SPDXID": "SPDXRef-Package-go-module-github.com-munnerz-goautoneg-a9caa18ce708802d",
      "copyrightText": "NOASSERTION",
      "downloadLocation": "NOASSERTION",
      "externalRefs": [
        {
          "referenceCategory": "SECURITY",
          "referenceLocator": "cpe:2.3:a:munnerz:goautoneg:v0.0.0-20191010083416-a7dc8b61c822:*:*:*:*:*:*:*",
          "referenceType": "cpe23Type"
        },
        {
          "referenceCategory": "PACKAGE-MANAGER",
          "referenceLocator": "pkg:golang/github.com/munnerz/goautoneg@v0.0.0-20191010083416-a7dc8b61c822",
          "referenceType": "purl"
        }
      ],
      "filesAnalyzed": false,
      "licenseConcluded": "NOASSERTION",
      "licenseDeclared": "NOASSERTION",
      "name": "github.com/munnerz/goautoneg",
      "sourceInfo": "acquired package info from go module information: /cluster-proportional-autoscaler",
      "supplier": "NOASSERTION",
      "versionInfo": "v0.0.0-20191010083416-a7dc8b61c822"
    },
    {
      "SPDXID": "SPDXRef-Package-go-module-github.com-spf13-cobra-8878848fe26fb711",
      "copyrightText": "NOASSERTION",
      "downloadLocation": "NOASSERTION",
      "externalRefs": [
        {
          "referenceCategory": "SECURITY",
          "referenceLocator": "cpe:2.3:a:spf13:cobra:v1.7.0:*:*:*:*:*:*:*",
          "referenceType": "cpe23Type"
        },
        {
          "referenceCategory": "PACKAGE-MANAGER",
          "referenceLocator": "pkg:golang/github.com/spf13/cobra@v1.7.0",
          "referenceType": "purl"
        }
      ],
      "filesAnalyzed": false,
      "licenseConcluded": "NOASSERTION",
      "licenseDeclared": "NOASSERTION",
      "name": "github.com/spf13/cobra",
      "sourceInfo": "acquired package info from go module information: /cluster-proportional-autoscaler",
      "supplier": "NOASSERTION",
      "versionInfo": "v1.7.0"
    },
    {
      "SPDXID": "SPDXRef-Package-go-module-github.com-spf13-pflag-caf592c9b221c176",
      "copyrightText": "NOASSERTION",
      "downloadLocation": "NOASSERTION",
      "externalRefs": [
        {
          "referenceCategory": "SECURITY",
          "referenceLocator": "cpe:2.3:a:spf13:pflag:v1.0.5:*:*:*:*:*:*:*",
          "referenceType": "cpe23Type"
        },
        {
          "referenceCategory": "PACKAGE-MANAGER",
          "referenceLocator": "pkg:golang/github.com/spf13/pflag@v1.0.5",
          "referenceType": "purl"
        }
      ],
      "filesAnalyzed": false,
      "licenseConcluded": "NOASSERTION",
      "licenseDeclared": "NOASSERTION",
      "name": "github.com/spf13/pflag",
      "sourceInfo": "acquired package info from go module information: /cluster-proportional-autoscaler",
      "supplier": "NOASSERTION",
      "versionInfo": "v1.0.5"
    },
    {
      "SPDXID": "SPDXRef-Package-go-module-golang.org-x-net-b661e104cdac3450",
      "copyrightText": "NOASSERTION",
      "downloadLocation": "NOASSERTION",
      "externalRefs": [
        {
          "referenceCategory": "SECURITY",
          "referenceLocator": "cpe:2.3:a:golang:x\\/net:v0.17.0:*:*:*:*:*:*:*",
          "referenceType": "cpe23Type"
        },
        {
          "referenceCategory": "PACKAGE-MANAGER",
          "referenceLocator": "pkg:golang/golang.org/x/net@v0.17.0",
          "referenceType": "purl"
        }
      ],
      "filesAnalyzed": false,
      "licenseConcluded": "NOASSERTION",
      "licenseDeclared": "NOASSERTION",
      "name": "golang.org/x/net",
      "sourceInfo": "acquired package info from go module information: /cluster-proportional-autoscaler",
      "supplier": "NOASSERTION",
      "versionInfo": "v0.17.0"
    },
    {
      "SPDXID": "SPDXRef-Package-go-module-golang.org-x-oauth2-a4fd735e8ac2dbbd",
      "copyrightText": "NOASSERTION",
      "downloadLocation": "NOASSERTION",
      "externalRefs": [
        {
          "referenceCategory": "SECURITY",
          "referenceLocator": "cpe:2.3:a:golang:x\\/oauth2:v0.8.0:*:*:*:*:*:*:*",
          "referenceType": "cpe23Type"
        },
        {
          "referenceCategory": "PACKAGE-MANAGER",
          "referenceLocator": "pkg:golang/golang.org/x/oauth2@v0.8.0",
          "referenceType": "purl"
        }
      ],
      "filesAnalyzed": false,
      "licenseConcluded": "NOASSERTION",
      "licenseDeclared": "NOASSERTION",
      "name": "golang.org/x/oauth2",
      "sourceInfo": "acquired package info from go module information: /cluster-proportional-autoscaler",
      "supplier": "NOASSERTION",
      "versionInfo": "v0.8.0"
    },
    {
      "SPDXID": "SPDXRef-Package-go-module-golang.org-x-sys-32b93a9fcf9efb88",
      "copyrightText": "NOASSERTION",
      "downloadLocation": "NOASSERTION",
      "externalRefs": [
        {
          "referenceCategory": "SECURITY",
          "referenceLocator": "cpe:2.3:a:golang:x\\/sys:v0.13.0:*:*:*:*:*:*:*",
          "referenceType": "cpe23Type"
        },
        {
          "referenceCategory": "PACKAGE-MANAGER",
          "referenceLocator": "pkg:golang/golang.org/x/sys@v0.13.0",
          "referenceType": "purl"
        }
      ],
      "filesAnalyzed": false,
      "licenseConcluded": "NOASSERTION",
      "licenseDeclared": "NOASSERTION",
      "name": "golang.org/x/sys",
      "sourceInfo": "acquired package info from go module information: /cluster-proportional-autoscaler",
      "supplier": "NOASSERTION",
      "versionInfo": "v0.13.0"
    },
    {
      "SPDXID": "SPDXRef-Package-go-module-golang.org-x-term-f188756b49e29a45",
      "copyrightText": "NOASSERTION",
      "downloadLocation": "NOASSERTION",
      "externalRefs": [
        {
          "referenceCategory": "SECURITY",
          "referenceLocator": "cpe:2.3:a:golang:x\\/term:v0.13.0:*:*:*:*:*:*:*",
          "referenceType": "cpe23Type"
        },
        {
          "referenceCategory": "PACKAGE-MANAGER",
          "referenceLocator": "pkg:golang/golang.org/x/term@v0.13.0",
          "referenceType": "purl"
        }
      ],
      "filesAnalyzed": false,
      "licenseConcluded": "NOASSERTION",
      "licenseDeclared": "NOASSERTION",
      "name": "golang.org/x/term",
      "sourceInfo": "acquired package info from go module information: /cluster-proportional-autoscaler",
      "supplier": "NOASSERTION",
      "versionInfo": "v0.13.0"
    },
    {
      "SPDXID": "SPDXRef-Package-go-module-golang.org-x-text-4dca3ba4aa1af122",
      "copyrightText": "NOASSERTION",
      "downloadLocation": "NOASSERTION",
      "externalRefs": [
        {
          "referenceCategory": "SECURITY",
          "referenceLocator": "cpe:2.3:a:golang:x\\/text:v0.13.0:*:*:*:*:*:*:*",
          "referenceType": "cpe23Type"
        },
        {
          "referenceCategory": "PACKAGE-MANAGER",
          "referenceLocator": "pkg:golang/golang.org/x/text@v0.13.0",
          "referenceType": "purl"
        }
      ],
      "filesAnalyzed": false,
      "licenseConcluded": "NOASSERTION",
      "licenseDeclared": "NOASSERTION",
      "name": "golang.org/x/text",
      "sourceInfo": "acquired package info from go module information: /cluster-proportional-autoscaler",
      "supplier": "NOASSERTION",
      "versionInfo": "v0.13.0"
    },
    {
      "SPDXID": "SPDXRef-Package-go-module-golang.org-x-time-03cd86cdc91179e5",
      "copyrightText": "NOASSERTION",
      "downloadLocation": "NOASSERTION",
      "externalRefs": [
        {
          "referenceCategory": "SECURITY",
          "referenceLocator": "cpe:2.3:a:golang:x\\/time:v0.3.0:*:*:*:*:*:*:*",
          "referenceType": "cpe23Type"
        },
        {
          "referenceCategory": "PACKAGE-MANAGER",
          "referenceLocator": "pkg:golang/golang.org/x/time@v0.3.0",
          "referenceType": "purl"
        }
      ],
      "filesAnalyzed": false,
      "licenseConcluded": "NOASSERTION",
      "licenseDeclared": "NOASSERTION",
      "name": "golang.org/x/time",
      "sourceInfo": "acquired package info from go module information: /cluster-proportional-autoscaler",
      "supplier": "NOASSERTION",
      "versionInfo": "v0.3.0"
    },
    {
      "SPDXID": "SPDXRef-Package-go-module-google.golang.org-protobuf-c89c2d2b883c097b",
      "copyrightText": "NOASSERTION",
      "downloadLocation": "NOASSERTION",
      "externalRefs": [
        {
          "referenceCategory": "SECURITY",
          "referenceLocator": "cpe:2.3:a:google:protobuf:v1.30.0:*:*:*:*:*:*:*",
          "referenceType": "cpe23Type"
        },
        {
          "referenceCategory": "PACKAGE-MANAGER",
          "referenceLocator": "pkg:golang/google.golang.org/protobuf@v1.30.0",
          "referenceType": "purl"
        }
      ],
      "filesAnalyzed": false,
      "licenseConcluded": "NOASSERTION",
      "licenseDeclared": "NOASSERTION",
      "name": "google.golang.org/protobuf",
      "sourceInfo": "acquired package info from go module information: /cluster-proportional-autoscaler",
      "supplier": "NOASSERTION",
      "versionInfo": "v1.30.0"
    },
    {
      "SPDXID": "SPDXRef-Package-go-module-gopkg.in-inf.v0-f89f73f454d3745c",
      "copyrightText": "NOASSERTION",
      "downloadLocation": "NOASSERTION",
      "externalRefs": [
        {
          "referenceCategory": "PACKAGE-MANAGER",
          "referenceLocator": "pkg:golang/gopkg.in/inf.v0@v0.9.1",
          "referenceType": "purl"
        }
      ],
      "filesAnalyzed": false,
      "licenseConcluded": "NOASSERTION",
      "licenseDeclared": "NOASSERTION",
      "name": "gopkg.in/inf.v0",
      "sourceInfo": "acquired package info from go module information: /cluster-proportional-autoscaler",
      "supplier": "NOASSERTION",
      "versionInfo": "v0.9.1"
    },
    {
      "SPDXID": "SPDXRef-Package-go-module-gopkg.in-yaml.v2-2218cb368845c6e9",
      "copyrightText": "NOASSERTION",
      "downloadLocation": "NOASSERTION",
      "externalRefs": [
        {
          "referenceCategory": "PACKAGE-MANAGER",
          "referenceLocator": "pkg:golang/gopkg.in/yaml.v2@v2.4.0",
          "referenceType": "purl"
        }
      ],
      "filesAnalyzed": false,
      "licenseConcluded": "NOASSERTION",
      "licenseDeclared": "NOASSERTION",
      "name": "gopkg.in/yaml.v2",
      "sourceInfo": "acquired package info from go module information: /cluster-proportional-autoscaler",
      "supplier": "NOASSERTION",
      "versionInfo": "v2.4.0"
    },
    {
      "SPDXID": "SPDXRef-Package-go-module-gopkg.in-yaml.v3-75ea5117f172b37c",
      "copyrightText": "NOASSERTION",
      "downloadLocation": "NOASSERTION",
      "externalRefs": [
        {
          "referenceCategory": "PACKAGE-MANAGER",
          "referenceLocator": "pkg:golang/gopkg.in/yaml.v3@v3.0.1",
          "referenceType": "purl"
        }
      ],
      "filesAnalyzed": false,
      "licenseConcluded": "NOASSERTION",
      "licenseDeclared": "NOASSERTION",
      "name": "gopkg.in/yaml.v3",
      "sourceInfo": "acquired package info from go module information: /cluster-proportional-autoscaler",
      "supplier": "NOASSERTION",
      "versionInfo": "v3.0.1"
    },
    {
      "SPDXID": "SPDXRef-Package-go-module-k8s.io-api-7381e5b21bf6454e",
      "copyrightText": "NOASSERTION",
      "downloadLocation": "NOASSERTION",
      "externalRefs": [
        {
          "referenceCategory": "PACKAGE-MANAGER",
          "referenceLocator": "pkg:golang/k8s.io/api@v0.28.2",
          "referenceType": "purl"
        }
      ],
      "filesAnalyzed": false,
      "licenseConcluded": "NOASSERTION",
      "licenseDeclared": "NOASSERTION",
      "name": "k8s.io/api",
      "sourceInfo": "acquired package info from go module information: /cluster-proportional-autoscaler",
      "supplier": "NOASSERTION",
      "versionInfo": "v0.28.2"
    },
    {
      "SPDXID": "SPDXRef-Package-go-module-k8s.io-apimachinery-59052ff6bb84d030",
      "copyrightText": "NOASSERTION",
      "downloadLocation": "NOASSERTION",
      "externalRefs": [
        {
          "referenceCategory": "PACKAGE-MANAGER",
          "referenceLocator": "pkg:golang/k8s.io/apimachinery@v0.28.2",
          "referenceType": "purl"
        }
      ],
      "filesAnalyzed": false,
      "licenseConcluded": "NOASSERTION",
      "licenseDeclared": "NOASSERTION",
      "name": "k8s.io/apimachinery",
      "sourceInfo": "acquired package info from go module information: /cluster-proportional-autoscaler",
      "supplier": "NOASSERTION",
      "versionInfo": "v0.28.2"
    },
    {
      "SPDXID": "SPDXRef-Package-go-module-k8s.io-client-go-2931602c6146cfbb",
      "copyrightText": "NOASSERTION",
      "downloadLocation": "NOASSERTION",
      "externalRefs": [
        {
          "referenceCategory": "PACKAGE-MANAGER",
          "referenceLocator": "pkg:golang/k8s.io/client-go@v0.28.2",
          "referenceType": "purl"
        }
      ],
      "filesAnalyzed": false,
      "licenseConcluded": "NOASSERTION",
      "licenseDeclared": "NOASSERTION",
      "name": "k8s.io/client-go",
      "sourceInfo": "acquired package info from go module information: /cluster-proportional-autoscaler",
      "supplier": "NOASSERTION",
      "versionInfo": "v0.28.2"
    },
    {
      "SPDXID": "SPDXRef-Package-go-module-k8s.io-component-base-6d3e0920cbbe6b5f",
      "copyrightText": "NOASSERTION",
      "downloadLocation": "NOASSERTION",
      "externalRefs": [
        {
          "referenceCategory": "PACKAGE-MANAGER",
          "referenceLocator": "pkg:golang/k8s.io/component-base@v0.28.2",
          "referenceType": "purl"
        }
      ],
      "filesAnalyzed": false,
      "licenseConcluded": "NOASSERTION",
      "licenseDeclared": "NOASSERTION",
      "name": "k8s.io/component-base",
      "sourceInfo": "acquired package info from go module information: /cluster-proportional-autoscaler",
      "supplier": "NOASSERTION",
      "versionInfo": "v0.28.2"
    },
    {
      "SPDXID": "SPDXRef-Package-go-module-k8s.io-klog-v2-989e5dccc4e10469",
      "copyrightText": "NOASSERTION",
      "downloadLocation": "NOASSERTION",
      "externalRefs": [
        {
          "referenceCategory": "SECURITY",
          "referenceLocator": "cpe:2.3:a:klog:v2:v2.100.1:*:*:*:*:*:*:*",
          "referenceType": "cpe23Type"
        },
        {
          "referenceCategory": "PACKAGE-MANAGER",
          "referenceLocator": "pkg:golang/k8s.io/klog/v2@v2.100.1",
          "referenceType": "purl"
        }
      ],
      "filesAnalyzed": false,
      "licenseConcluded": "NOASSERTION",
      "licenseDeclared": "NOASSERTION",
      "name": "k8s.io/klog/v2",
      "sourceInfo": "acquired package info from go module information: /cluster-proportional-autoscaler",
      "supplier": "NOASSERTION",
      "versionInfo": "v2.100.1"
    },
    {
      "SPDXID": "SPDXRef-Package-go-module-k8s.io-kube-openapi-0a21622c8d57804e",
      "copyrightText": "NOASSERTION",
      "downloadLocation": "NOASSERTION",
      "externalRefs": [
        {
          "referenceCategory": "PACKAGE-MANAGER",
          "referenceLocator": "pkg:golang/k8s.io/kube-openapi@v0.0.0-20230717233707-2695361300d9",
          "referenceType": "purl"
        }
      ],
      "filesAnalyzed": false,
      "licenseConcluded": "NOASSERTION",
      "licenseDeclared": "NOASSERTION",
      "name": "k8s.io/kube-openapi",
      "sourceInfo": "acquired package info from go module information: /cluster-proportional-autoscaler",
      "supplier": "NOASSERTION",
      "versionInfo": "v0.0.0-20230717233707-2695361300d9"
    },
    {
      "SPDXID": "SPDXRef-Package-go-module-k8s.io-utils-1d1a013af835fe68",
      "copyrightText": "NOASSERTION",
      "downloadLocation": "NOASSERTION",
      "externalRefs": [
        {
          "referenceCategory": "PACKAGE-MANAGER",
          "referenceLocator": "pkg:golang/k8s.io/utils@v0.0.0-20230406110748-d93618cff8a2",
          "referenceType": "purl"
        }
      ],
      "filesAnalyzed": false,
      "licenseConcluded": "NOASSERTION",
      "licenseDeclared": "NOASSERTION",
      "name": "k8s.io/utils",
      "sourceInfo": "acquired package info from go module information: /cluster-proportional-autoscaler",
      "supplier": "NOASSERTION",
      "versionInfo": "v0.0.0-20230406110748-d93618cff8a2"
    },
    {
      "SPDXID": "SPDXRef-Package-go-module-sigs.k8s.io-json-5bc169f80657bd39",
      "copyrightText": "NOASSERTION",
      "downloadLocation": "NOASSERTION",
      "externalRefs": [
        {
          "referenceCategory": "PACKAGE-MANAGER",
          "referenceLocator": "pkg:golang/sigs.k8s.io/json@v0.0.0-20221116044647-bc3834ca7abd",
          "referenceType": "purl"
        }
      ],
      "filesAnalyzed": false,
      "licenseConcluded": "NOASSERTION",
      "licenseDeclared": "NOASSERTION",
      "name": "sigs.k8s.io/json",
      "sourceInfo": "acquired package info from go module information: /cluster-proportional-autoscaler",
      "supplier": "NOASSERTION",
      "versionInfo": "v0.0.0-20221116044647-bc3834ca7abd"
    },
    {
      "SPDXID": "SPDXRef-Package-go-module-sigs.k8s.io-structured-merge-diff-v4-2cf2bee5b7ff1357",
      "copyrightText": "NOASSERTION",
      "downloadLocation": "NOASSERTION",
      "externalRefs": [
        {
          "referenceCategory": "SECURITY",
          "referenceLocator": "cpe:2.3:a:structured-merge-diff:v4:v4.2.3:*:*:*:*:*:*:*",
          "referenceType": "cpe23Type"
        },
        {
          "referenceCategory": "SECURITY",
          "referenceLocator": "cpe:2.3:a:structured_merge_diff:v4:v4.2.3:*:*:*:*:*:*:*",
          "referenceType": "cpe23Type"
        },
        {
          "referenceCategory": "SECURITY",
          "referenceLocator": "cpe:2.3:a:structured-merge:v4:v4.2.3:*:*:*:*:*:*:*",
          "referenceType": "cpe23Type"
        },
        {
          "referenceCategory": "SECURITY",
          "referenceLocator": "cpe:2.3:a:structured_merge:v4:v4.2.3:*:*:*:*:*:*:*",
          "referenceType": "cpe23Type"
        },
        {
          "referenceCategory": "SECURITY",
          "referenceLocator": "cpe:2.3:a:structured:v4:v4.2.3:*:*:*:*:*:*:*",
          "referenceType": "cpe23Type"
        },
        {
          "referenceCategory": "PACKAGE-MANAGER",
          "referenceLocator": "pkg:golang/sigs.k8s.io/structured-merge-diff/v4@v4.2.3",
          "referenceType": "purl"
        }
      ],
      "filesAnalyzed": false,
      "licenseConcluded": "NOASSERTION",
      "licenseDeclared": "NOASSERTION",
      "name": "sigs.k8s.io/structured-merge-diff/v4",
      "sourceInfo": "acquired package info from go module information: /cluster-proportional-autoscaler",
      "supplier": "NOASSERTION",
      "versionInfo": "v4.2.3"
    },
    {
      "SPDXID": "SPDXRef-Package-go-module-sigs.k8s.io-yaml-ad6ada138e760c91",
      "copyrightText": "NOASSERTION",
      "downloadLocation": "NOASSERTION",
      "externalRefs": [
        {
          "referenceCategory": "PACKAGE-MANAGER",
          "referenceLocator": "pkg:golang/sigs.k8s.io/yaml@v1.3.0",
          "referenceType": "purl"
        }
      ],
      "filesAnalyzed": false,
      "licenseConcluded": "NOASSERTION",
      "licenseDeclared": "NOASSERTION",
      "name": "sigs.k8s.io/yaml",
      "sourceInfo": "acquired package info from go module information: /cluster-proportional-autoscaler",
      "supplier": "NOASSERTION",
      "versionInfo": "v1.3.0"
    },
    {
      "SPDXID": "SPDXRef-Package-go-module-stdlib-0bfb1dd01e99889d",
      "copyrightText": "NOASSERTION",
      "downloadLocation": "NOASSERTION",
      "externalRefs": [
        {
          "referenceCategory": "SECURITY",
          "referenceLocator": "cpe:2.3:a:golang:go:1.20.7:-:*:*:*:*:*:*",
          "referenceType": "cpe23Type"
        },
        {
          "referenceCategory": "PACKAGE-MANAGER",
          "referenceLocator": "pkg:golang/stdlib@1.20.7%20X:boringcrypto",
          "referenceType": "purl"
        }
      ],
      "filesAnalyzed": false,
      "licenseConcluded": "NOASSERTION",
      "licenseDeclared": "BSD-3-Clause",
      "name": "stdlib",
      "sourceInfo": "acquired package info from go module information: /cluster-proportional-autoscaler",
      "supplier": "NOASSERTION",
      "versionInfo": "go1.20.7 X:boringcrypto"
    },
    {
      "SPDXID": "SPDXRef-DocumentRoot-Image-rgcrprod.azurecr.us-rancher-hardened-cluster-autoscaler",
      "checksums": [
        {
          "algorithm": "SHA256",
          "checksumValue": "0d5c99f3ec78406ee4cfcb2b9bf53530d98aec38034f94d9a5b99ec578f7899f"
        }
      ],
      "downloadLocation": "NOASSERTION",
      "externalRefs": [
        {
          "referenceCategory": "PACKAGE-MANAGER",
          "referenceLocator": "pkg:oci/rgcrprod.azurecr.us/rancher/hardened-cluster-autoscaler@sha256:0d5c99f3ec78406ee4cfcb2b9bf53530d98aec38034f94d9a5b99ec578f7899f?arch=amd64",
          "referenceType": "purl"
        }
      ],
      "filesAnalyzed": false,
      "name": "rgcrprod.azurecr.us/rancher/hardened-cluster-autoscaler",
      "primaryPackagePurpose": "CONTAINER",
      "supplier": "NOASSERTION",
      "versionInfo": "sha256:0d5c99f3ec78406ee4cfcb2b9bf53530d98aec38034f94d9a5b99ec578f7899f"
    }
  ],
  "relationships": [
    {
      "comment": "evident-by: indicates the package's existence is evident by the given file",
      "relatedSpdxElement": "SPDXRef-File-cluster-proportional-autoscaler-30aababe4370afd8",
      "relationshipType": "OTHER",
      "spdxElementId": "SPDXRef-Package-go-module-github.com-gogo-protobuf-0077371ae7d4ea97"
    },
    {
      "comment": "evident-by: indicates the package's existence is evident by the given file",
      "relatedSpdxElement": "SPDXRef-File-cluster-proportional-autoscaler-30aababe4370afd8",
      "relationshipType": "OTHER",
      "spdxElementId": "SPDXRef-Package-go-module-golang.org-x-time-03cd86cdc91179e5"
    },
    {
      "comment": "evident-by: indicates the package's existence is evident by the given file",
      "relatedSpdxElement": "SPDXRef-File-cluster-proportional-autoscaler-30aababe4370afd8",
      "relationshipType": "OTHER",
      "spdxElementId": "SPDXRef-Package-go-module-github.com-google-gofuzz-097e33e7b7b0e373"
    },
    {
      "comment": "evident-by: indicates the package's existence is evident by the given file",
      "relatedSpdxElement": "SPDXRef-File-cluster-proportional-autoscaler-30aababe4370afd8",
      "relationshipType": "OTHER",
      "spdxElementId": "SPDXRef-Package-go-module-k8s.io-kube-openapi-0a21622c8d57804e"
    },
    {
      "comment": "evident-by: indicates the package's existence is evident by the given file",
      "relatedSpdxElement": "SPDXRef-File-cluster-proportional-autoscaler-30aababe4370afd8",
      "relationshipType": "OTHER",
      "spdxElementId": "SPDXRef-Package-go-module-stdlib-0bfb1dd01e99889d"
    },
    {
      "comment": "evident-by: indicates the package's existence is evident by the given file",
      "relatedSpdxElement": "SPDXRef-File-cluster-proportional-autoscaler-30aababe4370afd8",
      "relationshipType": "OTHER",
      "spdxElementId": "SPDXRef-Package-go-module-k8s.io-utils-1d1a013af835fe68"
    },
    {
      "comment": "evident-by: indicates the package's existence is evident by the given file",
      "relatedSpdxElement": "SPDXRef-File-cluster-proportional-autoscaler-30aababe4370afd8",
      "relationshipType": "OTHER",
      "spdxElementId": "SPDXRef-Package-go-module-gopkg.in-yaml.v2-2218cb368845c6e9"
    },
    {
      "comment": "evident-by: indicates the package's existence is evident by the given file",
      "relatedSpdxElement": "SPDXRef-File-cluster-proportional-autoscaler-30aababe4370afd8",
      "relationshipType": "OTHER",
      "spdxElementId": "SPDXRef-Package-go-module-github.com-emicklei-go-restful-v3-231866cb1535dae4"
    },
    {
      "comment": "evident-by: indicates the package's existence is evident by the given file",
      "relatedSpdxElement": "SPDXRef-File-cluster-proportional-autoscaler-30aababe4370afd8",
      "relationshipType": "OTHER",
      "spdxElementId": "SPDXRef-Package-go-module-github.com-google-go-cmp-272683232c057adf"
    },
    {
      "comment": "evident-by: indicates the package's existence is evident by the given file",
      "relatedSpdxElement": "SPDXRef-File-cluster-proportional-autoscaler-30aababe4370afd8",
      "relationshipType": "OTHER",
      "spdxElementId": "SPDXRef-Package-go-module-k8s.io-client-go-2931602c6146cfbb"
    },
    {
      "comment": "evident-by: indicates the package's existence is evident by the given file",
      "relatedSpdxElement": "SPDXRef-File-cluster-proportional-autoscaler-30aababe4370afd8",
      "relationshipType": "OTHER",
      "spdxElementId": "SPDXRef-Package-go-module-sigs.k8s.io-structured-merge-diff-v4-2cf2bee5b7ff1357"
    },
    {
      "comment": "evident-by: indicates the package's existence is evident by the given file",
      "relatedSpdxElement": "SPDXRef-File-cluster-proportional-autoscaler-30aababe4370afd8",
      "relationshipType": "OTHER",
      "spdxElementId": "SPDXRef-Package-go-module-github.com-golang-glog-2e2dc94f9f3fcb15"
    },
    {
      "comment": "evident-by: indicates the package's existence is evident by the given file",
      "relatedSpdxElement": "SPDXRef-File-cluster-proportional-autoscaler-30aababe4370afd8",
      "relationshipType": "OTHER",
      "spdxElementId": "SPDXRef-Package-go-module-github.com-kubernetes-sigs-cluster-proportional-autoscaler-2f980b12141ed90f"
    },
    {
      "comment": "evident-by: indicates the package's existence is evident by the given file",
      "relatedSpdxElement": "SPDXRef-File-cluster-proportional-autoscaler-30aababe4370afd8",
      "relationshipType": "OTHER",
      "spdxElementId": "SPDXRef-Package-go-module-golang.org-x-sys-32b93a9fcf9efb88"
    },
    {
      "comment": "evident-by: indicates the package's existence is evident by the given file",
      "relatedSpdxElement": "SPDXRef-File-cluster-proportional-autoscaler-30aababe4370afd8",
      "relationshipType": "OTHER",
      "spdxElementId": "SPDXRef-Package-go-module-github.com-modern-go-reflect2-3fec95355864f6d1"
    },
    {
      "comment": "evident-by: indicates the package's existence is evident by the given file",
      "relatedSpdxElement": "SPDXRef-File-cluster-proportional-autoscaler-30aababe4370afd8",
      "relationshipType": "OTHER",
      "spdxElementId": "SPDXRef-Package-go-module-golang.org-x-text-4dca3ba4aa1af122"
    },
    {
      "comment": "evident-by: indicates the package's existence is evident by the given file",
      "relatedSpdxElement": "SPDXRef-File-cluster-proportional-autoscaler-30aababe4370afd8",
      "relationshipType": "OTHER",
      "spdxElementId": "SPDXRef-Package-go-module-github.com-google-gnostic-models-52660af98342a1e9"
    },
    {
      "comment": "evident-by: indicates the package's existence is evident by the given file",
      "relatedSpdxElement": "SPDXRef-File-cluster-proportional-autoscaler-30aababe4370afd8",
      "relationshipType": "OTHER",
      "spdxElementId": "SPDXRef-Package-go-module-github.com-go-openapi-jsonreference-5642a41b7db0d515"
    },
    {
      "comment": "evident-by: indicates the package's existence is evident by the given file",
      "relatedSpdxElement": "SPDXRef-File-cluster-proportional-autoscaler-30aababe4370afd8",
      "relationshipType": "OTHER",
      "spdxElementId": "SPDXRef-Package-go-module-k8s.io-apimachinery-59052ff6bb84d030"
    },
    {
      "comment": "evident-by: indicates the package's existence is evident by the given file",
      "relatedSpdxElement": "SPDXRef-File-cluster-proportional-autoscaler-30aababe4370afd8",
      "relationshipType": "OTHER",
      "spdxElementId": "SPDXRef-Package-go-module-github.com-json-iterator-go-59841f1936cdd4d0"
    },
    {
      "comment": "evident-by: indicates the package's existence is evident by the given file",
      "relatedSpdxElement": "SPDXRef-File-cluster-proportional-autoscaler-30aababe4370afd8",
      "relationshipType": "OTHER",
      "spdxElementId": "SPDXRef-Package-go-module-sigs.k8s.io-json-5bc169f80657bd39"
    },
    {
      "comment": "evident-by: indicates the package's existence is evident by the given file",
      "relatedSpdxElement": "SPDXRef-File-cluster-proportional-autoscaler-30aababe4370afd8",
      "relationshipType": "OTHER",
      "spdxElementId": "SPDXRef-Package-go-module-github.com-modern-go-concurrent-68a4ed2287707a76"
    },
    {
      "comment": "evident-by: indicates the package's existence is evident by the given file",
      "relatedSpdxElement": "SPDXRef-File-cluster-proportional-autoscaler-30aababe4370afd8",
      "relationshipType": "OTHER",
      "spdxElementId": "SPDXRef-Package-go-module-k8s.io-component-base-6d3e0920cbbe6b5f"
    },
    {
      "comment": "evident-by: indicates the package's existence is evident by the given file",
      "relatedSpdxElement": "SPDXRef-File-cluster-proportional-autoscaler-30aababe4370afd8",
      "relationshipType": "OTHER",
      "spdxElementId": "SPDXRef-Package-go-module-github.com-google-uuid-70dd40017eda7029"
    },
    {
      "comment": "evident-by: indicates the package's existence is evident by the given file",
      "relatedSpdxElement": "SPDXRef-File-cluster-proportional-autoscaler-30aababe4370afd8",
      "relationshipType": "OTHER",
      "spdxElementId": "SPDXRef-Package-go-module-k8s.io-api-7381e5b21bf6454e"
    },
    {
      "comment": "evident-by: indicates the package's existence is evident by the given file",
      "relatedSpdxElement": "SPDXRef-File-cluster-proportional-autoscaler-30aababe4370afd8",
      "relationshipType": "OTHER",
      "spdxElementId": "SPDXRef-Package-go-module-gopkg.in-yaml.v3-75ea5117f172b37c"
    },
    {
      "comment": "evident-by: indicates the package's existence is evident by the given file",
      "relatedSpdxElement": "SPDXRef-File-cluster-proportional-autoscaler-30aababe4370afd8",
      "relationshipType": "OTHER",
      "spdxElementId": "SPDXRef-Package-go-module-github.com-josharian-intern-7efddeeb03df7d4f"
    },
    {
      "comment": "evident-by: indicates the package's existence is evident by the given file",
      "relatedSpdxElement": "SPDXRef-File-cluster-proportional-autoscaler-30aababe4370afd8",
      "relationshipType": "OTHER",
      "spdxElementId": "SPDXRef-Package-go-module-github.com-spf13-cobra-8878848fe26fb711"
    },
    {
      "comment": "evident-by: indicates the package's existence is evident by the given file",
      "relatedSpdxElement": "SPDXRef-File-cluster-proportional-autoscaler-30aababe4370afd8",
      "relationshipType": "OTHER",
      "spdxElementId": "SPDXRef-Package-go-module-k8s.io-klog-v2-989e5dccc4e10469"
    },
    {
      "comment": "evident-by: indicates the package's existence is evident by the given file",
      "relatedSpdxElement": "SPDXRef-File-cluster-proportional-autoscaler-30aababe4370afd8",
      "relationshipType": "OTHER",
      "spdxElementId": "SPDXRef-Package-go-module-golang.org-x-oauth2-a4fd735e8ac2dbbd"
    },
    {
      "comment": "evident-by: indicates the package's existence is evident by the given file",
      "relatedSpdxElement": "SPDXRef-File-cluster-proportional-autoscaler-30aababe4370afd8",
      "relationshipType": "OTHER",
      "spdxElementId": "SPDXRef-Package-go-module-github.com-munnerz-goautoneg-a9caa18ce708802d"
    },
    {
      "comment": "evident-by: indicates the package's existence is evident by the given file",
      "relatedSpdxElement": "SPDXRef-File-cluster-proportional-autoscaler-30aababe4370afd8",
      "relationshipType": "OTHER",
      "spdxElementId": "SPDXRef-Package-go-module-sigs.k8s.io-yaml-ad6ada138e760c91"
    },
    {
      "comment": "evident-by: indicates the package's existence is evident by the given file",
      "relatedSpdxElement": "SPDXRef-File-cluster-proportional-autoscaler-30aababe4370afd8",
      "relationshipType": "OTHER",
      "spdxElementId": "SPDXRef-Package-go-module-golang.org-x-net-b661e104cdac3450"
    },
    {
      "comment": "evident-by: indicates the package's existence is evident by the given file",
      "relatedSpdxElement": "SPDXRef-File-cluster-proportional-autoscaler-30aababe4370afd8",
      "relationshipType": "OTHER",
      "spdxElementId": "SPDXRef-Package-go-module-github.com-davecgh-go-spew-beed47e6118f6b3d"
    },
    {
      "comment": "evident-by: indicates the package's existence is evident by the given file",
      "relatedSpdxElement": "SPDXRef-File-cluster-proportional-autoscaler-30aababe4370afd8",
      "relationshipType": "OTHER",
      "spdxElementId": "SPDXRef-Package-go-module-google.golang.org-protobuf-c89c2d2b883c097b"
    },
    {
      "comment": "evident-by: indicates the package's existence is evident by the given file",
      "relatedSpdxElement": "SPDXRef-File-cluster-proportional-autoscaler-30aababe4370afd8",
      "relationshipType": "OTHER",
      "spdxElementId": "SPDXRef-Package-go-module-github.com-go-logr-logr-ca633acc9f5b6754"
    },
    {
      "comment": "evident-by: indicates the package's existence is evident by the given file",
      "relatedSpdxElement": "SPDXRef-File-cluster-proportional-autoscaler-30aababe4370afd8",
      "relationshipType": "OTHER",
      "spdxElementId": "SPDXRef-Package-go-module-github.com-spf13-pflag-caf592c9b221c176"
    },
    {
      "comment": "evident-by: indicates the package's existence is evident by the given file",
      "relatedSpdxElement": "SPDXRef-File-cluster-proportional-autoscaler-30aababe4370afd8",
      "relationshipType": "OTHER",
      "spdxElementId": "SPDXRef-Package-go-module-github.com-mailru-easyjson-cba0bf98e6f7a62f"
    },
    {
      "comment": "evident-by: indicates the package's existence is evident by the given file",
      "relatedSpdxElement": "SPDXRef-File-cluster-proportional-autoscaler-30aababe4370afd8",
      "relationshipType": "OTHER",
      "spdxElementId": "SPDXRef-Package-go-module-github.com-go-openapi-jsonpointer-d3f91b84cbd0c034"
    },
    {
      "comment": "evident-by: indicates the package's existence is evident by the given file",
      "relatedSpdxElement": "SPDXRef-File-cluster-proportional-autoscaler-30aababe4370afd8",
      "relationshipType": "OTHER",
      "spdxElementId": "SPDXRef-Package-go-module-github.com-golang-protobuf-e21d076b99780b2e"
    },
    {
      "comment": "evident-by: indicates the package's existence is evident by the given file",
      "relatedSpdxElement": "SPDXRef-File-cluster-proportional-autoscaler-30aababe4370afd8",
      "relationshipType": "OTHER",
      "spdxElementId": "SPDXRef-Package-go-module-github.com-go-openapi-swag-e7865b44a376ad10"
    },
    {
      "comment": "evident-by: indicates the package's existence is evident by the given file",
      "relatedSpdxElement": "SPDXRef-File-cluster-proportional-autoscaler-30aababe4370afd8",
      "relationshipType": "OTHER",
      "spdxElementId": "SPDXRef-Package-go-module-golang.org-x-term-f188756b49e29a45"
    },
    {
      "comment": "evident-by: indicates the package's existence is evident by the given file",
      "relatedSpdxElement": "SPDXRef-File-cluster-proportional-autoscaler-30aababe4370afd8",
      "relationshipType": "OTHER",
      "spdxElementId": "SPDXRef-Package-go-module-gopkg.in-inf.v0-f89f73f454d3745c"
    },
    {
      "relatedSpdxElement": "SPDXRef-Package-go-module-github.com-davecgh-go-spew-beed47e6118f6b3d",
      "relationshipType": "CONTAINS",
      "spdxElementId": "SPDXRef-DocumentRoot-Image-rgcrprod.azurecr.us-rancher-hardened-cluster-autoscaler"
    },
    {
      "relatedSpdxElement": "SPDXRef-Package-go-module-github.com-emicklei-go-restful-v3-231866cb1535dae4",
      "relationshipType": "CONTAINS",
      "spdxElementId": "SPDXRef-DocumentRoot-Image-rgcrprod.azurecr.us-rancher-hardened-cluster-autoscaler"
    },
    {
      "relatedSpdxElement": "SPDXRef-Package-go-module-github.com-go-logr-logr-ca633acc9f5b6754",
      "relationshipType": "CONTAINS",
      "spdxElementId": "SPDXRef-DocumentRoot-Image-rgcrprod.azurecr.us-rancher-hardened-cluster-autoscaler"
    },
    {
      "relatedSpdxElement": "SPDXRef-Package-go-module-github.com-go-openapi-jsonpointer-d3f91b84cbd0c034",
      "relationshipType": "CONTAINS",
      "spdxElementId": "SPDXRef-DocumentRoot-Image-rgcrprod.azurecr.us-rancher-hardened-cluster-autoscaler"
    },
    {
      "relatedSpdxElement": "SPDXRef-Package-go-module-github.com-go-openapi-jsonreference-5642a41b7db0d515",
      "relationshipType": "CONTAINS",
      "spdxElementId": "SPDXRef-DocumentRoot-Image-rgcrprod.azurecr.us-rancher-hardened-cluster-autoscaler"
    },
    {
      "relatedSpdxElement": "SPDXRef-Package-go-module-github.com-go-openapi-swag-e7865b44a376ad10",
      "relationshipType": "CONTAINS",
      "spdxElementId": "SPDXRef-DocumentRoot-Image-rgcrprod.azurecr.us-rancher-hardened-cluster-autoscaler"
    },
    {
      "relatedSpdxElement": "SPDXRef-Package-go-module-github.com-gogo-protobuf-0077371ae7d4ea97",
      "relationshipType": "CONTAINS",
      "spdxElementId": "SPDXRef-DocumentRoot-Image-rgcrprod.azurecr.us-rancher-hardened-cluster-autoscaler"
    },
    {
      "relatedSpdxElement": "SPDXRef-Package-go-module-github.com-golang-glog-2e2dc94f9f3fcb15",
      "relationshipType": "CONTAINS",
      "spdxElementId": "SPDXRef-DocumentRoot-Image-rgcrprod.azurecr.us-rancher-hardened-cluster-autoscaler"
    },
    {
      "relatedSpdxElement": "SPDXRef-Package-go-module-github.com-golang-protobuf-e21d076b99780b2e",
      "relationshipType": "CONTAINS",
      "spdxElementId": "SPDXRef-DocumentRoot-Image-rgcrprod.azurecr.us-rancher-hardened-cluster-autoscaler"
    },
    {
      "relatedSpdxElement": "SPDXRef-Package-go-module-github.com-google-gnostic-models-52660af98342a1e9",
      "relationshipType": "CONTAINS",
      "spdxElementId": "SPDXRef-DocumentRoot-Image-rgcrprod.azurecr.us-rancher-hardened-cluster-autoscaler"
    },
    {
      "relatedSpdxElement": "SPDXRef-Package-go-module-github.com-google-go-cmp-272683232c057adf",
      "relationshipType": "CONTAINS",
      "spdxElementId": "SPDXRef-DocumentRoot-Image-rgcrprod.azurecr.us-rancher-hardened-cluster-autoscaler"
    },
    {
      "relatedSpdxElement": "SPDXRef-Package-go-module-github.com-google-gofuzz-097e33e7b7b0e373",
      "relationshipType": "CONTAINS",
      "spdxElementId": "SPDXRef-DocumentRoot-Image-rgcrprod.azurecr.us-rancher-hardened-cluster-autoscaler"
    },
    {
      "relatedSpdxElement": "SPDXRef-Package-go-module-github.com-google-uuid-70dd40017eda7029",
      "relationshipType": "CONTAINS",
      "spdxElementId": "SPDXRef-DocumentRoot-Image-rgcrprod.azurecr.us-rancher-hardened-cluster-autoscaler"
    },
    {
      "relatedSpdxElement": "SPDXRef-Package-go-module-github.com-josharian-intern-7efddeeb03df7d4f",
      "relationshipType": "CONTAINS",
      "spdxElementId": "SPDXRef-DocumentRoot-Image-rgcrprod.azurecr.us-rancher-hardened-cluster-autoscaler"
    },
    {
      "relatedSpdxElement": "SPDXRef-Package-go-module-github.com-json-iterator-go-59841f1936cdd4d0",
      "relationshipType": "CONTAINS",
      "spdxElementId": "SPDXRef-DocumentRoot-Image-rgcrprod.azurecr.us-rancher-hardened-cluster-autoscaler"
    },
    {
      "relatedSpdxElement": "SPDXRef-Package-go-module-github.com-kubernetes-sigs-cluster-proportional-autoscaler-2f980b12141ed90f",
      "relationshipType": "CONTAINS",
      "spdxElementId": "SPDXRef-DocumentRoot-Image-rgcrprod.azurecr.us-rancher-hardened-cluster-autoscaler"
    },
    {
      "relatedSpdxElement": "SPDXRef-Package-go-module-github.com-mailru-easyjson-cba0bf98e6f7a62f",
      "relationshipType": "CONTAINS",
      "spdxElementId": "SPDXRef-DocumentRoot-Image-rgcrprod.azurecr.us-rancher-hardened-cluster-autoscaler"
    },
    {
      "relatedSpdxElement": "SPDXRef-Package-go-module-github.com-modern-go-concurrent-68a4ed2287707a76",
      "relationshipType": "CONTAINS",
      "spdxElementId": "SPDXRef-DocumentRoot-Image-rgcrprod.azurecr.us-rancher-hardened-cluster-autoscaler"
    },
    {
      "relatedSpdxElement": "SPDXRef-Package-go-module-github.com-modern-go-reflect2-3fec95355864f6d1",
      "relationshipType": "CONTAINS",
      "spdxElementId": "SPDXRef-DocumentRoot-Image-rgcrprod.azurecr.us-rancher-hardened-cluster-autoscaler"
    },
    {
      "relatedSpdxElement": "SPDXRef-Package-go-module-github.com-munnerz-goautoneg-a9caa18ce708802d",
      "relationshipType": "CONTAINS",
      "spdxElementId": "SPDXRef-DocumentRoot-Image-rgcrprod.azurecr.us-rancher-hardened-cluster-autoscaler"
    },
    {
      "relatedSpdxElement": "SPDXRef-Package-go-module-github.com-spf13-cobra-8878848fe26fb711",
      "relationshipType": "CONTAINS",
      "spdxElementId": "SPDXRef-DocumentRoot-Image-rgcrprod.azurecr.us-rancher-hardened-cluster-autoscaler"
    },
    {
      "relatedSpdxElement": "SPDXRef-Package-go-module-github.com-spf13-pflag-caf592c9b221c176",
      "relationshipType": "CONTAINS",
      "spdxElementId": "SPDXRef-DocumentRoot-Image-rgcrprod.azurecr.us-rancher-hardened-cluster-autoscaler"
    },
    {
      "relatedSpdxElement": "SPDXRef-Package-go-module-golang.org-x-net-b661e104cdac3450",
      "relationshipType": "CONTAINS",
      "spdxElementId": "SPDXRef-DocumentRoot-Image-rgcrprod.azurecr.us-rancher-hardened-cluster-autoscaler"
    },
    {
      "relatedSpdxElement": "SPDXRef-Package-go-module-golang.org-x-oauth2-a4fd735e8ac2dbbd",
      "relationshipType": "CONTAINS",
      "spdxElementId": "SPDXRef-DocumentRoot-Image-rgcrprod.azurecr.us-rancher-hardened-cluster-autoscaler"
    },
    {
      "relatedSpdxElement": "SPDXRef-Package-go-module-golang.org-x-sys-32b93a9fcf9efb88",
      "relationshipType": "CONTAINS",
      "spdxElementId": "SPDXRef-DocumentRoot-Image-rgcrprod.azurecr.us-rancher-hardened-cluster-autoscaler"
    },
    {
      "relatedSpdxElement": "SPDXRef-Package-go-module-golang.org-x-term-f188756b49e29a45",
      "relationshipType": "CONTAINS",
      "spdxElementId": "SPDXRef-DocumentRoot-Image-rgcrprod.azurecr.us-rancher-hardened-cluster-autoscaler"
    },
    {
      "relatedSpdxElement": "SPDXRef-Package-go-module-golang.org-x-text-4dca3ba4aa1af122",
      "relationshipType": "CONTAINS",
      "spdxElementId": "SPDXRef-DocumentRoot-Image-rgcrprod.azurecr.us-rancher-hardened-cluster-autoscaler"
    },
    {
      "relatedSpdxElement": "SPDXRef-Package-go-module-golang.org-x-time-03cd86cdc91179e5",
      "relationshipType": "CONTAINS",
      "spdxElementId": "SPDXRef-DocumentRoot-Image-rgcrprod.azurecr.us-rancher-hardened-cluster-autoscaler"
    },
    {
      "relatedSpdxElement": "SPDXRef-Package-go-module-google.golang.org-protobuf-c89c2d2b883c097b",
      "relationshipType": "CONTAINS",
      "spdxElementId": "SPDXRef-DocumentRoot-Image-rgcrprod.azurecr.us-rancher-hardened-cluster-autoscaler"
    },
    {
      "relatedSpdxElement": "SPDXRef-Package-go-module-gopkg.in-inf.v0-f89f73f454d3745c",
      "relationshipType": "CONTAINS",
      "spdxElementId": "SPDXRef-DocumentRoot-Image-rgcrprod.azurecr.us-rancher-hardened-cluster-autoscaler"
    },
    {
      "relatedSpdxElement": "SPDXRef-Package-go-module-gopkg.in-yaml.v2-2218cb368845c6e9",
      "relationshipType": "CONTAINS",
      "spdxElementId": "SPDXRef-DocumentRoot-Image-rgcrprod.azurecr.us-rancher-hardened-cluster-autoscaler"
    },
    {
      "relatedSpdxElement": "SPDXRef-Package-go-module-gopkg.in-yaml.v3-75ea5117f172b37c",
      "relationshipType": "CONTAINS",
      "spdxElementId": "SPDXRef-DocumentRoot-Image-rgcrprod.azurecr.us-rancher-hardened-cluster-autoscaler"
    },
    {
      "relatedSpdxElement": "SPDXRef-Package-go-module-k8s.io-api-7381e5b21bf6454e",
      "relationshipType": "CONTAINS",
      "spdxElementId": "SPDXRef-DocumentRoot-Image-rgcrprod.azurecr.us-rancher-hardened-cluster-autoscaler"
    },
    {
      "relatedSpdxElement": "SPDXRef-Package-go-module-k8s.io-apimachinery-59052ff6bb84d030",
      "relationshipType": "CONTAINS",
      "spdxElementId": "SPDXRef-DocumentRoot-Image-rgcrprod.azurecr.us-rancher-hardened-cluster-autoscaler"
    },
    {
      "relatedSpdxElement": "SPDXRef-Package-go-module-k8s.io-client-go-2931602c6146cfbb",
      "relationshipType": "CONTAINS",
      "spdxElementId": "SPDXRef-DocumentRoot-Image-rgcrprod.azurecr.us-rancher-hardened-cluster-autoscaler"
    },
    {
      "relatedSpdxElement": "SPDXRef-Package-go-module-k8s.io-component-base-6d3e0920cbbe6b5f",
      "relationshipType": "CONTAINS",
      "spdxElementId": "SPDXRef-DocumentRoot-Image-rgcrprod.azurecr.us-rancher-hardened-cluster-autoscaler"
    },
    {
      "relatedSpdxElement": "SPDXRef-Package-go-module-k8s.io-klog-v2-989e5dccc4e10469",
      "relationshipType": "CONTAINS",
      "spdxElementId": "SPDXRef-DocumentRoot-Image-rgcrprod.azurecr.us-rancher-hardened-cluster-autoscaler"
    },
    {
      "relatedSpdxElement": "SPDXRef-Package-go-module-k8s.io-kube-openapi-0a21622c8d57804e",
      "relationshipType": "CONTAINS",
      "spdxElementId": "SPDXRef-DocumentRoot-Image-rgcrprod.azurecr.us-rancher-hardened-cluster-autoscaler"
    },
    {
      "relatedSpdxElement": "SPDXRef-Package-go-module-k8s.io-utils-1d1a013af835fe68",
      "relationshipType": "CONTAINS",
      "spdxElementId": "SPDXRef-DocumentRoot-Image-rgcrprod.azurecr.us-rancher-hardened-cluster-autoscaler"
    },
    {
      "relatedSpdxElement": "SPDXRef-Package-go-module-sigs.k8s.io-json-5bc169f80657bd39",
      "relationshipType": "CONTAINS",
      "spdxElementId": "SPDXRef-DocumentRoot-Image-rgcrprod.azurecr.us-rancher-hardened-cluster-autoscaler"
    },
    {
      "relatedSpdxElement": "SPDXRef-Package-go-module-sigs.k8s.io-structured-merge-diff-v4-2cf2bee5b7ff1357",
      "relationshipType": "CONTAINS",
      "spdxElementId": "SPDXRef-DocumentRoot-Image-rgcrprod.azurecr.us-rancher-hardened-cluster-autoscaler"
    },
    {
      "relatedSpdxElement": "SPDXRef-Package-go-module-sigs.k8s.io-yaml-ad6ada138e760c91",
      "relationshipType": "CONTAINS",
      "spdxElementId": "SPDXRef-DocumentRoot-Image-rgcrprod.azurecr.us-rancher-hardened-cluster-autoscaler"
    },
    {
      "relatedSpdxElement": "SPDXRef-Package-go-module-stdlib-0bfb1dd01e99889d",
      "relationshipType": "CONTAINS",
      "spdxElementId": "SPDXRef-DocumentRoot-Image-rgcrprod.azurecr.us-rancher-hardened-cluster-autoscaler"
    },
    {
      "relatedSpdxElement": "SPDXRef-DocumentRoot-Image-rgcrprod.azurecr.us-rancher-hardened-cluster-autoscaler",
      "relationshipType": "DESCRIBES",
      "spdxElementId": "SPDXRef-DOCUMENT"
    }
  ],
  "spdxVersion": "SPDX-2.3"
}
