{
  "SPDXID": "SPDXRef-DOCUMENT",
  "creationInfo": {
    "created": "2024-04-04T12:16:08Z",
    "creators": [
      "Organization: Anchore, Inc",
      "Tool: syft-0.103.1"
    ],
    "licenseListVersion": "3.22"
  },
  "dataLicense": "CC0-1.0",
  "documentNamespace": "https://anchore.com/syft/image/rgcrprod.azurecr.us/rancher/mirrored-calico-csi-5c19158a-6f17-4b3d-9be3-343b51c0394d",
  "files": [
    {
      "SPDXID": "SPDXRef-File-usr-local-bin-csi-driver-3b1bf05eae370d7b",
      "checksums": [
        {
          "algorithm": "SHA1",
          "checksumValue": "0000000000000000000000000000000000000000"
        }
      ],
      "comment": "layerID: sha256:ea4894f25da1c3c8a27fbfd8b87b6c3a7d2faba7c0005ee75883415c205cd6d3",
      "copyrightText": "",
      "fileName": "/usr/local/bin/csi-driver",
      "licenseConcluded": "NOASSERTION"
    }
  ],
  "name": "rgcrprod.azurecr.us/rancher/mirrored-calico-csi",
  "packages": [
    {
      "SPDXID": "SPDXRef-Package-go-module-command-line-arguments-f6e0108c34c689e0",
      "copyrightText": "NOASSERTION",
      "downloadLocation": "NOASSERTION",
      "externalRefs": [
        {
          "referenceCategory": "PACKAGE-MANAGER",
          "referenceLocator": "pkg:golang/command-line-arguments@(devel)",
          "referenceType": "purl"
        }
      ],
      "filesAnalyzed": false,
      "licenseConcluded": "NOASSERTION",
      "licenseDeclared": "NOASSERTION",
      "name": "command-line-arguments",
      "sourceInfo": "acquired package info from go module information: /usr/local/bin/csi-driver",
      "supplier": "NOASSERTION",
      "versionInfo": "(devel)"
    },
    {
      "SPDXID": "SPDXRef-Package-go-module-github.com-beorn7-perks-7defabd5dc71d020",
      "checksums": [
        {
          "algorithm": "SHA256",
          "checksumValue": "5656ca2a735f57c6c9cdeaa86b870e2aa3ba6d8af75a0299c4ef19d7afa1b0e3"
        }
      ],
      "copyrightText": "NOASSERTION",
      "downloadLocation": "NOASSERTION",
      "externalRefs": [
        {
          "referenceCategory": "SECURITY",
          "referenceLocator": "cpe:2.3:a:beorn7:perks:v1.0.1:*:*:*:*:*:*:*",
          "referenceType": "cpe23Type"
        },
        {
          "referenceCategory": "PACKAGE-MANAGER",
          "referenceLocator": "pkg:golang/github.com/beorn7/perks@v1.0.1",
          "referenceType": "purl"
        }
      ],
      "filesAnalyzed": false,
      "licenseConcluded": "NOASSERTION",
      "licenseDeclared": "NOASSERTION",
      "name": "github.com/beorn7/perks",
      "sourceInfo": "acquired package info from go module information: /usr/local/bin/csi-driver",
      "supplier": "NOASSERTION",
      "versionInfo": "v1.0.1"
    },
    {
      "SPDXID": "SPDXRef-Package-go-module-github.com-cespare-xxhash-v2-60d9035002bc23e0",
      "checksums": [
        {
          "algorithm": "SHA256",
          "checksumValue": "0c2d82675129e58e24dd943cf7d0e575ea60adac9150613a04167f71df428f8e"
        }
      ],
      "copyrightText": "NOASSERTION",
      "downloadLocation": "NOASSERTION",
      "externalRefs": [
        {
          "referenceCategory": "SECURITY",
          "referenceLocator": "cpe:2.3:a:cespare:xxhash\\/v2:v2.2.0:*:*:*:*:*:*:*",
          "referenceType": "cpe23Type"
        },
        {
          "referenceCategory": "PACKAGE-MANAGER",
          "referenceLocator": "pkg:golang/github.com/cespare/xxhash@v2.2.0#v2",
          "referenceType": "purl"
        }
      ],
      "filesAnalyzed": false,
      "licenseConcluded": "NOASSERTION",
      "licenseDeclared": "NOASSERTION",
      "name": "github.com/cespare/xxhash/v2",
      "sourceInfo": "acquired package info from go module information: /usr/local/bin/csi-driver",
      "supplier": "NOASSERTION",
      "versionInfo": "v2.2.0"
    },
    {
      "SPDXID": "SPDXRef-Package-go-module-github.com-container-storage-interface-spec-2be994162b260736",
      "checksums": [
        {
          "algorithm": "SHA256",
          "checksumValue": "0f4be11773cb219c25c1911fd9e35ba6e8c608dc2ca704d87f689d251271e312"
        }
      ],
      "copyrightText": "NOASSERTION",
      "downloadLocation": "NOASSERTION",
      "externalRefs": [
        {
          "referenceCategory": "SECURITY",
          "referenceLocator": "cpe:2.3:a:container-storage-interface:spec:v1.8.0:*:*:*:*:*:*:*",
          "referenceType": "cpe23Type"
        },
        {
          "referenceCategory": "SECURITY",
          "referenceLocator": "cpe:2.3:a:container_storage_interface:spec:v1.8.0:*:*:*:*:*:*:*",
          "referenceType": "cpe23Type"
        },
        {
          "referenceCategory": "SECURITY",
          "referenceLocator": "cpe:2.3:a:container-storage:spec:v1.8.0:*:*:*:*:*:*:*",
          "referenceType": "cpe23Type"
        },
        {
          "referenceCategory": "SECURITY",
          "referenceLocator": "cpe:2.3:a:container_storage:spec:v1.8.0:*:*:*:*:*:*:*",
          "referenceType": "cpe23Type"
        },
        {
          "referenceCategory": "SECURITY",
          "referenceLocator": "cpe:2.3:a:container:spec:v1.8.0:*:*:*:*:*:*:*",
          "referenceType": "cpe23Type"
        },
        {
          "referenceCategory": "PACKAGE-MANAGER",
          "referenceLocator": "pkg:golang/github.com/container-storage-interface/spec@v1.8.0",
          "referenceType": "purl"
        }
      ],
      "filesAnalyzed": false,
      "licenseConcluded": "NOASSERTION",
      "licenseDeclared": "NOASSERTION",
      "name": "github.com/container-storage-interface/spec",
      "sourceInfo": "acquired package info from go module information: /usr/local/bin/csi-driver",
      "supplier": "NOASSERTION",
      "versionInfo": "v1.8.0"
    },
    {
      "SPDXID": "SPDXRef-Package-go-module-github.com-golang-protobuf-060086d7719d8824",
      "checksums": [
        {
          "algorithm": "SHA256",
          "checksumValue": "8bb7892fca994e94845ce3d3c4d2a1012629327fbc7b943a01d9dd55ad5d59e9"
        }
      ],
      "copyrightText": "NOASSERTION",
      "downloadLocation": "NOASSERTION",
      "externalRefs": [
        {
          "referenceCategory": "SECURITY",
          "referenceLocator": "cpe:2.3:a:golang:protobuf:v1.5.4:*:*:*:*:*:*:*",
          "referenceType": "cpe23Type"
        },
        {
          "referenceCategory": "PACKAGE-MANAGER",
          "referenceLocator": "pkg:golang/github.com/golang/protobuf@v1.5.4",
          "referenceType": "purl"
        }
      ],
      "filesAnalyzed": false,
      "licenseConcluded": "NOASSERTION",
      "licenseDeclared": "NOASSERTION",
      "name": "github.com/golang/protobuf",
      "sourceInfo": "acquired package info from go module information: /usr/local/bin/csi-driver",
      "supplier": "NOASSERTION",
      "versionInfo": "v1.5.4"
    },
    {
      "SPDXID": "SPDXRef-Package-go-module-github.com-matttproud-golang-protobuf-extensions-d184fa39693c087c",
      "checksums": [
        {
          "algorithm": "SHA256",
          "checksumValue": "9a60d5a2b5ccecf0862b0f7872ce7391f03d3d2cb9a44bcd5913f4113d13215a"
        }
      ],
      "copyrightText": "NOASSERTION",
      "downloadLocation": "NOASSERTION",
      "externalRefs": [
        {
          "referenceCategory": "SECURITY",
          "referenceLocator": "cpe:2.3:a:matttproud:golang-protobuf-extensions:v1.0.4:*:*:*:*:*:*:*",
          "referenceType": "cpe23Type"
        },
        {
          "referenceCategory": "SECURITY",
          "referenceLocator": "cpe:2.3:a:matttproud:golang_protobuf_extensions:v1.0.4:*:*:*:*:*:*:*",
          "referenceType": "cpe23Type"
        },
        {
          "referenceCategory": "PACKAGE-MANAGER",
          "referenceLocator": "pkg:golang/github.com/matttproud/golang_protobuf_extensions@v1.0.4",
          "referenceType": "purl"
        }
      ],
      "filesAnalyzed": false,
      "licenseConcluded": "NOASSERTION",
      "licenseDeclared": "NOASSERTION",
      "name": "github.com/matttproud/golang_protobuf_extensions",
      "sourceInfo": "acquired package info from go module information: /usr/local/bin/csi-driver",
      "supplier": "NOASSERTION",
      "versionInfo": "v1.0.4"
    },
    {
      "SPDXID": "SPDXRef-Package-go-module-github.com-projectcalico-calico-36e43128085b0d59",
      "copyrightText": "NOASSERTION",
      "downloadLocation": "NOASSERTION",
      "externalRefs": [
        {
          "referenceCategory": "SECURITY",
          "referenceLocator": "cpe:2.3:a:projectcalico:calico:\\(devel\\):*:*:*:*:*:*:*",
          "referenceType": "cpe23Type"
        },
        {
          "referenceCategory": "PACKAGE-MANAGER",
          "referenceLocator": "pkg:golang/github.com/projectcalico/calico@(devel)",
          "referenceType": "purl"
        }
      ],
      "filesAnalyzed": false,
      "licenseConcluded": "NOASSERTION",
      "licenseDeclared": "NOASSERTION",
      "name": "github.com/projectcalico/calico",
      "sourceInfo": "acquired package info from go module information: /usr/local/bin/csi-driver",
      "supplier": "NOASSERTION",
      "versionInfo": "(devel)"
    },
    {
      "SPDXID": "SPDXRef-Package-go-module-github.com-prometheus-client-golang-1dc0c7385b6c70ca",
      "checksums": [
        {
          "algorithm": "SHA256",
          "checksumValue": "ca4fe1c7d8436eb187a2f6dc8b8058fa944c7d2bae6adeb6e9e16c1dbeed993f"
        }
      ],
      "copyrightText": "NOASSERTION",
      "downloadLocation": "NOASSERTION",
      "externalRefs": [
        {
          "referenceCategory": "SECURITY",
          "referenceLocator": "cpe:2.3:a:prometheus:client-golang:v1.16.0:*:*:*:*:*:*:*",
          "referenceType": "cpe23Type"
        },
        {
          "referenceCategory": "SECURITY",
          "referenceLocator": "cpe:2.3:a:prometheus:client_golang:v1.16.0:*:*:*:*:*:*:*",
          "referenceType": "cpe23Type"
        },
        {
          "referenceCategory": "PACKAGE-MANAGER",
          "referenceLocator": "pkg:golang/github.com/prometheus/client_golang@v1.16.0",
          "referenceType": "purl"
        }
      ],
      "filesAnalyzed": false,
      "licenseConcluded": "NOASSERTION",
      "licenseDeclared": "NOASSERTION",
      "name": "github.com/prometheus/client_golang",
      "sourceInfo": "acquired package info from go module information: /usr/local/bin/csi-driver",
      "supplier": "NOASSERTION",
      "versionInfo": "v1.16.0"
    },
    {
      "SPDXID": "SPDXRef-Package-go-module-github.com-prometheus-client-model-4361427217ae429f",
      "checksums": [
        {
          "algorithm": "SHA256",
          "checksumValue": "e654170f770083539705fe16ab4de04eb5c779a5744d0bc67d4a2809fc75caa6"
        }
      ],
      "copyrightText": "NOASSERTION",
      "downloadLocation": "NOASSERTION",
      "externalRefs": [
        {
          "referenceCategory": "SECURITY",
          "referenceLocator": "cpe:2.3:a:prometheus:client-model:v0.4.0:*:*:*:*:*:*:*",
          "referenceType": "cpe23Type"
        },
        {
          "referenceCategory": "SECURITY",
          "referenceLocator": "cpe:2.3:a:prometheus:client_model:v0.4.0:*:*:*:*:*:*:*",
          "referenceType": "cpe23Type"
        },
        {
          "referenceCategory": "PACKAGE-MANAGER",
          "referenceLocator": "pkg:golang/github.com/prometheus/client_model@v0.4.0",
          "referenceType": "purl"
        }
      ],
      "filesAnalyzed": false,
      "licenseConcluded": "NOASSERTION",
      "licenseDeclared": "NOASSERTION",
      "name": "github.com/prometheus/client_model",
      "sourceInfo": "acquired package info from go module information: /usr/local/bin/csi-driver",
      "supplier": "NOASSERTION",
      "versionInfo": "v0.4.0"
    },
    {
      "SPDXID": "SPDXRef-Package-go-module-github.com-prometheus-common-d241ea57046803ef",
      "checksums": [
        {
          "algorithm": "SHA256",
          "checksumValue": "fb906b409c22041f71b0cca0001dd336fa5028ec2591cdb92db2126eb74e39f6"
        }
      ],
      "copyrightText": "NOASSERTION",
      "downloadLocation": "NOASSERTION",
      "externalRefs": [
        {
          "referenceCategory": "SECURITY",
          "referenceLocator": "cpe:2.3:a:prometheus:common:v0.44.0:*:*:*:*:*:*:*",
          "referenceType": "cpe23Type"
        },
        {
          "referenceCategory": "PACKAGE-MANAGER",
          "referenceLocator": "pkg:golang/github.com/prometheus/common@v0.44.0",
          "referenceType": "purl"
        }
      ],
      "filesAnalyzed": false,
      "licenseConcluded": "NOASSERTION",
      "licenseDeclared": "NOASSERTION",
      "name": "github.com/prometheus/common",
      "sourceInfo": "acquired package info from go module information: /usr/local/bin/csi-driver",
      "supplier": "NOASSERTION",
      "versionInfo": "v0.44.0"
    },
    {
      "SPDXID": "SPDXRef-Package-go-module-github.com-prometheus-procfs-7a4cf91dc16c0b59",
      "checksums": [
        {
          "algorithm": "SHA256",
          "checksumValue": "9182b555afd8325badcc219acecc281caa3ffed655945a4a621f8fca6ce25008"
        }
      ],
      "copyrightText": "NOASSERTION",
      "downloadLocation": "NOASSERTION",
      "externalRefs": [
        {
          "referenceCategory": "SECURITY",
          "referenceLocator": "cpe:2.3:a:prometheus:procfs:v0.10.1:*:*:*:*:*:*:*",
          "referenceType": "cpe23Type"
        },
        {
          "referenceCategory": "PACKAGE-MANAGER",
          "referenceLocator": "pkg:golang/github.com/prometheus/procfs@v0.10.1",
          "referenceType": "purl"
        }
      ],
      "filesAnalyzed": false,
      "licenseConcluded": "NOASSERTION",
      "licenseDeclared": "NOASSERTION",
      "name": "github.com/prometheus/procfs",
      "sourceInfo": "acquired package info from go module information: /usr/local/bin/csi-driver",
      "supplier": "NOASSERTION",
      "versionInfo": "v0.10.1"
    },
    {
      "SPDXID": "SPDXRef-Package-go-module-github.com-sirupsen-logrus-152332a4c120d951",
      "checksums": [
        {
          "algorithm": "SHA256",
          "checksumValue": "76e794409d42daaf6813717bc2f992180695b539948b345ebba7e337cbaacdb4"
        }
      ],
      "copyrightText": "NOASSERTION",
      "downloadLocation": "NOASSERTION",
      "externalRefs": [
        {
          "referenceCategory": "SECURITY",
          "referenceLocator": "cpe:2.3:a:sirupsen:logrus:v1.9.3:*:*:*:*:*:*:*",
          "referenceType": "cpe23Type"
        },
        {
          "referenceCategory": "PACKAGE-MANAGER",
          "referenceLocator": "pkg:golang/github.com/sirupsen/logrus@v1.9.3",
          "referenceType": "purl"
        }
      ],
      "filesAnalyzed": false,
      "licenseConcluded": "NOASSERTION",
      "licenseDeclared": "NOASSERTION",
      "name": "github.com/sirupsen/logrus",
      "sourceInfo": "acquired package info from go module information: /usr/local/bin/csi-driver",
      "supplier": "NOASSERTION",
      "versionInfo": "v1.9.3"
    },
    {
      "SPDXID": "SPDXRef-Package-go-module-golang.org-x-net-5f60ea5e46dfcf6c",
      "checksums": [
        {
          "algorithm": "SHA256",
          "checksumValue": "cd3c0aa537765ee0aa7fc86e73b168da24b2fb84473ddd74b382b37939d5af57"
        }
      ],
      "copyrightText": "NOASSERTION",
      "downloadLocation": "NOASSERTION",
      "externalRefs": [
        {
          "referenceCategory": "SECURITY",
          "referenceLocator": "cpe:2.3:a:golang:x\\/net:v0.19.0:*:*:*:*:*:*:*",
          "referenceType": "cpe23Type"
        },
        {
          "referenceCategory": "PACKAGE-MANAGER",
          "referenceLocator": "pkg:golang/golang.org/x/net@v0.19.0",
          "referenceType": "purl"
        }
      ],
      "filesAnalyzed": false,
      "licenseConcluded": "NOASSERTION",
      "licenseDeclared": "NOASSERTION",
      "name": "golang.org/x/net",
      "sourceInfo": "acquired package info from go module information: /usr/local/bin/csi-driver",
      "supplier": "NOASSERTION",
      "versionInfo": "v0.19.0"
    },
    {
      "SPDXID": "SPDXRef-Package-go-module-golang.org-x-sys-3a149c0b5f9192bb",
      "checksums": [
        {
          "algorithm": "SHA256",
          "checksumValue": "db9704de00feb5d040ee5a7b41f86e57eac9884f585d3712dd51b54aab2c23f6"
        }
      ],
      "copyrightText": "NOASSERTION",
      "downloadLocation": "NOASSERTION",
      "externalRefs": [
        {
          "referenceCategory": "SECURITY",
          "referenceLocator": "cpe:2.3:a:golang:x\\/sys:v0.17.0:*:*:*:*:*:*:*",
          "referenceType": "cpe23Type"
        },
        {
          "referenceCategory": "PACKAGE-MANAGER",
          "referenceLocator": "pkg:golang/golang.org/x/sys@v0.17.0",
          "referenceType": "purl"
        }
      ],
      "filesAnalyzed": false,
      "licenseConcluded": "NOASSERTION",
      "licenseDeclared": "NOASSERTION",
      "name": "golang.org/x/sys",
      "sourceInfo": "acquired package info from go module information: /usr/local/bin/csi-driver",
      "supplier": "NOASSERTION",
      "versionInfo": "v0.17.0"
    },
    {
      "SPDXID": "SPDXRef-Package-go-module-golang.org-x-text-d3211e7cc63644e7",
      "checksums": [
        {
          "algorithm": "SHA256",
          "checksumValue": "49c5f9c357936b742a4fca22ebece23fb7535754b6f802d4d1b23ed335ca5a24"
        }
      ],
      "copyrightText": "NOASSERTION",
      "downloadLocation": "NOASSERTION",
      "externalRefs": [
        {
          "referenceCategory": "SECURITY",
          "referenceLocator": "cpe:2.3:a:golang:x\\/text:v0.14.0:*:*:*:*:*:*:*",
          "referenceType": "cpe23Type"
        },
        {
          "referenceCategory": "PACKAGE-MANAGER",
          "referenceLocator": "pkg:golang/golang.org/x/text@v0.14.0",
          "referenceType": "purl"
        }
      ],
      "filesAnalyzed": false,
      "licenseConcluded": "NOASSERTION",
      "licenseDeclared": "NOASSERTION",
      "name": "golang.org/x/text",
      "sourceInfo": "acquired package info from go module information: /usr/local/bin/csi-driver",
      "supplier": "NOASSERTION",
      "versionInfo": "v0.14.0"
    },
    {
      "SPDXID": "SPDXRef-Package-go-module-google.golang.org-genproto-googleapis-rpc-613574994ae5fa5d",
      "checksums": [
        {
          "algorithm": "SHA256",
          "checksumValue": "ba5b56edfc6522f79ee0762bb676913e89fd1e9120164e7362999f320b4a0792"
        }
      ],
      "copyrightText": "NOASSERTION",
      "downloadLocation": "NOASSERTION",
      "externalRefs": [
        {
          "referenceCategory": "SECURITY",
          "referenceLocator": "cpe:2.3:a:google:genproto:v0.0.0-20231120223509-83a465c0220f:*:*:*:*:*:*:*",
          "referenceType": "cpe23Type"
        },
        {
          "referenceCategory": "PACKAGE-MANAGER",
          "referenceLocator": "pkg:golang/google.golang.org/genproto/googleapis@v0.0.0-20231120223509-83a465c0220f#rpc",
          "referenceType": "purl"
        }
      ],
      "filesAnalyzed": false,
      "licenseConcluded": "NOASSERTION",
      "licenseDeclared": "NOASSERTION",
      "name": "google.golang.org/genproto/googleapis/rpc",
      "sourceInfo": "acquired package info from go module information: /usr/local/bin/csi-driver",
      "supplier": "NOASSERTION",
      "versionInfo": "v0.0.0-20231120223509-83a465c0220f"
    },
    {
      "SPDXID": "SPDXRef-Package-go-module-google.golang.org-grpc-563a6b7d4fd3cc18",
      "checksums": [
        {
          "algorithm": "SHA256",
          "checksumValue": "67921e736a63c1bf8b10eab3a41d8c475dbf78a1610cf86ea96f753bee1bc149"
        }
      ],
      "copyrightText": "NOASSERTION",
      "downloadLocation": "NOASSERTION",
      "externalRefs": [
        {
          "referenceCategory": "SECURITY",
          "referenceLocator": "cpe:2.3:a:google:grpc:v1.59.0:*:*:*:*:*:*:*",
          "referenceType": "cpe23Type"
        },
        {
          "referenceCategory": "PACKAGE-MANAGER",
          "referenceLocator": "pkg:golang/google.golang.org/grpc@v1.59.0",
          "referenceType": "purl"
        }
      ],
      "filesAnalyzed": false,
      "licenseConcluded": "NOASSERTION",
      "licenseDeclared": "NOASSERTION",
      "name": "google.golang.org/grpc",
      "sourceInfo": "acquired package info from go module information: /usr/local/bin/csi-driver",
      "supplier": "NOASSERTION",
      "versionInfo": "v1.59.0"
    },
    {
      "SPDXID": "SPDXRef-Package-go-module-google.golang.org-protobuf-1e197fce04dd2e4e",
      "checksums": [
        {
          "algorithm": "SHA256",
          "checksumValue": "b8d3b6aec00836afc9945a5275810a219d2e283fd1f5ca5dbf44feca81b01a62"
        }
      ],
      "copyrightText": "NOASSERTION",
      "downloadLocation": "NOASSERTION",
      "externalRefs": [
        {
          "referenceCategory": "SECURITY",
          "referenceLocator": "cpe:2.3:a:google:protobuf:v1.33.0:*:*:*:*:*:*:*",
          "referenceType": "cpe23Type"
        },
        {
          "referenceCategory": "PACKAGE-MANAGER",
          "referenceLocator": "pkg:golang/google.golang.org/protobuf@v1.33.0",
          "referenceType": "purl"
        }
      ],
      "filesAnalyzed": false,
      "licenseConcluded": "NOASSERTION",
      "licenseDeclared": "NOASSERTION",
      "name": "google.golang.org/protobuf",
      "sourceInfo": "acquired package info from go module information: /usr/local/bin/csi-driver",
      "supplier": "NOASSERTION",
      "versionInfo": "v1.33.0"
    },
    {
      "SPDXID": "SPDXRef-Package-go-module-stdlib-28f7e08472011a3f",
      "copyrightText": "NOASSERTION",
      "downloadLocation": "NOASSERTION",
      "externalRefs": [
        {
          "referenceCategory": "SECURITY",
          "referenceLocator": "cpe:2.3:a:golang:go:1.21.8:-:*:*:*:*:*:*",
          "referenceType": "cpe23Type"
        },
        {
          "referenceCategory": "PACKAGE-MANAGER",
          "referenceLocator": "pkg:golang/stdlib@1.21.8",
          "referenceType": "purl"
        }
      ],
      "filesAnalyzed": false,
      "licenseConcluded": "NOASSERTION",
      "licenseDeclared": "BSD-3-Clause",
      "name": "stdlib",
      "sourceInfo": "acquired package info from go module information: /usr/local/bin/csi-driver",
      "supplier": "NOASSERTION",
      "versionInfo": "go1.21.8"
    },
    {
      "SPDXID": "SPDXRef-DocumentRoot-Image-rgcrprod.azurecr.us-rancher-mirrored-calico-csi",
      "checksums": [
        {
          "algorithm": "SHA256",
          "checksumValue": "f189730975e2b5d9b1c26a352349104f6d913172379d87e77853958dab822ded"
        }
      ],
      "downloadLocation": "NOASSERTION",
      "externalRefs": [
        {
          "referenceCategory": "PACKAGE-MANAGER",
          "referenceLocator": "pkg:oci/rgcrprod.azurecr.us/rancher/mirrored-calico-csi@sha256:f189730975e2b5d9b1c26a352349104f6d913172379d87e77853958dab822ded?arch=amd64",
          "referenceType": "purl"
        }
      ],
      "filesAnalyzed": false,
      "name": "rgcrprod.azurecr.us/rancher/mirrored-calico-csi",
      "primaryPackagePurpose": "CONTAINER",
      "supplier": "NOASSERTION",
      "versionInfo": "sha256:f189730975e2b5d9b1c26a352349104f6d913172379d87e77853958dab822ded"
    }
  ],
  "relationships": [
    {
      "comment": "evident-by: indicates the package's existence is evident by the given file",
      "relatedSpdxElement": "SPDXRef-File-usr-local-bin-csi-driver-3b1bf05eae370d7b",
      "relationshipType": "OTHER",
      "spdxElementId": "SPDXRef-Package-go-module-github.com-golang-protobuf-060086d7719d8824"
    },
    {
      "comment": "evident-by: indicates the package's existence is evident by the given file",
      "relatedSpdxElement": "SPDXRef-File-usr-local-bin-csi-driver-3b1bf05eae370d7b",
      "relationshipType": "OTHER",
      "spdxElementId": "SPDXRef-Package-go-module-github.com-sirupsen-logrus-152332a4c120d951"
    },
    {
      "comment": "evident-by: indicates the package's existence is evident by the given file",
      "relatedSpdxElement": "SPDXRef-File-usr-local-bin-csi-driver-3b1bf05eae370d7b",
      "relationshipType": "OTHER",
      "spdxElementId": "SPDXRef-Package-go-module-github.com-prometheus-client-golang-1dc0c7385b6c70ca"
    },
    {
      "comment": "evident-by: indicates the package's existence is evident by the given file",
      "relatedSpdxElement": "SPDXRef-File-usr-local-bin-csi-driver-3b1bf05eae370d7b",
      "relationshipType": "OTHER",
      "spdxElementId": "SPDXRef-Package-go-module-google.golang.org-protobuf-1e197fce04dd2e4e"
    },
    {
      "comment": "evident-by: indicates the package's existence is evident by the given file",
      "relatedSpdxElement": "SPDXRef-File-usr-local-bin-csi-driver-3b1bf05eae370d7b",
      "relationshipType": "OTHER",
      "spdxElementId": "SPDXRef-Package-go-module-stdlib-28f7e08472011a3f"
    },
    {
      "comment": "evident-by: indicates the package's existence is evident by the given file",
      "relatedSpdxElement": "SPDXRef-File-usr-local-bin-csi-driver-3b1bf05eae370d7b",
      "relationshipType": "OTHER",
      "spdxElementId": "SPDXRef-Package-go-module-github.com-container-storage-interface-spec-2be994162b260736"
    },
    {
      "comment": "evident-by: indicates the package's existence is evident by the given file",
      "relatedSpdxElement": "SPDXRef-File-usr-local-bin-csi-driver-3b1bf05eae370d7b",
      "relationshipType": "OTHER",
      "spdxElementId": "SPDXRef-Package-go-module-github.com-projectcalico-calico-36e43128085b0d59"
    },
    {
      "comment": "evident-by: indicates the package's existence is evident by the given file",
      "relatedSpdxElement": "SPDXRef-File-usr-local-bin-csi-driver-3b1bf05eae370d7b",
      "relationshipType": "OTHER",
      "spdxElementId": "SPDXRef-Package-go-module-golang.org-x-sys-3a149c0b5f9192bb"
    },
    {
      "comment": "evident-by: indicates the package's existence is evident by the given file",
      "relatedSpdxElement": "SPDXRef-File-usr-local-bin-csi-driver-3b1bf05eae370d7b",
      "relationshipType": "OTHER",
      "spdxElementId": "SPDXRef-Package-go-module-github.com-prometheus-client-model-4361427217ae429f"
    },
    {
      "comment": "evident-by: indicates the package's existence is evident by the given file",
      "relatedSpdxElement": "SPDXRef-File-usr-local-bin-csi-driver-3b1bf05eae370d7b",
      "relationshipType": "OTHER",
      "spdxElementId": "SPDXRef-Package-go-module-google.golang.org-grpc-563a6b7d4fd3cc18"
    },
    {
      "comment": "evident-by: indicates the package's existence is evident by the given file",
      "relatedSpdxElement": "SPDXRef-File-usr-local-bin-csi-driver-3b1bf05eae370d7b",
      "relationshipType": "OTHER",
      "spdxElementId": "SPDXRef-Package-go-module-golang.org-x-net-5f60ea5e46dfcf6c"
    },
    {
      "comment": "evident-by: indicates the package's existence is evident by the given file",
      "relatedSpdxElement": "SPDXRef-File-usr-local-bin-csi-driver-3b1bf05eae370d7b",
      "relationshipType": "OTHER",
      "spdxElementId": "SPDXRef-Package-go-module-github.com-cespare-xxhash-v2-60d9035002bc23e0"
    },
    {
      "comment": "evident-by: indicates the package's existence is evident by the given file",
      "relatedSpdxElement": "SPDXRef-File-usr-local-bin-csi-driver-3b1bf05eae370d7b",
      "relationshipType": "OTHER",
      "spdxElementId": "SPDXRef-Package-go-module-google.golang.org-genproto-googleapis-rpc-613574994ae5fa5d"
    },
    {
      "comment": "evident-by: indicates the package's existence is evident by the given file",
      "relatedSpdxElement": "SPDXRef-File-usr-local-bin-csi-driver-3b1bf05eae370d7b",
      "relationshipType": "OTHER",
      "spdxElementId": "SPDXRef-Package-go-module-github.com-prometheus-procfs-7a4cf91dc16c0b59"
    },
    {
      "comment": "evident-by: indicates the package's existence is evident by the given file",
      "relatedSpdxElement": "SPDXRef-File-usr-local-bin-csi-driver-3b1bf05eae370d7b",
      "relationshipType": "OTHER",
      "spdxElementId": "SPDXRef-Package-go-module-github.com-beorn7-perks-7defabd5dc71d020"
    },
    {
      "comment": "evident-by: indicates the package's existence is evident by the given file",
      "relatedSpdxElement": "SPDXRef-File-usr-local-bin-csi-driver-3b1bf05eae370d7b",
      "relationshipType": "OTHER",
      "spdxElementId": "SPDXRef-Package-go-module-github.com-matttproud-golang-protobuf-extensions-d184fa39693c087c"
    },
    {
      "comment": "evident-by: indicates the package's existence is evident by the given file",
      "relatedSpdxElement": "SPDXRef-File-usr-local-bin-csi-driver-3b1bf05eae370d7b",
      "relationshipType": "OTHER",
      "spdxElementId": "SPDXRef-Package-go-module-github.com-prometheus-common-d241ea57046803ef"
    },
    {
      "comment": "evident-by: indicates the package's existence is evident by the given file",
      "relatedSpdxElement": "SPDXRef-File-usr-local-bin-csi-driver-3b1bf05eae370d7b",
      "relationshipType": "OTHER",
      "spdxElementId": "SPDXRef-Package-go-module-golang.org-x-text-d3211e7cc63644e7"
    },
    {
      "comment": "evident-by: indicates the package's existence is evident by the given file",
      "relatedSpdxElement": "SPDXRef-File-usr-local-bin-csi-driver-3b1bf05eae370d7b",
      "relationshipType": "OTHER",
      "spdxElementId": "SPDXRef-Package-go-module-command-line-arguments-f6e0108c34c689e0"
    },
    {
      "relatedSpdxElement": "SPDXRef-Package-go-module-command-line-arguments-f6e0108c34c689e0",
      "relationshipType": "CONTAINS",
      "spdxElementId": "SPDXRef-DocumentRoot-Image-rgcrprod.azurecr.us-rancher-mirrored-calico-csi"
    },
    {
      "relatedSpdxElement": "SPDXRef-Package-go-module-github.com-beorn7-perks-7defabd5dc71d020",
      "relationshipType": "CONTAINS",
      "spdxElementId": "SPDXRef-DocumentRoot-Image-rgcrprod.azurecr.us-rancher-mirrored-calico-csi"
    },
    {
      "relatedSpdxElement": "SPDXRef-Package-go-module-github.com-cespare-xxhash-v2-60d9035002bc23e0",
      "relationshipType": "CONTAINS",
      "spdxElementId": "SPDXRef-DocumentRoot-Image-rgcrprod.azurecr.us-rancher-mirrored-calico-csi"
    },
    {
      "relatedSpdxElement": "SPDXRef-Package-go-module-github.com-container-storage-interface-spec-2be994162b260736",
      "relationshipType": "CONTAINS",
      "spdxElementId": "SPDXRef-DocumentRoot-Image-rgcrprod.azurecr.us-rancher-mirrored-calico-csi"
    },
    {
      "relatedSpdxElement": "SPDXRef-Package-go-module-github.com-golang-protobuf-060086d7719d8824",
      "relationshipType": "CONTAINS",
      "spdxElementId": "SPDXRef-DocumentRoot-Image-rgcrprod.azurecr.us-rancher-mirrored-calico-csi"
    },
    {
      "relatedSpdxElement": "SPDXRef-Package-go-module-github.com-matttproud-golang-protobuf-extensions-d184fa39693c087c",
      "relationshipType": "CONTAINS",
      "spdxElementId": "SPDXRef-DocumentRoot-Image-rgcrprod.azurecr.us-rancher-mirrored-calico-csi"
    },
    {
      "relatedSpdxElement": "SPDXRef-Package-go-module-github.com-projectcalico-calico-36e43128085b0d59",
      "relationshipType": "CONTAINS",
      "spdxElementId": "SPDXRef-DocumentRoot-Image-rgcrprod.azurecr.us-rancher-mirrored-calico-csi"
    },
    {
      "relatedSpdxElement": "SPDXRef-Package-go-module-github.com-prometheus-client-golang-1dc0c7385b6c70ca",
      "relationshipType": "CONTAINS",
      "spdxElementId": "SPDXRef-DocumentRoot-Image-rgcrprod.azurecr.us-rancher-mirrored-calico-csi"
    },
    {
      "relatedSpdxElement": "SPDXRef-Package-go-module-github.com-prometheus-client-model-4361427217ae429f",
      "relationshipType": "CONTAINS",
      "spdxElementId": "SPDXRef-DocumentRoot-Image-rgcrprod.azurecr.us-rancher-mirrored-calico-csi"
    },
    {
      "relatedSpdxElement": "SPDXRef-Package-go-module-github.com-prometheus-common-d241ea57046803ef",
      "relationshipType": "CONTAINS",
      "spdxElementId": "SPDXRef-DocumentRoot-Image-rgcrprod.azurecr.us-rancher-mirrored-calico-csi"
    },
    {
      "relatedSpdxElement": "SPDXRef-Package-go-module-github.com-prometheus-procfs-7a4cf91dc16c0b59",
      "relationshipType": "CONTAINS",
      "spdxElementId": "SPDXRef-DocumentRoot-Image-rgcrprod.azurecr.us-rancher-mirrored-calico-csi"
    },
    {
      "relatedSpdxElement": "SPDXRef-Package-go-module-github.com-sirupsen-logrus-152332a4c120d951",
      "relationshipType": "CONTAINS",
      "spdxElementId": "SPDXRef-DocumentRoot-Image-rgcrprod.azurecr.us-rancher-mirrored-calico-csi"
    },
    {
      "relatedSpdxElement": "SPDXRef-Package-go-module-golang.org-x-net-5f60ea5e46dfcf6c",
      "relationshipType": "CONTAINS",
      "spdxElementId": "SPDXRef-DocumentRoot-Image-rgcrprod.azurecr.us-rancher-mirrored-calico-csi"
    },
    {
      "relatedSpdxElement": "SPDXRef-Package-go-module-golang.org-x-sys-3a149c0b5f9192bb",
      "relationshipType": "CONTAINS",
      "spdxElementId": "SPDXRef-DocumentRoot-Image-rgcrprod.azurecr.us-rancher-mirrored-calico-csi"
    },
    {
      "relatedSpdxElement": "SPDXRef-Package-go-module-golang.org-x-text-d3211e7cc63644e7",
      "relationshipType": "CONTAINS",
      "spdxElementId": "SPDXRef-DocumentRoot-Image-rgcrprod.azurecr.us-rancher-mirrored-calico-csi"
    },
    {
      "relatedSpdxElement": "SPDXRef-Package-go-module-google.golang.org-genproto-googleapis-rpc-613574994ae5fa5d",
      "relationshipType": "CONTAINS",
      "spdxElementId": "SPDXRef-DocumentRoot-Image-rgcrprod.azurecr.us-rancher-mirrored-calico-csi"
    },
    {
      "relatedSpdxElement": "SPDXRef-Package-go-module-google.golang.org-grpc-563a6b7d4fd3cc18",
      "relationshipType": "CONTAINS",
      "spdxElementId": "SPDXRef-DocumentRoot-Image-rgcrprod.azurecr.us-rancher-mirrored-calico-csi"
    },
    {
      "relatedSpdxElement": "SPDXRef-Package-go-module-google.golang.org-protobuf-1e197fce04dd2e4e",
      "relationshipType": "CONTAINS",
      "spdxElementId": "SPDXRef-DocumentRoot-Image-rgcrprod.azurecr.us-rancher-mirrored-calico-csi"
    },
    {
      "relatedSpdxElement": "SPDXRef-Package-go-module-stdlib-28f7e08472011a3f",
      "relationshipType": "CONTAINS",
      "spdxElementId": "SPDXRef-DocumentRoot-Image-rgcrprod.azurecr.us-rancher-mirrored-calico-csi"
    },
    {
      "relatedSpdxElement": "SPDXRef-DocumentRoot-Image-rgcrprod.azurecr.us-rancher-mirrored-calico-csi",
      "relationshipType": "DESCRIBES",
      "spdxElementId": "SPDXRef-DOCUMENT"
    }
  ],
  "spdxVersion": "SPDX-2.3"
}
