{
  "SPDXID": "SPDXRef-DOCUMENT",
  "creationInfo": {
    "created": "2024-05-22T12:13:07Z",
    "creators": [
      "Organization: Anchore, Inc",
      "Tool: syft-0.103.1"
    ],
    "licenseListVersion": "3.22"
  },
  "dataLicense": "CC0-1.0",
  "documentNamespace": "https://anchore.com/syft/image/rgcrprod.azurecr.us/rancher/mirrored-cilium-certgen-e0ce6708-a160-4452-9b76-c200c70d2390",
  "files": [
    {
      "SPDXID": "SPDXRef-File-usr-bin-cilium-certgen-67bce9d266ac3c27",
      "checksums": [
        {
          "algorithm": "SHA1",
          "checksumValue": "0000000000000000000000000000000000000000"
        }
      ],
      "comment": "layerID: sha256:5cf3c2692cec6ec6fd26ca3604b114d7e7608f75a78ebac4d1f42fcf2d66b5bb",
      "copyrightText": "",
      "fileName": "/usr/bin/cilium-certgen",
      "licenseConcluded": "NOASSERTION"
    }
  ],
  "name": "rgcrprod.azurecr.us/rancher/mirrored-cilium-certgen",
  "packages": [
    {
      "SPDXID": "SPDXRef-Package-go-module-command-line-arguments-229d8b8e07b1e258",
      "copyrightText": "NOASSERTION",
      "downloadLocation": "NOASSERTION",
      "externalRefs": [
        {
          "referenceCategory": "PACKAGE-MANAGER",
          "referenceLocator": "pkg:golang/command-line-arguments@(devel)",
          "referenceType": "purl"
        }
      ],
      "filesAnalyzed": false,
      "licenseConcluded": "NOASSERTION",
      "licenseDeclared": "NOASSERTION",
      "name": "command-line-arguments",
      "sourceInfo": "acquired package info from go module information: /usr/bin/cilium-certgen",
      "supplier": "NOASSERTION",
      "versionInfo": "(devel)"
    },
    {
      "SPDXID": "SPDXRef-Package-go-module-github.com-cilium-certgen-2fa328639b49b62a",
      "copyrightText": "NOASSERTION",
      "downloadLocation": "NOASSERTION",
      "externalRefs": [
        {
          "referenceCategory": "SECURITY",
          "referenceLocator": "cpe:2.3:a:cilium:certgen:\\(devel\\):*:*:*:*:*:*:*",
          "referenceType": "cpe23Type"
        },
        {
          "referenceCategory": "PACKAGE-MANAGER",
          "referenceLocator": "pkg:golang/github.com/cilium/certgen@(devel)",
          "referenceType": "purl"
        }
      ],
      "filesAnalyzed": false,
      "licenseConcluded": "NOASSERTION",
      "licenseDeclared": "NOASSERTION",
      "name": "github.com/cilium/certgen",
      "sourceInfo": "acquired package info from go module information: /usr/bin/cilium-certgen",
      "supplier": "NOASSERTION",
      "versionInfo": "(devel)"
    },
    {
      "SPDXID": "SPDXRef-Package-go-module-github.com-cloudflare-cfssl-0b875036e042bb5d",
      "copyrightText": "NOASSERTION",
      "downloadLocation": "NOASSERTION",
      "externalRefs": [
        {
          "referenceCategory": "SECURITY",
          "referenceLocator": "cpe:2.3:a:cloudflare:cfssl:v1.6.5:*:*:*:*:*:*:*",
          "referenceType": "cpe23Type"
        },
        {
          "referenceCategory": "PACKAGE-MANAGER",
          "referenceLocator": "pkg:golang/github.com/cloudflare/cfssl@v1.6.5",
          "referenceType": "purl"
        }
      ],
      "filesAnalyzed": false,
      "licenseConcluded": "NOASSERTION",
      "licenseDeclared": "NOASSERTION",
      "name": "github.com/cloudflare/cfssl",
      "sourceInfo": "acquired package info from go module information: /usr/bin/cilium-certgen",
      "supplier": "NOASSERTION",
      "versionInfo": "v1.6.5"
    },
    {
      "SPDXID": "SPDXRef-Package-go-module-github.com-davecgh-go-spew-8676075c2f1d9b5a",
      "copyrightText": "NOASSERTION",
      "downloadLocation": "NOASSERTION",
      "externalRefs": [
        {
          "referenceCategory": "SECURITY",
          "referenceLocator": "cpe:2.3:a:davecgh:go-spew:v1.1.2-0.20180830191138-d8f796af33cc:*:*:*:*:*:*:*",
          "referenceType": "cpe23Type"
        },
        {
          "referenceCategory": "SECURITY",
          "referenceLocator": "cpe:2.3:a:davecgh:go_spew:v1.1.2-0.20180830191138-d8f796af33cc:*:*:*:*:*:*:*",
          "referenceType": "cpe23Type"
        },
        {
          "referenceCategory": "PACKAGE-MANAGER",
          "referenceLocator": "pkg:golang/github.com/davecgh/go-spew@v1.1.2-0.20180830191138-d8f796af33cc",
          "referenceType": "purl"
        }
      ],
      "filesAnalyzed": false,
      "licenseConcluded": "NOASSERTION",
      "licenseDeclared": "NOASSERTION",
      "name": "github.com/davecgh/go-spew",
      "sourceInfo": "acquired package info from go module information: /usr/bin/cilium-certgen",
      "supplier": "NOASSERTION",
      "versionInfo": "v1.1.2-0.20180830191138-d8f796af33cc"
    },
    {
      "SPDXID": "SPDXRef-Package-go-module-github.com-emicklei-go-restful-v3-18b8b38779ac646d",
      "copyrightText": "NOASSERTION",
      "downloadLocation": "NOASSERTION",
      "externalRefs": [
        {
          "referenceCategory": "SECURITY",
          "referenceLocator": "cpe:2.3:a:emicklei:go-restful\\/v3:v3.11.3:*:*:*:*:*:*:*",
          "referenceType": "cpe23Type"
        },
        {
          "referenceCategory": "SECURITY",
          "referenceLocator": "cpe:2.3:a:emicklei:go_restful\\/v3:v3.11.3:*:*:*:*:*:*:*",
          "referenceType": "cpe23Type"
        },
        {
          "referenceCategory": "PACKAGE-MANAGER",
          "referenceLocator": "pkg:golang/github.com/emicklei/go-restful@v3.11.3#v3",
          "referenceType": "purl"
        }
      ],
      "filesAnalyzed": false,
      "licenseConcluded": "NOASSERTION",
      "licenseDeclared": "NOASSERTION",
      "name": "github.com/emicklei/go-restful/v3",
      "sourceInfo": "acquired package info from go module information: /usr/bin/cilium-certgen",
      "supplier": "NOASSERTION",
      "versionInfo": "v3.11.3"
    },
    {
      "SPDXID": "SPDXRef-Package-go-module-github.com-fsnotify-fsnotify-01c89375d9e298f0",
      "copyrightText": "NOASSERTION",
      "downloadLocation": "NOASSERTION",
      "externalRefs": [
        {
          "referenceCategory": "SECURITY",
          "referenceLocator": "cpe:2.3:a:fsnotify:fsnotify:v1.7.0:*:*:*:*:*:*:*",
          "referenceType": "cpe23Type"
        },
        {
          "referenceCategory": "PACKAGE-MANAGER",
          "referenceLocator": "pkg:golang/github.com/fsnotify/fsnotify@v1.7.0",
          "referenceType": "purl"
        }
      ],
      "filesAnalyzed": false,
      "licenseConcluded": "NOASSERTION",
      "licenseDeclared": "NOASSERTION",
      "name": "github.com/fsnotify/fsnotify",
      "sourceInfo": "acquired package info from go module information: /usr/bin/cilium-certgen",
      "supplier": "NOASSERTION",
      "versionInfo": "v1.7.0"
    },
    {
      "SPDXID": "SPDXRef-Package-go-module-github.com-go-logr-logr-30d0f4a78654826e",
      "copyrightText": "NOASSERTION",
      "downloadLocation": "NOASSERTION",
      "externalRefs": [
        {
          "referenceCategory": "SECURITY",
          "referenceLocator": "cpe:2.3:a:go-logr:logr:v1.4.1:*:*:*:*:*:*:*",
          "referenceType": "cpe23Type"
        },
        {
          "referenceCategory": "SECURITY",
          "referenceLocator": "cpe:2.3:a:go_logr:logr:v1.4.1:*:*:*:*:*:*:*",
          "referenceType": "cpe23Type"
        },
        {
          "referenceCategory": "SECURITY",
          "referenceLocator": "cpe:2.3:a:go:logr:v1.4.1:*:*:*:*:*:*:*",
          "referenceType": "cpe23Type"
        },
        {
          "referenceCategory": "PACKAGE-MANAGER",
          "referenceLocator": "pkg:golang/github.com/go-logr/logr@v1.4.1",
          "referenceType": "purl"
        }
      ],
      "filesAnalyzed": false,
      "licenseConcluded": "NOASSERTION",
      "licenseDeclared": "NOASSERTION",
      "name": "github.com/go-logr/logr",
      "sourceInfo": "acquired package info from go module information: /usr/bin/cilium-certgen",
      "supplier": "NOASSERTION",
      "versionInfo": "v1.4.1"
    },
    {
      "SPDXID": "SPDXRef-Package-go-module-github.com-go-openapi-jsonpointer-70c3657fc0a20aa1",
      "copyrightText": "NOASSERTION",
      "downloadLocation": "NOASSERTION",
      "externalRefs": [
        {
          "referenceCategory": "SECURITY",
          "referenceLocator": "cpe:2.3:a:go-openapi:jsonpointer:v0.20.3:*:*:*:*:*:*:*",
          "referenceType": "cpe23Type"
        },
        {
          "referenceCategory": "SECURITY",
          "referenceLocator": "cpe:2.3:a:go_openapi:jsonpointer:v0.20.3:*:*:*:*:*:*:*",
          "referenceType": "cpe23Type"
        },
        {
          "referenceCategory": "SECURITY",
          "referenceLocator": "cpe:2.3:a:go:jsonpointer:v0.20.3:*:*:*:*:*:*:*",
          "referenceType": "cpe23Type"
        },
        {
          "referenceCategory": "PACKAGE-MANAGER",
          "referenceLocator": "pkg:golang/github.com/go-openapi/jsonpointer@v0.20.3",
          "referenceType": "purl"
        }
      ],
      "filesAnalyzed": false,
      "licenseConcluded": "NOASSERTION",
      "licenseDeclared": "NOASSERTION",
      "name": "github.com/go-openapi/jsonpointer",
      "sourceInfo": "acquired package info from go module information: /usr/bin/cilium-certgen",
      "supplier": "NOASSERTION",
      "versionInfo": "v0.20.3"
    },
    {
      "SPDXID": "SPDXRef-Package-go-module-github.com-go-openapi-jsonreference-52724e620fa2f53a",
      "copyrightText": "NOASSERTION",
      "downloadLocation": "NOASSERTION",
      "externalRefs": [
        {
          "referenceCategory": "SECURITY",
          "referenceLocator": "cpe:2.3:a:go-openapi:jsonreference:v0.20.5:*:*:*:*:*:*:*",
          "referenceType": "cpe23Type"
        },
        {
          "referenceCategory": "SECURITY",
          "referenceLocator": "cpe:2.3:a:go_openapi:jsonreference:v0.20.5:*:*:*:*:*:*:*",
          "referenceType": "cpe23Type"
        },
        {
          "referenceCategory": "SECURITY",
          "referenceLocator": "cpe:2.3:a:go:jsonreference:v0.20.5:*:*:*:*:*:*:*",
          "referenceType": "cpe23Type"
        },
        {
          "referenceCategory": "PACKAGE-MANAGER",
          "referenceLocator": "pkg:golang/github.com/go-openapi/jsonreference@v0.20.5",
          "referenceType": "purl"
        }
      ],
      "filesAnalyzed": false,
      "licenseConcluded": "NOASSERTION",
      "licenseDeclared": "NOASSERTION",
      "name": "github.com/go-openapi/jsonreference",
      "sourceInfo": "acquired package info from go module information: /usr/bin/cilium-certgen",
      "supplier": "NOASSERTION",
      "versionInfo": "v0.20.5"
    },
    {
      "SPDXID": "SPDXRef-Package-go-module-github.com-go-openapi-swag-afc4c3b12c25861c",
      "copyrightText": "NOASSERTION",
      "downloadLocation": "NOASSERTION",
      "externalRefs": [
        {
          "referenceCategory": "SECURITY",
          "referenceLocator": "cpe:2.3:a:go-openapi:swag:v0.22.10:*:*:*:*:*:*:*",
          "referenceType": "cpe23Type"
        },
        {
          "referenceCategory": "SECURITY",
          "referenceLocator": "cpe:2.3:a:go_openapi:swag:v0.22.10:*:*:*:*:*:*:*",
          "referenceType": "cpe23Type"
        },
        {
          "referenceCategory": "SECURITY",
          "referenceLocator": "cpe:2.3:a:go:swag:v0.22.10:*:*:*:*:*:*:*",
          "referenceType": "cpe23Type"
        },
        {
          "referenceCategory": "PACKAGE-MANAGER",
          "referenceLocator": "pkg:golang/github.com/go-openapi/swag@v0.22.10",
          "referenceType": "purl"
        }
      ],
      "filesAnalyzed": false,
      "licenseConcluded": "NOASSERTION",
      "licenseDeclared": "NOASSERTION",
      "name": "github.com/go-openapi/swag",
      "sourceInfo": "acquired package info from go module information: /usr/bin/cilium-certgen",
      "supplier": "NOASSERTION",
      "versionInfo": "v0.22.10"
    },
    {
      "SPDXID": "SPDXRef-Package-go-module-github.com-gogo-protobuf-d0f341851ed0c44f",
      "copyrightText": "NOASSERTION",
      "downloadLocation": "NOASSERTION",
      "externalRefs": [
        {
          "referenceCategory": "SECURITY",
          "referenceLocator": "cpe:2.3:a:gogo:protobuf:v1.3.2:*:*:*:*:*:*:*",
          "referenceType": "cpe23Type"
        },
        {
          "referenceCategory": "PACKAGE-MANAGER",
          "referenceLocator": "pkg:golang/github.com/gogo/protobuf@v1.3.2",
          "referenceType": "purl"
        }
      ],
      "filesAnalyzed": false,
      "licenseConcluded": "NOASSERTION",
      "licenseDeclared": "NOASSERTION",
      "name": "github.com/gogo/protobuf",
      "sourceInfo": "acquired package info from go module information: /usr/bin/cilium-certgen",
      "supplier": "NOASSERTION",
      "versionInfo": "v1.3.2"
    },
    {
      "SPDXID": "SPDXRef-Package-go-module-github.com-golang-protobuf-500231532a920da7",
      "copyrightText": "NOASSERTION",
      "downloadLocation": "NOASSERTION",
      "externalRefs": [
        {
          "referenceCategory": "SECURITY",
          "referenceLocator": "cpe:2.3:a:golang:protobuf:v1.5.4:*:*:*:*:*:*:*",
          "referenceType": "cpe23Type"
        },
        {
          "referenceCategory": "PACKAGE-MANAGER",
          "referenceLocator": "pkg:golang/github.com/golang/protobuf@v1.5.4",
          "referenceType": "purl"
        }
      ],
      "filesAnalyzed": false,
      "licenseConcluded": "NOASSERTION",
      "licenseDeclared": "NOASSERTION",
      "name": "github.com/golang/protobuf",
      "sourceInfo": "acquired package info from go module information: /usr/bin/cilium-certgen",
      "supplier": "NOASSERTION",
      "versionInfo": "v1.5.4"
    },
    {
      "SPDXID": "SPDXRef-Package-go-module-github.com-google-certificate-transparency-go-11091410b706100c",
      "copyrightText": "NOASSERTION",
      "downloadLocation": "NOASSERTION",
      "externalRefs": [
        {
          "referenceCategory": "SECURITY",
          "referenceLocator": "cpe:2.3:a:google:certificate-transparency-go:v1.1.8:*:*:*:*:*:*:*",
          "referenceType": "cpe23Type"
        },
        {
          "referenceCategory": "SECURITY",
          "referenceLocator": "cpe:2.3:a:google:certificate_transparency_go:v1.1.8:*:*:*:*:*:*:*",
          "referenceType": "cpe23Type"
        },
        {
          "referenceCategory": "PACKAGE-MANAGER",
          "referenceLocator": "pkg:golang/github.com/google/certificate-transparency-go@v1.1.8",
          "referenceType": "purl"
        }
      ],
      "filesAnalyzed": false,
      "licenseConcluded": "NOASSERTION",
      "licenseDeclared": "NOASSERTION",
      "name": "github.com/google/certificate-transparency-go",
      "sourceInfo": "acquired package info from go module information: /usr/bin/cilium-certgen",
      "supplier": "NOASSERTION",
      "versionInfo": "v1.1.8"
    },
    {
      "SPDXID": "SPDXRef-Package-go-module-github.com-google-gnostic-models-f4e727995486a984",
      "copyrightText": "NOASSERTION",
      "downloadLocation": "NOASSERTION",
      "externalRefs": [
        {
          "referenceCategory": "SECURITY",
          "referenceLocator": "cpe:2.3:a:google:gnostic-models:v0.6.8:*:*:*:*:*:*:*",
          "referenceType": "cpe23Type"
        },
        {
          "referenceCategory": "SECURITY",
          "referenceLocator": "cpe:2.3:a:google:gnostic_models:v0.6.8:*:*:*:*:*:*:*",
          "referenceType": "cpe23Type"
        },
        {
          "referenceCategory": "PACKAGE-MANAGER",
          "referenceLocator": "pkg:golang/github.com/google/gnostic-models@v0.6.8",
          "referenceType": "purl"
        }
      ],
      "filesAnalyzed": false,
      "licenseConcluded": "NOASSERTION",
      "licenseDeclared": "NOASSERTION",
      "name": "github.com/google/gnostic-models",
      "sourceInfo": "acquired package info from go module information: /usr/bin/cilium-certgen",
      "supplier": "NOASSERTION",
      "versionInfo": "v0.6.8"
    },
    {
      "SPDXID": "SPDXRef-Package-go-module-github.com-google-gofuzz-7eeee9f8ed38b1a1",
      "copyrightText": "NOASSERTION",
      "downloadLocation": "NOASSERTION",
      "externalRefs": [
        {
          "referenceCategory": "SECURITY",
          "referenceLocator": "cpe:2.3:a:google:gofuzz:v1.2.0:*:*:*:*:*:*:*",
          "referenceType": "cpe23Type"
        },
        {
          "referenceCategory": "PACKAGE-MANAGER",
          "referenceLocator": "pkg:golang/github.com/google/gofuzz@v1.2.0",
          "referenceType": "purl"
        }
      ],
      "filesAnalyzed": false,
      "licenseConcluded": "NOASSERTION",
      "licenseDeclared": "NOASSERTION",
      "name": "github.com/google/gofuzz",
      "sourceInfo": "acquired package info from go module information: /usr/bin/cilium-certgen",
      "supplier": "NOASSERTION",
      "versionInfo": "v1.2.0"
    },
    {
      "SPDXID": "SPDXRef-Package-go-module-github.com-google-uuid-5a3d5220c27f1423",
      "copyrightText": "NOASSERTION",
      "downloadLocation": "NOASSERTION",
      "externalRefs": [
        {
          "referenceCategory": "SECURITY",
          "referenceLocator": "cpe:2.3:a:google:uuid:v1.5.0:*:*:*:*:*:*:*",
          "referenceType": "cpe23Type"
        },
        {
          "referenceCategory": "PACKAGE-MANAGER",
          "referenceLocator": "pkg:golang/github.com/google/uuid@v1.5.0",
          "referenceType": "purl"
        }
      ],
      "filesAnalyzed": false,
      "licenseConcluded": "NOASSERTION",
      "licenseDeclared": "NOASSERTION",
      "name": "github.com/google/uuid",
      "sourceInfo": "acquired package info from go module information: /usr/bin/cilium-certgen",
      "supplier": "NOASSERTION",
      "versionInfo": "v1.5.0"
    },
    {
      "SPDXID": "SPDXRef-Package-go-module-github.com-hashicorp-hcl-5f592f3f287e5e67",
      "copyrightText": "NOASSERTION",
      "downloadLocation": "NOASSERTION",
      "externalRefs": [
        {
          "referenceCategory": "SECURITY",
          "referenceLocator": "cpe:2.3:a:hashicorp:hcl:v1.0.0:*:*:*:*:*:*:*",
          "referenceType": "cpe23Type"
        },
        {
          "referenceCategory": "PACKAGE-MANAGER",
          "referenceLocator": "pkg:golang/github.com/hashicorp/hcl@v1.0.0",
          "referenceType": "purl"
        }
      ],
      "filesAnalyzed": false,
      "licenseConcluded": "NOASSERTION",
      "licenseDeclared": "NOASSERTION",
      "name": "github.com/hashicorp/hcl",
      "sourceInfo": "acquired package info from go module information: /usr/bin/cilium-certgen",
      "supplier": "NOASSERTION",
      "versionInfo": "v1.0.0"
    },
    {
      "SPDXID": "SPDXRef-Package-go-module-github.com-imdario-mergo-894c1c78b6e084c9",
      "copyrightText": "NOASSERTION",
      "downloadLocation": "NOASSERTION",
      "externalRefs": [
        {
          "referenceCategory": "SECURITY",
          "referenceLocator": "cpe:2.3:a:imdario:mergo:v0.3.16:*:*:*:*:*:*:*",
          "referenceType": "cpe23Type"
        },
        {
          "referenceCategory": "PACKAGE-MANAGER",
          "referenceLocator": "pkg:golang/github.com/imdario/mergo@v0.3.16",
          "referenceType": "purl"
        }
      ],
      "filesAnalyzed": false,
      "licenseConcluded": "NOASSERTION",
      "licenseDeclared": "NOASSERTION",
      "name": "github.com/imdario/mergo",
      "sourceInfo": "acquired package info from go module information: /usr/bin/cilium-certgen",
      "supplier": "NOASSERTION",
      "versionInfo": "v0.3.16"
    },
    {
      "SPDXID": "SPDXRef-Package-go-module-github.com-jmoiron-sqlx-5b2953d1c6179442",
      "copyrightText": "NOASSERTION",
      "downloadLocation": "NOASSERTION",
      "externalRefs": [
        {
          "referenceCategory": "SECURITY",
          "referenceLocator": "cpe:2.3:a:jmoiron:sqlx:v1.3.5:*:*:*:*:*:*:*",
          "referenceType": "cpe23Type"
        },
        {
          "referenceCategory": "PACKAGE-MANAGER",
          "referenceLocator": "pkg:golang/github.com/jmoiron/sqlx@v1.3.5",
          "referenceType": "purl"
        }
      ],
      "filesAnalyzed": false,
      "licenseConcluded": "NOASSERTION",
      "licenseDeclared": "NOASSERTION",
      "name": "github.com/jmoiron/sqlx",
      "sourceInfo": "acquired package info from go module information: /usr/bin/cilium-certgen",
      "supplier": "NOASSERTION",
      "versionInfo": "v1.3.5"
    },
    {
      "SPDXID": "SPDXRef-Package-go-module-github.com-josharian-intern-53f9098d1ffe0e89",
      "copyrightText": "NOASSERTION",
      "downloadLocation": "NOASSERTION",
      "externalRefs": [
        {
          "referenceCategory": "SECURITY",
          "referenceLocator": "cpe:2.3:a:josharian:intern:v1.0.0:*:*:*:*:*:*:*",
          "referenceType": "cpe23Type"
        },
        {
          "referenceCategory": "PACKAGE-MANAGER",
          "referenceLocator": "pkg:golang/github.com/josharian/intern@v1.0.0",
          "referenceType": "purl"
        }
      ],
      "filesAnalyzed": false,
      "licenseConcluded": "NOASSERTION",
      "licenseDeclared": "NOASSERTION",
      "name": "github.com/josharian/intern",
      "sourceInfo": "acquired package info from go module information: /usr/bin/cilium-certgen",
      "supplier": "NOASSERTION",
      "versionInfo": "v1.0.0"
    },
    {
      "SPDXID": "SPDXRef-Package-go-module-github.com-json-iterator-go-4ccc3a3619495c25",
      "copyrightText": "NOASSERTION",
      "downloadLocation": "NOASSERTION",
      "externalRefs": [
        {
          "referenceCategory": "SECURITY",
          "referenceLocator": "cpe:2.3:a:json-iterator:go:v1.1.12:*:*:*:*:*:*:*",
          "referenceType": "cpe23Type"
        },
        {
          "referenceCategory": "SECURITY",
          "referenceLocator": "cpe:2.3:a:json_iterator:go:v1.1.12:*:*:*:*:*:*:*",
          "referenceType": "cpe23Type"
        },
        {
          "referenceCategory": "SECURITY",
          "referenceLocator": "cpe:2.3:a:json:go:v1.1.12:*:*:*:*:*:*:*",
          "referenceType": "cpe23Type"
        },
        {
          "referenceCategory": "PACKAGE-MANAGER",
          "referenceLocator": "pkg:golang/github.com/json-iterator/go@v1.1.12",
          "referenceType": "purl"
        }
      ],
      "filesAnalyzed": false,
      "licenseConcluded": "NOASSERTION",
      "licenseDeclared": "NOASSERTION",
      "name": "github.com/json-iterator/go",
      "sourceInfo": "acquired package info from go module information: /usr/bin/cilium-certgen",
      "supplier": "NOASSERTION",
      "versionInfo": "v1.1.12"
    },
    {
      "SPDXID": "SPDXRef-Package-go-module-github.com-magiconair-properties-2be6d0138ff1c316",
      "copyrightText": "NOASSERTION",
      "downloadLocation": "NOASSERTION",
      "externalRefs": [
        {
          "referenceCategory": "SECURITY",
          "referenceLocator": "cpe:2.3:a:magiconair:properties:v1.8.7:*:*:*:*:*:*:*",
          "referenceType": "cpe23Type"
        },
        {
          "referenceCategory": "PACKAGE-MANAGER",
          "referenceLocator": "pkg:golang/github.com/magiconair/properties@v1.8.7",
          "referenceType": "purl"
        }
      ],
      "filesAnalyzed": false,
      "licenseConcluded": "NOASSERTION",
      "licenseDeclared": "NOASSERTION",
      "name": "github.com/magiconair/properties",
      "sourceInfo": "acquired package info from go module information: /usr/bin/cilium-certgen",
      "supplier": "NOASSERTION",
      "versionInfo": "v1.8.7"
    },
    {
      "SPDXID": "SPDXRef-Package-go-module-github.com-mailru-easyjson-b483ba8c4ff527c4",
      "copyrightText": "NOASSERTION",
      "downloadLocation": "NOASSERTION",
      "externalRefs": [
        {
          "referenceCategory": "SECURITY",
          "referenceLocator": "cpe:2.3:a:mailru:easyjson:v0.7.7:*:*:*:*:*:*:*",
          "referenceType": "cpe23Type"
        },
        {
          "referenceCategory": "PACKAGE-MANAGER",
          "referenceLocator": "pkg:golang/github.com/mailru/easyjson@v0.7.7",
          "referenceType": "purl"
        }
      ],
      "filesAnalyzed": false,
      "licenseConcluded": "NOASSERTION",
      "licenseDeclared": "NOASSERTION",
      "name": "github.com/mailru/easyjson",
      "sourceInfo": "acquired package info from go module information: /usr/bin/cilium-certgen",
      "supplier": "NOASSERTION",
      "versionInfo": "v0.7.7"
    },
    {
      "SPDXID": "SPDXRef-Package-go-module-github.com-mitchellh-mapstructure-8d9e54153e149a7f",
      "copyrightText": "NOASSERTION",
      "downloadLocation": "NOASSERTION",
      "externalRefs": [
        {
          "referenceCategory": "SECURITY",
          "referenceLocator": "cpe:2.3:a:mitchellh:mapstructure:v1.5.0:*:*:*:*:*:*:*",
          "referenceType": "cpe23Type"
        },
        {
          "referenceCategory": "PACKAGE-MANAGER",
          "referenceLocator": "pkg:golang/github.com/mitchellh/mapstructure@v1.5.0",
          "referenceType": "purl"
        }
      ],
      "filesAnalyzed": false,
      "licenseConcluded": "NOASSERTION",
      "licenseDeclared": "NOASSERTION",
      "name": "github.com/mitchellh/mapstructure",
      "sourceInfo": "acquired package info from go module information: /usr/bin/cilium-certgen",
      "supplier": "NOASSERTION",
      "versionInfo": "v1.5.0"
    },
    {
      "SPDXID": "SPDXRef-Package-go-module-github.com-modern-go-concurrent-581e29ed56a95612",
      "copyrightText": "NOASSERTION",
      "downloadLocation": "NOASSERTION",
      "externalRefs": [
        {
          "referenceCategory": "SECURITY",
          "referenceLocator": "cpe:2.3:a:modern-go:concurrent:v0.0.0-20180306012644-bacd9c7ef1dd:*:*:*:*:*:*:*",
          "referenceType": "cpe23Type"
        },
        {
          "referenceCategory": "SECURITY",
          "referenceLocator": "cpe:2.3:a:modern_go:concurrent:v0.0.0-20180306012644-bacd9c7ef1dd:*:*:*:*:*:*:*",
          "referenceType": "cpe23Type"
        },
        {
          "referenceCategory": "SECURITY",
          "referenceLocator": "cpe:2.3:a:modern:concurrent:v0.0.0-20180306012644-bacd9c7ef1dd:*:*:*:*:*:*:*",
          "referenceType": "cpe23Type"
        },
        {
          "referenceCategory": "PACKAGE-MANAGER",
          "referenceLocator": "pkg:golang/github.com/modern-go/concurrent@v0.0.0-20180306012644-bacd9c7ef1dd",
          "referenceType": "purl"
        }
      ],
      "filesAnalyzed": false,
      "licenseConcluded": "NOASSERTION",
      "licenseDeclared": "NOASSERTION",
      "name": "github.com/modern-go/concurrent",
      "sourceInfo": "acquired package info from go module information: /usr/bin/cilium-certgen",
      "supplier": "NOASSERTION",
      "versionInfo": "v0.0.0-20180306012644-bacd9c7ef1dd"
    },
    {
      "SPDXID": "SPDXRef-Package-go-module-github.com-modern-go-reflect2-7a879272aef8c1d8",
      "copyrightText": "NOASSERTION",
      "downloadLocation": "NOASSERTION",
      "externalRefs": [
        {
          "referenceCategory": "SECURITY",
          "referenceLocator": "cpe:2.3:a:modern-go:reflect2:v1.0.2:*:*:*:*:*:*:*",
          "referenceType": "cpe23Type"
        },
        {
          "referenceCategory": "SECURITY",
          "referenceLocator": "cpe:2.3:a:modern_go:reflect2:v1.0.2:*:*:*:*:*:*:*",
          "referenceType": "cpe23Type"
        },
        {
          "referenceCategory": "SECURITY",
          "referenceLocator": "cpe:2.3:a:modern:reflect2:v1.0.2:*:*:*:*:*:*:*",
          "referenceType": "cpe23Type"
        },
        {
          "referenceCategory": "PACKAGE-MANAGER",
          "referenceLocator": "pkg:golang/github.com/modern-go/reflect2@v1.0.2",
          "referenceType": "purl"
        }
      ],
      "filesAnalyzed": false,
      "licenseConcluded": "NOASSERTION",
      "licenseDeclared": "NOASSERTION",
      "name": "github.com/modern-go/reflect2",
      "sourceInfo": "acquired package info from go module information: /usr/bin/cilium-certgen",
      "supplier": "NOASSERTION",
      "versionInfo": "v1.0.2"
    },
    {
      "SPDXID": "SPDXRef-Package-go-module-github.com-munnerz-goautoneg-1b5bd64c6f636351",
      "copyrightText": "NOASSERTION",
      "downloadLocation": "NOASSERTION",
      "externalRefs": [
        {
          "referenceCategory": "SECURITY",
          "referenceLocator": "cpe:2.3:a:munnerz:goautoneg:v0.0.0-20191010083416-a7dc8b61c822:*:*:*:*:*:*:*",
          "referenceType": "cpe23Type"
        },
        {
          "referenceCategory": "PACKAGE-MANAGER",
          "referenceLocator": "pkg:golang/github.com/munnerz/goautoneg@v0.0.0-20191010083416-a7dc8b61c822",
          "referenceType": "purl"
        }
      ],
      "filesAnalyzed": false,
      "licenseConcluded": "NOASSERTION",
      "licenseDeclared": "NOASSERTION",
      "name": "github.com/munnerz/goautoneg",
      "sourceInfo": "acquired package info from go module information: /usr/bin/cilium-certgen",
      "supplier": "NOASSERTION",
      "versionInfo": "v0.0.0-20191010083416-a7dc8b61c822"
    },
    {
      "SPDXID": "SPDXRef-Package-go-module-github.com-pelletier-go-toml-7afd1d0d5b83563b",
      "copyrightText": "NOASSERTION",
      "downloadLocation": "NOASSERTION",
      "externalRefs": [
        {
          "referenceCategory": "SECURITY",
          "referenceLocator": "cpe:2.3:a:pelletier:go-toml:v1.9.5:*:*:*:*:*:*:*",
          "referenceType": "cpe23Type"
        },
        {
          "referenceCategory": "SECURITY",
          "referenceLocator": "cpe:2.3:a:pelletier:go_toml:v1.9.5:*:*:*:*:*:*:*",
          "referenceType": "cpe23Type"
        },
        {
          "referenceCategory": "PACKAGE-MANAGER",
          "referenceLocator": "pkg:golang/github.com/pelletier/go-toml@v1.9.5",
          "referenceType": "purl"
        }
      ],
      "filesAnalyzed": false,
      "licenseConcluded": "NOASSERTION",
      "licenseDeclared": "NOASSERTION",
      "name": "github.com/pelletier/go-toml",
      "sourceInfo": "acquired package info from go module information: /usr/bin/cilium-certgen",
      "supplier": "NOASSERTION",
      "versionInfo": "v1.9.5"
    },
    {
      "SPDXID": "SPDXRef-Package-go-module-github.com-pelletier-go-toml-v2-ea79ba30c7de7a33",
      "copyrightText": "NOASSERTION",
      "downloadLocation": "NOASSERTION",
      "externalRefs": [
        {
          "referenceCategory": "SECURITY",
          "referenceLocator": "cpe:2.3:a:pelletier:go-toml\\/v2:v2.1.1:*:*:*:*:*:*:*",
          "referenceType": "cpe23Type"
        },
        {
          "referenceCategory": "SECURITY",
          "referenceLocator": "cpe:2.3:a:pelletier:go_toml\\/v2:v2.1.1:*:*:*:*:*:*:*",
          "referenceType": "cpe23Type"
        },
        {
          "referenceCategory": "PACKAGE-MANAGER",
          "referenceLocator": "pkg:golang/github.com/pelletier/go-toml@v2.1.1#v2",
          "referenceType": "purl"
        }
      ],
      "filesAnalyzed": false,
      "licenseConcluded": "NOASSERTION",
      "licenseDeclared": "NOASSERTION",
      "name": "github.com/pelletier/go-toml/v2",
      "sourceInfo": "acquired package info from go module information: /usr/bin/cilium-certgen",
      "supplier": "NOASSERTION",
      "versionInfo": "v2.1.1"
    },
    {
      "SPDXID": "SPDXRef-Package-go-module-github.com-sagikazarmark-slog-shim-8dfe1f3a34249264",
      "copyrightText": "NOASSERTION",
      "downloadLocation": "NOASSERTION",
      "externalRefs": [
        {
          "referenceCategory": "SECURITY",
          "referenceLocator": "cpe:2.3:a:sagikazarmark:slog-shim:v0.1.0:*:*:*:*:*:*:*",
          "referenceType": "cpe23Type"
        },
        {
          "referenceCategory": "SECURITY",
          "referenceLocator": "cpe:2.3:a:sagikazarmark:slog_shim:v0.1.0:*:*:*:*:*:*:*",
          "referenceType": "cpe23Type"
        },
        {
          "referenceCategory": "PACKAGE-MANAGER",
          "referenceLocator": "pkg:golang/github.com/sagikazarmark/slog-shim@v0.1.0",
          "referenceType": "purl"
        }
      ],
      "filesAnalyzed": false,
      "licenseConcluded": "NOASSERTION",
      "licenseDeclared": "NOASSERTION",
      "name": "github.com/sagikazarmark/slog-shim",
      "sourceInfo": "acquired package info from go module information: /usr/bin/cilium-certgen",
      "supplier": "NOASSERTION",
      "versionInfo": "v0.1.0"
    },
    {
      "SPDXID": "SPDXRef-Package-go-module-github.com-sirupsen-logrus-85c758572cf3384f",
      "copyrightText": "NOASSERTION",
      "downloadLocation": "NOASSERTION",
      "externalRefs": [
        {
          "referenceCategory": "SECURITY",
          "referenceLocator": "cpe:2.3:a:sirupsen:logrus:v1.9.3:*:*:*:*:*:*:*",
          "referenceType": "cpe23Type"
        },
        {
          "referenceCategory": "PACKAGE-MANAGER",
          "referenceLocator": "pkg:golang/github.com/sirupsen/logrus@v1.9.3",
          "referenceType": "purl"
        }
      ],
      "filesAnalyzed": false,
      "licenseConcluded": "NOASSERTION",
      "licenseDeclared": "NOASSERTION",
      "name": "github.com/sirupsen/logrus",
      "sourceInfo": "acquired package info from go module information: /usr/bin/cilium-certgen",
      "supplier": "NOASSERTION",
      "versionInfo": "v1.9.3"
    },
    {
      "SPDXID": "SPDXRef-Package-go-module-github.com-spf13-afero-a63bfbb32e313dc0",
      "copyrightText": "NOASSERTION",
      "downloadLocation": "NOASSERTION",
      "externalRefs": [
        {
          "referenceCategory": "SECURITY",
          "referenceLocator": "cpe:2.3:a:spf13:afero:v1.11.0:*:*:*:*:*:*:*",
          "referenceType": "cpe23Type"
        },
        {
          "referenceCategory": "PACKAGE-MANAGER",
          "referenceLocator": "pkg:golang/github.com/spf13/afero@v1.11.0",
          "referenceType": "purl"
        }
      ],
      "filesAnalyzed": false,
      "licenseConcluded": "NOASSERTION",
      "licenseDeclared": "NOASSERTION",
      "name": "github.com/spf13/afero",
      "sourceInfo": "acquired package info from go module information: /usr/bin/cilium-certgen",
      "supplier": "NOASSERTION",
      "versionInfo": "v1.11.0"
    },
    {
      "SPDXID": "SPDXRef-Package-go-module-github.com-spf13-cast-6d3858fe98c0bb12",
      "copyrightText": "NOASSERTION",
      "downloadLocation": "NOASSERTION",
      "externalRefs": [
        {
          "referenceCategory": "SECURITY",
          "referenceLocator": "cpe:2.3:a:spf13:cast:v1.6.0:*:*:*:*:*:*:*",
          "referenceType": "cpe23Type"
        },
        {
          "referenceCategory": "PACKAGE-MANAGER",
          "referenceLocator": "pkg:golang/github.com/spf13/cast@v1.6.0",
          "referenceType": "purl"
        }
      ],
      "filesAnalyzed": false,
      "licenseConcluded": "NOASSERTION",
      "licenseDeclared": "NOASSERTION",
      "name": "github.com/spf13/cast",
      "sourceInfo": "acquired package info from go module information: /usr/bin/cilium-certgen",
      "supplier": "NOASSERTION",
      "versionInfo": "v1.6.0"
    },
    {
      "SPDXID": "SPDXRef-Package-go-module-github.com-spf13-cobra-ad22977051e802a0",
      "copyrightText": "NOASSERTION",
      "downloadLocation": "NOASSERTION",
      "externalRefs": [
        {
          "referenceCategory": "SECURITY",
          "referenceLocator": "cpe:2.3:a:spf13:cobra:v1.8.0:*:*:*:*:*:*:*",
          "referenceType": "cpe23Type"
        },
        {
          "referenceCategory": "PACKAGE-MANAGER",
          "referenceLocator": "pkg:golang/github.com/spf13/cobra@v1.8.0",
          "referenceType": "purl"
        }
      ],
      "filesAnalyzed": false,
      "licenseConcluded": "NOASSERTION",
      "licenseDeclared": "NOASSERTION",
      "name": "github.com/spf13/cobra",
      "sourceInfo": "acquired package info from go module information: /usr/bin/cilium-certgen",
      "supplier": "NOASSERTION",
      "versionInfo": "v1.8.0"
    },
    {
      "SPDXID": "SPDXRef-Package-go-module-github.com-spf13-pflag-fd2bb9482cac058a",
      "copyrightText": "NOASSERTION",
      "downloadLocation": "NOASSERTION",
      "externalRefs": [
        {
          "referenceCategory": "SECURITY",
          "referenceLocator": "cpe:2.3:a:spf13:pflag:v1.0.5:*:*:*:*:*:*:*",
          "referenceType": "cpe23Type"
        },
        {
          "referenceCategory": "PACKAGE-MANAGER",
          "referenceLocator": "pkg:golang/github.com/spf13/pflag@v1.0.5",
          "referenceType": "purl"
        }
      ],
      "filesAnalyzed": false,
      "licenseConcluded": "NOASSERTION",
      "licenseDeclared": "NOASSERTION",
      "name": "github.com/spf13/pflag",
      "sourceInfo": "acquired package info from go module information: /usr/bin/cilium-certgen",
      "supplier": "NOASSERTION",
      "versionInfo": "v1.0.5"
    },
    {
      "SPDXID": "SPDXRef-Package-go-module-github.com-spf13-viper-07796a76ab9f52f6",
      "copyrightText": "NOASSERTION",
      "downloadLocation": "NOASSERTION",
      "externalRefs": [
        {
          "referenceCategory": "SECURITY",
          "referenceLocator": "cpe:2.3:a:spf13:viper:v1.18.2:*:*:*:*:*:*:*",
          "referenceType": "cpe23Type"
        },
        {
          "referenceCategory": "PACKAGE-MANAGER",
          "referenceLocator": "pkg:golang/github.com/spf13/viper@v1.18.2",
          "referenceType": "purl"
        }
      ],
      "filesAnalyzed": false,
      "licenseConcluded": "NOASSERTION",
      "licenseDeclared": "NOASSERTION",
      "name": "github.com/spf13/viper",
      "sourceInfo": "acquired package info from go module information: /usr/bin/cilium-certgen",
      "supplier": "NOASSERTION",
      "versionInfo": "v1.18.2"
    },
    {
      "SPDXID": "SPDXRef-Package-go-module-github.com-subosito-gotenv-1566c9a613af2d42",
      "copyrightText": "NOASSERTION",
      "downloadLocation": "NOASSERTION",
      "externalRefs": [
        {
          "referenceCategory": "SECURITY",
          "referenceLocator": "cpe:2.3:a:subosito:gotenv:v1.6.0:*:*:*:*:*:*:*",
          "referenceType": "cpe23Type"
        },
        {
          "referenceCategory": "PACKAGE-MANAGER",
          "referenceLocator": "pkg:golang/github.com/subosito/gotenv@v1.6.0",
          "referenceType": "purl"
        }
      ],
      "filesAnalyzed": false,
      "licenseConcluded": "NOASSERTION",
      "licenseDeclared": "NOASSERTION",
      "name": "github.com/subosito/gotenv",
      "sourceInfo": "acquired package info from go module information: /usr/bin/cilium-certgen",
      "supplier": "NOASSERTION",
      "versionInfo": "v1.6.0"
    },
    {
      "SPDXID": "SPDXRef-Package-go-module-github.com-weppos-publicsuffix-go-24b6e35256f67273",
      "copyrightText": "NOASSERTION",
      "downloadLocation": "NOASSERTION",
      "externalRefs": [
        {
          "referenceCategory": "SECURITY",
          "referenceLocator": "cpe:2.3:a:weppos:publicsuffix-go:v0.30.2:*:*:*:*:*:*:*",
          "referenceType": "cpe23Type"
        },
        {
          "referenceCategory": "SECURITY",
          "referenceLocator": "cpe:2.3:a:weppos:publicsuffix_go:v0.30.2:*:*:*:*:*:*:*",
          "referenceType": "cpe23Type"
        },
        {
          "referenceCategory": "PACKAGE-MANAGER",
          "referenceLocator": "pkg:golang/github.com/weppos/publicsuffix-go@v0.30.2",
          "referenceType": "purl"
        }
      ],
      "filesAnalyzed": false,
      "licenseConcluded": "NOASSERTION",
      "licenseDeclared": "NOASSERTION",
      "name": "github.com/weppos/publicsuffix-go",
      "sourceInfo": "acquired package info from go module information: /usr/bin/cilium-certgen",
      "supplier": "NOASSERTION",
      "versionInfo": "v0.30.2"
    },
    {
      "SPDXID": "SPDXRef-Package-go-module-github.com-zmap-zcrypto-ffb544a8a90df368",
      "copyrightText": "NOASSERTION",
      "downloadLocation": "NOASSERTION",
      "externalRefs": [
        {
          "referenceCategory": "SECURITY",
          "referenceLocator": "cpe:2.3:a:zmap:zcrypto:v0.0.0-20231219022726-a1f61fb1661c:*:*:*:*:*:*:*",
          "referenceType": "cpe23Type"
        },
        {
          "referenceCategory": "PACKAGE-MANAGER",
          "referenceLocator": "pkg:golang/github.com/zmap/zcrypto@v0.0.0-20231219022726-a1f61fb1661c",
          "referenceType": "purl"
        }
      ],
      "filesAnalyzed": false,
      "licenseConcluded": "NOASSERTION",
      "licenseDeclared": "NOASSERTION",
      "name": "github.com/zmap/zcrypto",
      "sourceInfo": "acquired package info from go module information: /usr/bin/cilium-certgen",
      "supplier": "NOASSERTION",
      "versionInfo": "v0.0.0-20231219022726-a1f61fb1661c"
    },
    {
      "SPDXID": "SPDXRef-Package-go-module-github.com-zmap-zlint-v3-e4df0b8e2ea7a89d",
      "copyrightText": "NOASSERTION",
      "downloadLocation": "NOASSERTION",
      "externalRefs": [
        {
          "referenceCategory": "SECURITY",
          "referenceLocator": "cpe:2.3:a:zmap:zlint\\/v3:v3.6.1:*:*:*:*:*:*:*",
          "referenceType": "cpe23Type"
        },
        {
          "referenceCategory": "PACKAGE-MANAGER",
          "referenceLocator": "pkg:golang/github.com/zmap/zlint@v3.6.1#v3",
          "referenceType": "purl"
        }
      ],
      "filesAnalyzed": false,
      "licenseConcluded": "NOASSERTION",
      "licenseDeclared": "NOASSERTION",
      "name": "github.com/zmap/zlint/v3",
      "sourceInfo": "acquired package info from go module information: /usr/bin/cilium-certgen",
      "supplier": "NOASSERTION",
      "versionInfo": "v3.6.1"
    },
    {
      "SPDXID": "SPDXRef-Package-go-module-golang.org-x-crypto-0e2a6acbc2822f63",
      "copyrightText": "NOASSERTION",
      "downloadLocation": "NOASSERTION",
      "externalRefs": [
        {
          "referenceCategory": "SECURITY",
          "referenceLocator": "cpe:2.3:a:golang:x\\/crypto:v0.22.0:*:*:*:*:*:*:*",
          "referenceType": "cpe23Type"
        },
        {
          "referenceCategory": "PACKAGE-MANAGER",
          "referenceLocator": "pkg:golang/golang.org/x/crypto@v0.22.0",
          "referenceType": "purl"
        }
      ],
      "filesAnalyzed": false,
      "licenseConcluded": "NOASSERTION",
      "licenseDeclared": "NOASSERTION",
      "name": "golang.org/x/crypto",
      "sourceInfo": "acquired package info from go module information: /usr/bin/cilium-certgen",
      "supplier": "NOASSERTION",
      "versionInfo": "v0.22.0"
    },
    {
      "SPDXID": "SPDXRef-Package-go-module-golang.org-x-net-184bae76a3a0897f",
      "copyrightText": "NOASSERTION",
      "downloadLocation": "NOASSERTION",
      "externalRefs": [
        {
          "referenceCategory": "SECURITY",
          "referenceLocator": "cpe:2.3:a:golang:x\\/net:v0.24.0:*:*:*:*:*:*:*",
          "referenceType": "cpe23Type"
        },
        {
          "referenceCategory": "PACKAGE-MANAGER",
          "referenceLocator": "pkg:golang/golang.org/x/net@v0.24.0",
          "referenceType": "purl"
        }
      ],
      "filesAnalyzed": false,
      "licenseConcluded": "NOASSERTION",
      "licenseDeclared": "NOASSERTION",
      "name": "golang.org/x/net",
      "sourceInfo": "acquired package info from go module information: /usr/bin/cilium-certgen",
      "supplier": "NOASSERTION",
      "versionInfo": "v0.24.0"
    },
    {
      "SPDXID": "SPDXRef-Package-go-module-golang.org-x-oauth2-4d769dceb011787a",
      "copyrightText": "NOASSERTION",
      "downloadLocation": "NOASSERTION",
      "externalRefs": [
        {
          "referenceCategory": "SECURITY",
          "referenceLocator": "cpe:2.3:a:golang:x\\/oauth2:v0.16.0:*:*:*:*:*:*:*",
          "referenceType": "cpe23Type"
        },
        {
          "referenceCategory": "PACKAGE-MANAGER",
          "referenceLocator": "pkg:golang/golang.org/x/oauth2@v0.16.0",
          "referenceType": "purl"
        }
      ],
      "filesAnalyzed": false,
      "licenseConcluded": "NOASSERTION",
      "licenseDeclared": "NOASSERTION",
      "name": "golang.org/x/oauth2",
      "sourceInfo": "acquired package info from go module information: /usr/bin/cilium-certgen",
      "supplier": "NOASSERTION",
      "versionInfo": "v0.16.0"
    },
    {
      "SPDXID": "SPDXRef-Package-go-module-golang.org-x-sys-8efb66bcfef561a5",
      "copyrightText": "NOASSERTION",
      "downloadLocation": "NOASSERTION",
      "externalRefs": [
        {
          "referenceCategory": "SECURITY",
          "referenceLocator": "cpe:2.3:a:golang:x\\/sys:v0.19.0:*:*:*:*:*:*:*",
          "referenceType": "cpe23Type"
        },
        {
          "referenceCategory": "PACKAGE-MANAGER",
          "referenceLocator": "pkg:golang/golang.org/x/sys@v0.19.0",
          "referenceType": "purl"
        }
      ],
      "filesAnalyzed": false,
      "licenseConcluded": "NOASSERTION",
      "licenseDeclared": "NOASSERTION",
      "name": "golang.org/x/sys",
      "sourceInfo": "acquired package info from go module information: /usr/bin/cilium-certgen",
      "supplier": "NOASSERTION",
      "versionInfo": "v0.19.0"
    },
    {
      "SPDXID": "SPDXRef-Package-go-module-golang.org-x-term-e800e219a8bb0be5",
      "copyrightText": "NOASSERTION",
      "downloadLocation": "NOASSERTION",
      "externalRefs": [
        {
          "referenceCategory": "SECURITY",
          "referenceLocator": "cpe:2.3:a:golang:x\\/term:v0.19.0:*:*:*:*:*:*:*",
          "referenceType": "cpe23Type"
        },
        {
          "referenceCategory": "PACKAGE-MANAGER",
          "referenceLocator": "pkg:golang/golang.org/x/term@v0.19.0",
          "referenceType": "purl"
        }
      ],
      "filesAnalyzed": false,
      "licenseConcluded": "NOASSERTION",
      "licenseDeclared": "NOASSERTION",
      "name": "golang.org/x/term",
      "sourceInfo": "acquired package info from go module information: /usr/bin/cilium-certgen",
      "supplier": "NOASSERTION",
      "versionInfo": "v0.19.0"
    },
    {
      "SPDXID": "SPDXRef-Package-go-module-golang.org-x-text-a1c4297e1151f224",
      "copyrightText": "NOASSERTION",
      "downloadLocation": "NOASSERTION",
      "externalRefs": [
        {
          "referenceCategory": "SECURITY",
          "referenceLocator": "cpe:2.3:a:golang:x\\/text:v0.14.0:*:*:*:*:*:*:*",
          "referenceType": "cpe23Type"
        },
        {
          "referenceCategory": "PACKAGE-MANAGER",
          "referenceLocator": "pkg:golang/golang.org/x/text@v0.14.0",
          "referenceType": "purl"
        }
      ],
      "filesAnalyzed": false,
      "licenseConcluded": "NOASSERTION",
      "licenseDeclared": "NOASSERTION",
      "name": "golang.org/x/text",
      "sourceInfo": "acquired package info from go module information: /usr/bin/cilium-certgen",
      "supplier": "NOASSERTION",
      "versionInfo": "v0.14.0"
    },
    {
      "SPDXID": "SPDXRef-Package-go-module-golang.org-x-time-9a823da92646fb3f",
      "copyrightText": "NOASSERTION",
      "downloadLocation": "NOASSERTION",
      "externalRefs": [
        {
          "referenceCategory": "SECURITY",
          "referenceLocator": "cpe:2.3:a:golang:x\\/time:v0.5.0:*:*:*:*:*:*:*",
          "referenceType": "cpe23Type"
        },
        {
          "referenceCategory": "PACKAGE-MANAGER",
          "referenceLocator": "pkg:golang/golang.org/x/time@v0.5.0",
          "referenceType": "purl"
        }
      ],
      "filesAnalyzed": false,
      "licenseConcluded": "NOASSERTION",
      "licenseDeclared": "NOASSERTION",
      "name": "golang.org/x/time",
      "sourceInfo": "acquired package info from go module information: /usr/bin/cilium-certgen",
      "supplier": "NOASSERTION",
      "versionInfo": "v0.5.0"
    },
    {
      "SPDXID": "SPDXRef-Package-go-module-google.golang.org-protobuf-7a0945d922ef36fe",
      "copyrightText": "NOASSERTION",
      "downloadLocation": "NOASSERTION",
      "externalRefs": [
        {
          "referenceCategory": "SECURITY",
          "referenceLocator": "cpe:2.3:a:google:protobuf:v1.33.0:*:*:*:*:*:*:*",
          "referenceType": "cpe23Type"
        },
        {
          "referenceCategory": "PACKAGE-MANAGER",
          "referenceLocator": "pkg:golang/google.golang.org/protobuf@v1.33.0",
          "referenceType": "purl"
        }
      ],
      "filesAnalyzed": false,
      "licenseConcluded": "NOASSERTION",
      "licenseDeclared": "NOASSERTION",
      "name": "google.golang.org/protobuf",
      "sourceInfo": "acquired package info from go module information: /usr/bin/cilium-certgen",
      "supplier": "NOASSERTION",
      "versionInfo": "v1.33.0"
    },
    {
      "SPDXID": "SPDXRef-Package-go-module-gopkg.in-inf.v0-62503d461680c728",
      "copyrightText": "NOASSERTION",
      "downloadLocation": "NOASSERTION",
      "externalRefs": [
        {
          "referenceCategory": "PACKAGE-MANAGER",
          "referenceLocator": "pkg:golang/gopkg.in/inf.v0@v0.9.1",
          "referenceType": "purl"
        }
      ],
      "filesAnalyzed": false,
      "licenseConcluded": "NOASSERTION",
      "licenseDeclared": "NOASSERTION",
      "name": "gopkg.in/inf.v0",
      "sourceInfo": "acquired package info from go module information: /usr/bin/cilium-certgen",
      "supplier": "NOASSERTION",
      "versionInfo": "v0.9.1"
    },
    {
      "SPDXID": "SPDXRef-Package-go-module-gopkg.in-ini.v1-a71617c64d07463c",
      "copyrightText": "NOASSERTION",
      "downloadLocation": "NOASSERTION",
      "externalRefs": [
        {
          "referenceCategory": "PACKAGE-MANAGER",
          "referenceLocator": "pkg:golang/gopkg.in/ini.v1@v1.67.0",
          "referenceType": "purl"
        }
      ],
      "filesAnalyzed": false,
      "licenseConcluded": "NOASSERTION",
      "licenseDeclared": "NOASSERTION",
      "name": "gopkg.in/ini.v1",
      "sourceInfo": "acquired package info from go module information: /usr/bin/cilium-certgen",
      "supplier": "NOASSERTION",
      "versionInfo": "v1.67.0"
    },
    {
      "SPDXID": "SPDXRef-Package-go-module-gopkg.in-yaml.v2-d92fe84329f5c7ce",
      "copyrightText": "NOASSERTION",
      "downloadLocation": "NOASSERTION",
      "externalRefs": [
        {
          "referenceCategory": "PACKAGE-MANAGER",
          "referenceLocator": "pkg:golang/gopkg.in/yaml.v2@v2.4.0",
          "referenceType": "purl"
        }
      ],
      "filesAnalyzed": false,
      "licenseConcluded": "NOASSERTION",
      "licenseDeclared": "NOASSERTION",
      "name": "gopkg.in/yaml.v2",
      "sourceInfo": "acquired package info from go module information: /usr/bin/cilium-certgen",
      "supplier": "NOASSERTION",
      "versionInfo": "v2.4.0"
    },
    {
      "SPDXID": "SPDXRef-Package-go-module-gopkg.in-yaml.v3-a1ef611fce7fc193",
      "copyrightText": "NOASSERTION",
      "downloadLocation": "NOASSERTION",
      "externalRefs": [
        {
          "referenceCategory": "PACKAGE-MANAGER",
          "referenceLocator": "pkg:golang/gopkg.in/yaml.v3@v3.0.1",
          "referenceType": "purl"
        }
      ],
      "filesAnalyzed": false,
      "licenseConcluded": "NOASSERTION",
      "licenseDeclared": "NOASSERTION",
      "name": "gopkg.in/yaml.v3",
      "sourceInfo": "acquired package info from go module information: /usr/bin/cilium-certgen",
      "supplier": "NOASSERTION",
      "versionInfo": "v3.0.1"
    },
    {
      "SPDXID": "SPDXRef-Package-go-module-k8s.io-api-4614945dc25d9075",
      "copyrightText": "NOASSERTION",
      "downloadLocation": "NOASSERTION",
      "externalRefs": [
        {
          "referenceCategory": "PACKAGE-MANAGER",
          "referenceLocator": "pkg:golang/k8s.io/api@v0.29.3",
          "referenceType": "purl"
        }
      ],
      "filesAnalyzed": false,
      "licenseConcluded": "NOASSERTION",
      "licenseDeclared": "NOASSERTION",
      "name": "k8s.io/api",
      "sourceInfo": "acquired package info from go module information: /usr/bin/cilium-certgen",
      "supplier": "NOASSERTION",
      "versionInfo": "v0.29.3"
    },
    {
      "SPDXID": "SPDXRef-Package-go-module-k8s.io-apimachinery-ec04cfafe78c2c5b",
      "copyrightText": "NOASSERTION",
      "downloadLocation": "NOASSERTION",
      "externalRefs": [
        {
          "referenceCategory": "PACKAGE-MANAGER",
          "referenceLocator": "pkg:golang/k8s.io/apimachinery@v0.29.3",
          "referenceType": "purl"
        }
      ],
      "filesAnalyzed": false,
      "licenseConcluded": "NOASSERTION",
      "licenseDeclared": "NOASSERTION",
      "name": "k8s.io/apimachinery",
      "sourceInfo": "acquired package info from go module information: /usr/bin/cilium-certgen",
      "supplier": "NOASSERTION",
      "versionInfo": "v0.29.3"
    },
    {
      "SPDXID": "SPDXRef-Package-go-module-k8s.io-client-go-962249ab56f6bc41",
      "copyrightText": "NOASSERTION",
      "downloadLocation": "NOASSERTION",
      "externalRefs": [
        {
          "referenceCategory": "PACKAGE-MANAGER",
          "referenceLocator": "pkg:golang/k8s.io/client-go@v0.29.3",
          "referenceType": "purl"
        }
      ],
      "filesAnalyzed": false,
      "licenseConcluded": "NOASSERTION",
      "licenseDeclared": "NOASSERTION",
      "name": "k8s.io/client-go",
      "sourceInfo": "acquired package info from go module information: /usr/bin/cilium-certgen",
      "supplier": "NOASSERTION",
      "versionInfo": "v0.29.3"
    },
    {
      "SPDXID": "SPDXRef-Package-go-module-k8s.io-klog-v2-0c1484aa666705cd",
      "copyrightText": "NOASSERTION",
      "downloadLocation": "NOASSERTION",
      "externalRefs": [
        {
          "referenceCategory": "SECURITY",
          "referenceLocator": "cpe:2.3:a:klog:v2:v2.120.1:*:*:*:*:*:*:*",
          "referenceType": "cpe23Type"
        },
        {
          "referenceCategory": "PACKAGE-MANAGER",
          "referenceLocator": "pkg:golang/k8s.io/klog/v2@v2.120.1",
          "referenceType": "purl"
        }
      ],
      "filesAnalyzed": false,
      "licenseConcluded": "NOASSERTION",
      "licenseDeclared": "NOASSERTION",
      "name": "k8s.io/klog/v2",
      "sourceInfo": "acquired package info from go module information: /usr/bin/cilium-certgen",
      "supplier": "NOASSERTION",
      "versionInfo": "v2.120.1"
    },
    {
      "SPDXID": "SPDXRef-Package-go-module-k8s.io-kube-openapi-67be1bd7206257fe",
      "copyrightText": "NOASSERTION",
      "downloadLocation": "NOASSERTION",
      "externalRefs": [
        {
          "referenceCategory": "PACKAGE-MANAGER",
          "referenceLocator": "pkg:golang/k8s.io/kube-openapi@v0.0.0-20240403164606-bc84c2ddaf99",
          "referenceType": "purl"
        }
      ],
      "filesAnalyzed": false,
      "licenseConcluded": "NOASSERTION",
      "licenseDeclared": "NOASSERTION",
      "name": "k8s.io/kube-openapi",
      "sourceInfo": "acquired package info from go module information: /usr/bin/cilium-certgen",
      "supplier": "NOASSERTION",
      "versionInfo": "v0.0.0-20240403164606-bc84c2ddaf99"
    },
    {
      "SPDXID": "SPDXRef-Package-go-module-k8s.io-utils-6cf7625fad697328",
      "copyrightText": "NOASSERTION",
      "downloadLocation": "NOASSERTION",
      "externalRefs": [
        {
          "referenceCategory": "PACKAGE-MANAGER",
          "referenceLocator": "pkg:golang/k8s.io/utils@v0.0.0-20240310230437-4693a0247e57",
          "referenceType": "purl"
        }
      ],
      "filesAnalyzed": false,
      "licenseConcluded": "NOASSERTION",
      "licenseDeclared": "NOASSERTION",
      "name": "k8s.io/utils",
      "sourceInfo": "acquired package info from go module information: /usr/bin/cilium-certgen",
      "supplier": "NOASSERTION",
      "versionInfo": "v0.0.0-20240310230437-4693a0247e57"
    },
    {
      "SPDXID": "SPDXRef-Package-go-module-sigs.k8s.io-json-7cdc12d7c130172f",
      "copyrightText": "NOASSERTION",
      "downloadLocation": "NOASSERTION",
      "externalRefs": [
        {
          "referenceCategory": "PACKAGE-MANAGER",
          "referenceLocator": "pkg:golang/sigs.k8s.io/json@v0.0.0-20221116044647-bc3834ca7abd",
          "referenceType": "purl"
        }
      ],
      "filesAnalyzed": false,
      "licenseConcluded": "NOASSERTION",
      "licenseDeclared": "NOASSERTION",
      "name": "sigs.k8s.io/json",
      "sourceInfo": "acquired package info from go module information: /usr/bin/cilium-certgen",
      "supplier": "NOASSERTION",
      "versionInfo": "v0.0.0-20221116044647-bc3834ca7abd"
    },
    {
      "SPDXID": "SPDXRef-Package-go-module-sigs.k8s.io-structured-merge-diff-v4-119cd9b10ce25203",
      "copyrightText": "NOASSERTION",
      "downloadLocation": "NOASSERTION",
      "externalRefs": [
        {
          "referenceCategory": "SECURITY",
          "referenceLocator": "cpe:2.3:a:structured-merge-diff:v4:v4.4.1:*:*:*:*:*:*:*",
          "referenceType": "cpe23Type"
        },
        {
          "referenceCategory": "SECURITY",
          "referenceLocator": "cpe:2.3:a:structured_merge_diff:v4:v4.4.1:*:*:*:*:*:*:*",
          "referenceType": "cpe23Type"
        },
        {
          "referenceCategory": "SECURITY",
          "referenceLocator": "cpe:2.3:a:structured-merge:v4:v4.4.1:*:*:*:*:*:*:*",
          "referenceType": "cpe23Type"
        },
        {
          "referenceCategory": "SECURITY",
          "referenceLocator": "cpe:2.3:a:structured_merge:v4:v4.4.1:*:*:*:*:*:*:*",
          "referenceType": "cpe23Type"
        },
        {
          "referenceCategory": "SECURITY",
          "referenceLocator": "cpe:2.3:a:structured:v4:v4.4.1:*:*:*:*:*:*:*",
          "referenceType": "cpe23Type"
        },
        {
          "referenceCategory": "PACKAGE-MANAGER",
          "referenceLocator": "pkg:golang/sigs.k8s.io/structured-merge-diff/v4@v4.4.1",
          "referenceType": "purl"
        }
      ],
      "filesAnalyzed": false,
      "licenseConcluded": "NOASSERTION",
      "licenseDeclared": "NOASSERTION",
      "name": "sigs.k8s.io/structured-merge-diff/v4",
      "sourceInfo": "acquired package info from go module information: /usr/bin/cilium-certgen",
      "supplier": "NOASSERTION",
      "versionInfo": "v4.4.1"
    },
    {
      "SPDXID": "SPDXRef-Package-go-module-sigs.k8s.io-yaml-4e1990e65814fdd3",
      "copyrightText": "NOASSERTION",
      "downloadLocation": "NOASSERTION",
      "externalRefs": [
        {
          "referenceCategory": "PACKAGE-MANAGER",
          "referenceLocator": "pkg:golang/sigs.k8s.io/yaml@v1.4.0",
          "referenceType": "purl"
        }
      ],
      "filesAnalyzed": false,
      "licenseConcluded": "NOASSERTION",
      "licenseDeclared": "NOASSERTION",
      "name": "sigs.k8s.io/yaml",
      "sourceInfo": "acquired package info from go module information: /usr/bin/cilium-certgen",
      "supplier": "NOASSERTION",
      "versionInfo": "v1.4.0"
    },
    {
      "SPDXID": "SPDXRef-Package-go-module-stdlib-c0a5a5425f94c417",
      "copyrightText": "NOASSERTION",
      "downloadLocation": "NOASSERTION",
      "externalRefs": [
        {
          "referenceCategory": "SECURITY",
          "referenceLocator": "cpe:2.3:a:golang:go:1.22.2:-:*:*:*:*:*:*",
          "referenceType": "cpe23Type"
        },
        {
          "referenceCategory": "PACKAGE-MANAGER",
          "referenceLocator": "pkg:golang/stdlib@1.22.2",
          "referenceType": "purl"
        }
      ],
      "filesAnalyzed": false,
      "licenseConcluded": "NOASSERTION",
      "licenseDeclared": "BSD-3-Clause",
      "name": "stdlib",
      "sourceInfo": "acquired package info from go module information: /usr/bin/cilium-certgen",
      "supplier": "NOASSERTION",
      "versionInfo": "go1.22.2"
    },
    {
      "SPDXID": "SPDXRef-DocumentRoot-Image-rgcrprod.azurecr.us-rancher-mirrored-cilium-certgen",
      "checksums": [
        {
          "algorithm": "SHA256",
          "checksumValue": "629517623786c470de3cc8ea036169e8c84f343577099dba93a74921469bc83c"
        }
      ],
      "downloadLocation": "NOASSERTION",
      "externalRefs": [
        {
          "referenceCategory": "PACKAGE-MANAGER",
          "referenceLocator": "pkg:oci/rgcrprod.azurecr.us/rancher/mirrored-cilium-certgen@sha256:629517623786c470de3cc8ea036169e8c84f343577099dba93a74921469bc83c?arch=amd64",
          "referenceType": "purl"
        }
      ],
      "filesAnalyzed": false,
      "name": "rgcrprod.azurecr.us/rancher/mirrored-cilium-certgen",
      "primaryPackagePurpose": "CONTAINER",
      "supplier": "NOASSERTION",
      "versionInfo": "sha256:629517623786c470de3cc8ea036169e8c84f343577099dba93a74921469bc83c"
    }
  ],
  "relationships": [
    {
      "comment": "evident-by: indicates the package's existence is evident by the given file",
      "relatedSpdxElement": "SPDXRef-File-usr-bin-cilium-certgen-67bce9d266ac3c27",
      "relationshipType": "OTHER",
      "spdxElementId": "SPDXRef-Package-go-module-github.com-fsnotify-fsnotify-01c89375d9e298f0"
    },
    {
      "comment": "evident-by: indicates the package's existence is evident by the given file",
      "relatedSpdxElement": "SPDXRef-File-usr-bin-cilium-certgen-67bce9d266ac3c27",
      "relationshipType": "OTHER",
      "spdxElementId": "SPDXRef-Package-go-module-github.com-spf13-viper-07796a76ab9f52f6"
    },
    {
      "comment": "evident-by: indicates the package's existence is evident by the given file",
      "relatedSpdxElement": "SPDXRef-File-usr-bin-cilium-certgen-67bce9d266ac3c27",
      "relationshipType": "OTHER",
      "spdxElementId": "SPDXRef-Package-go-module-github.com-cloudflare-cfssl-0b875036e042bb5d"
    },
    {
      "comment": "evident-by: indicates the package's existence is evident by the given file",
      "relatedSpdxElement": "SPDXRef-File-usr-bin-cilium-certgen-67bce9d266ac3c27",
      "relationshipType": "OTHER",
      "spdxElementId": "SPDXRef-Package-go-module-k8s.io-klog-v2-0c1484aa666705cd"
    },
    {
      "comment": "evident-by: indicates the package's existence is evident by the given file",
      "relatedSpdxElement": "SPDXRef-File-usr-bin-cilium-certgen-67bce9d266ac3c27",
      "relationshipType": "OTHER",
      "spdxElementId": "SPDXRef-Package-go-module-golang.org-x-crypto-0e2a6acbc2822f63"
    },
    {
      "comment": "evident-by: indicates the package's existence is evident by the given file",
      "relatedSpdxElement": "SPDXRef-File-usr-bin-cilium-certgen-67bce9d266ac3c27",
      "relationshipType": "OTHER",
      "spdxElementId": "SPDXRef-Package-go-module-github.com-google-certificate-transparency-go-11091410b706100c"
    },
    {
      "comment": "evident-by: indicates the package's existence is evident by the given file",
      "relatedSpdxElement": "SPDXRef-File-usr-bin-cilium-certgen-67bce9d266ac3c27",
      "relationshipType": "OTHER",
      "spdxElementId": "SPDXRef-Package-go-module-sigs.k8s.io-structured-merge-diff-v4-119cd9b10ce25203"
    },
    {
      "comment": "evident-by: indicates the package's existence is evident by the given file",
      "relatedSpdxElement": "SPDXRef-File-usr-bin-cilium-certgen-67bce9d266ac3c27",
      "relationshipType": "OTHER",
      "spdxElementId": "SPDXRef-Package-go-module-github.com-subosito-gotenv-1566c9a613af2d42"
    },
    {
      "comment": "evident-by: indicates the package's existence is evident by the given file",
      "relatedSpdxElement": "SPDXRef-File-usr-bin-cilium-certgen-67bce9d266ac3c27",
      "relationshipType": "OTHER",
      "spdxElementId": "SPDXRef-Package-go-module-golang.org-x-net-184bae76a3a0897f"
    },
    {
      "comment": "evident-by: indicates the package's existence is evident by the given file",
      "relatedSpdxElement": "SPDXRef-File-usr-bin-cilium-certgen-67bce9d266ac3c27",
      "relationshipType": "OTHER",
      "spdxElementId": "SPDXRef-Package-go-module-github.com-emicklei-go-restful-v3-18b8b38779ac646d"
    },
    {
      "comment": "evident-by: indicates the package's existence is evident by the given file",
      "relatedSpdxElement": "SPDXRef-File-usr-bin-cilium-certgen-67bce9d266ac3c27",
      "relationshipType": "OTHER",
      "spdxElementId": "SPDXRef-Package-go-module-github.com-munnerz-goautoneg-1b5bd64c6f636351"
    },
    {
      "comment": "evident-by: indicates the package's existence is evident by the given file",
      "relatedSpdxElement": "SPDXRef-File-usr-bin-cilium-certgen-67bce9d266ac3c27",
      "relationshipType": "OTHER",
      "spdxElementId": "SPDXRef-Package-go-module-command-line-arguments-229d8b8e07b1e258"
    },
    {
      "comment": "evident-by: indicates the package's existence is evident by the given file",
      "relatedSpdxElement": "SPDXRef-File-usr-bin-cilium-certgen-67bce9d266ac3c27",
      "relationshipType": "OTHER",
      "spdxElementId": "SPDXRef-Package-go-module-github.com-weppos-publicsuffix-go-24b6e35256f67273"
    },
    {
      "comment": "evident-by: indicates the package's existence is evident by the given file",
      "relatedSpdxElement": "SPDXRef-File-usr-bin-cilium-certgen-67bce9d266ac3c27",
      "relationshipType": "OTHER",
      "spdxElementId": "SPDXRef-Package-go-module-github.com-magiconair-properties-2be6d0138ff1c316"
    },
    {
      "comment": "evident-by: indicates the package's existence is evident by the given file",
      "relatedSpdxElement": "SPDXRef-File-usr-bin-cilium-certgen-67bce9d266ac3c27",
      "relationshipType": "OTHER",
      "spdxElementId": "SPDXRef-Package-go-module-github.com-cilium-certgen-2fa328639b49b62a"
    },
    {
      "comment": "evident-by: indicates the package's existence is evident by the given file",
      "relatedSpdxElement": "SPDXRef-File-usr-bin-cilium-certgen-67bce9d266ac3c27",
      "relationshipType": "OTHER",
      "spdxElementId": "SPDXRef-Package-go-module-github.com-go-logr-logr-30d0f4a78654826e"
    },
    {
      "comment": "evident-by: indicates the package's existence is evident by the given file",
      "relatedSpdxElement": "SPDXRef-File-usr-bin-cilium-certgen-67bce9d266ac3c27",
      "relationshipType": "OTHER",
      "spdxElementId": "SPDXRef-Package-go-module-k8s.io-api-4614945dc25d9075"
    },
    {
      "comment": "evident-by: indicates the package's existence is evident by the given file",
      "relatedSpdxElement": "SPDXRef-File-usr-bin-cilium-certgen-67bce9d266ac3c27",
      "relationshipType": "OTHER",
      "spdxElementId": "SPDXRef-Package-go-module-github.com-json-iterator-go-4ccc3a3619495c25"
    },
    {
      "comment": "evident-by: indicates the package's existence is evident by the given file",
      "relatedSpdxElement": "SPDXRef-File-usr-bin-cilium-certgen-67bce9d266ac3c27",
      "relationshipType": "OTHER",
      "spdxElementId": "SPDXRef-Package-go-module-golang.org-x-oauth2-4d769dceb011787a"
    },
    {
      "comment": "evident-by: indicates the package's existence is evident by the given file",
      "relatedSpdxElement": "SPDXRef-File-usr-bin-cilium-certgen-67bce9d266ac3c27",
      "relationshipType": "OTHER",
      "spdxElementId": "SPDXRef-Package-go-module-sigs.k8s.io-yaml-4e1990e65814fdd3"
    },
    {
      "comment": "evident-by: indicates the package's existence is evident by the given file",
      "relatedSpdxElement": "SPDXRef-File-usr-bin-cilium-certgen-67bce9d266ac3c27",
      "relationshipType": "OTHER",
      "spdxElementId": "SPDXRef-Package-go-module-github.com-golang-protobuf-500231532a920da7"
    },
    {
      "comment": "evident-by: indicates the package's existence is evident by the given file",
      "relatedSpdxElement": "SPDXRef-File-usr-bin-cilium-certgen-67bce9d266ac3c27",
      "relationshipType": "OTHER",
      "spdxElementId": "SPDXRef-Package-go-module-github.com-go-openapi-jsonreference-52724e620fa2f53a"
    },
    {
      "comment": "evident-by: indicates the package's existence is evident by the given file",
      "relatedSpdxElement": "SPDXRef-File-usr-bin-cilium-certgen-67bce9d266ac3c27",
      "relationshipType": "OTHER",
      "spdxElementId": "SPDXRef-Package-go-module-github.com-josharian-intern-53f9098d1ffe0e89"
    },
    {
      "comment": "evident-by: indicates the package's existence is evident by the given file",
      "relatedSpdxElement": "SPDXRef-File-usr-bin-cilium-certgen-67bce9d266ac3c27",
      "relationshipType": "OTHER",
      "spdxElementId": "SPDXRef-Package-go-module-github.com-modern-go-concurrent-581e29ed56a95612"
    },
    {
      "comment": "evident-by: indicates the package's existence is evident by the given file",
      "relatedSpdxElement": "SPDXRef-File-usr-bin-cilium-certgen-67bce9d266ac3c27",
      "relationshipType": "OTHER",
      "spdxElementId": "SPDXRef-Package-go-module-github.com-google-uuid-5a3d5220c27f1423"
    },
    {
      "comment": "evident-by: indicates the package's existence is evident by the given file",
      "relatedSpdxElement": "SPDXRef-File-usr-bin-cilium-certgen-67bce9d266ac3c27",
      "relationshipType": "OTHER",
      "spdxElementId": "SPDXRef-Package-go-module-github.com-jmoiron-sqlx-5b2953d1c6179442"
    },
    {
      "comment": "evident-by: indicates the package's existence is evident by the given file",
      "relatedSpdxElement": "SPDXRef-File-usr-bin-cilium-certgen-67bce9d266ac3c27",
      "relationshipType": "OTHER",
      "spdxElementId": "SPDXRef-Package-go-module-github.com-hashicorp-hcl-5f592f3f287e5e67"
    },
    {
      "comment": "evident-by: indicates the package's existence is evident by the given file",
      "relatedSpdxElement": "SPDXRef-File-usr-bin-cilium-certgen-67bce9d266ac3c27",
      "relationshipType": "OTHER",
      "spdxElementId": "SPDXRef-Package-go-module-gopkg.in-inf.v0-62503d461680c728"
    },
    {
      "comment": "evident-by: indicates the package's existence is evident by the given file",
      "relatedSpdxElement": "SPDXRef-File-usr-bin-cilium-certgen-67bce9d266ac3c27",
      "relationshipType": "OTHER",
      "spdxElementId": "SPDXRef-Package-go-module-k8s.io-kube-openapi-67be1bd7206257fe"
    },
    {
      "comment": "evident-by: indicates the package's existence is evident by the given file",
      "relatedSpdxElement": "SPDXRef-File-usr-bin-cilium-certgen-67bce9d266ac3c27",
      "relationshipType": "OTHER",
      "spdxElementId": "SPDXRef-Package-go-module-k8s.io-utils-6cf7625fad697328"
    },
    {
      "comment": "evident-by: indicates the package's existence is evident by the given file",
      "relatedSpdxElement": "SPDXRef-File-usr-bin-cilium-certgen-67bce9d266ac3c27",
      "relationshipType": "OTHER",
      "spdxElementId": "SPDXRef-Package-go-module-github.com-spf13-cast-6d3858fe98c0bb12"
    },
    {
      "comment": "evident-by: indicates the package's existence is evident by the given file",
      "relatedSpdxElement": "SPDXRef-File-usr-bin-cilium-certgen-67bce9d266ac3c27",
      "relationshipType": "OTHER",
      "spdxElementId": "SPDXRef-Package-go-module-github.com-go-openapi-jsonpointer-70c3657fc0a20aa1"
    },
    {
      "comment": "evident-by: indicates the package's existence is evident by the given file",
      "relatedSpdxElement": "SPDXRef-File-usr-bin-cilium-certgen-67bce9d266ac3c27",
      "relationshipType": "OTHER",
      "spdxElementId": "SPDXRef-Package-go-module-google.golang.org-protobuf-7a0945d922ef36fe"
    },
    {
      "comment": "evident-by: indicates the package's existence is evident by the given file",
      "relatedSpdxElement": "SPDXRef-File-usr-bin-cilium-certgen-67bce9d266ac3c27",
      "relationshipType": "OTHER",
      "spdxElementId": "SPDXRef-Package-go-module-github.com-modern-go-reflect2-7a879272aef8c1d8"
    },
    {
      "comment": "evident-by: indicates the package's existence is evident by the given file",
      "relatedSpdxElement": "SPDXRef-File-usr-bin-cilium-certgen-67bce9d266ac3c27",
      "relationshipType": "OTHER",
      "spdxElementId": "SPDXRef-Package-go-module-github.com-pelletier-go-toml-7afd1d0d5b83563b"
    },
    {
      "comment": "evident-by: indicates the package's existence is evident by the given file",
      "relatedSpdxElement": "SPDXRef-File-usr-bin-cilium-certgen-67bce9d266ac3c27",
      "relationshipType": "OTHER",
      "spdxElementId": "SPDXRef-Package-go-module-sigs.k8s.io-json-7cdc12d7c130172f"
    },
    {
      "comment": "evident-by: indicates the package's existence is evident by the given file",
      "relatedSpdxElement": "SPDXRef-File-usr-bin-cilium-certgen-67bce9d266ac3c27",
      "relationshipType": "OTHER",
      "spdxElementId": "SPDXRef-Package-go-module-github.com-google-gofuzz-7eeee9f8ed38b1a1"
    },
    {
      "comment": "evident-by: indicates the package's existence is evident by the given file",
      "relatedSpdxElement": "SPDXRef-File-usr-bin-cilium-certgen-67bce9d266ac3c27",
      "relationshipType": "OTHER",
      "spdxElementId": "SPDXRef-Package-go-module-github.com-sirupsen-logrus-85c758572cf3384f"
    },
    {
      "comment": "evident-by: indicates the package's existence is evident by the given file",
      "relatedSpdxElement": "SPDXRef-File-usr-bin-cilium-certgen-67bce9d266ac3c27",
      "relationshipType": "OTHER",
      "spdxElementId": "SPDXRef-Package-go-module-github.com-davecgh-go-spew-8676075c2f1d9b5a"
    },
    {
      "comment": "evident-by: indicates the package's existence is evident by the given file",
      "relatedSpdxElement": "SPDXRef-File-usr-bin-cilium-certgen-67bce9d266ac3c27",
      "relationshipType": "OTHER",
      "spdxElementId": "SPDXRef-Package-go-module-github.com-imdario-mergo-894c1c78b6e084c9"
    },
    {
      "comment": "evident-by: indicates the package's existence is evident by the given file",
      "relatedSpdxElement": "SPDXRef-File-usr-bin-cilium-certgen-67bce9d266ac3c27",
      "relationshipType": "OTHER",
      "spdxElementId": "SPDXRef-Package-go-module-github.com-mitchellh-mapstructure-8d9e54153e149a7f"
    },
    {
      "comment": "evident-by: indicates the package's existence is evident by the given file",
      "relatedSpdxElement": "SPDXRef-File-usr-bin-cilium-certgen-67bce9d266ac3c27",
      "relationshipType": "OTHER",
      "spdxElementId": "SPDXRef-Package-go-module-github.com-sagikazarmark-slog-shim-8dfe1f3a34249264"
    },
    {
      "comment": "evident-by: indicates the package's existence is evident by the given file",
      "relatedSpdxElement": "SPDXRef-File-usr-bin-cilium-certgen-67bce9d266ac3c27",
      "relationshipType": "OTHER",
      "spdxElementId": "SPDXRef-Package-go-module-golang.org-x-sys-8efb66bcfef561a5"
    },
    {
      "comment": "evident-by: indicates the package's existence is evident by the given file",
      "relatedSpdxElement": "SPDXRef-File-usr-bin-cilium-certgen-67bce9d266ac3c27",
      "relationshipType": "OTHER",
      "spdxElementId": "SPDXRef-Package-go-module-k8s.io-client-go-962249ab56f6bc41"
    },
    {
      "comment": "evident-by: indicates the package's existence is evident by the given file",
      "relatedSpdxElement": "SPDXRef-File-usr-bin-cilium-certgen-67bce9d266ac3c27",
      "relationshipType": "OTHER",
      "spdxElementId": "SPDXRef-Package-go-module-golang.org-x-time-9a823da92646fb3f"
    },
    {
      "comment": "evident-by: indicates the package's existence is evident by the given file",
      "relatedSpdxElement": "SPDXRef-File-usr-bin-cilium-certgen-67bce9d266ac3c27",
      "relationshipType": "OTHER",
      "spdxElementId": "SPDXRef-Package-go-module-golang.org-x-text-a1c4297e1151f224"
    },
    {
      "comment": "evident-by: indicates the package's existence is evident by the given file",
      "relatedSpdxElement": "SPDXRef-File-usr-bin-cilium-certgen-67bce9d266ac3c27",
      "relationshipType": "OTHER",
      "spdxElementId": "SPDXRef-Package-go-module-gopkg.in-yaml.v3-a1ef611fce7fc193"
    },
    {
      "comment": "evident-by: indicates the package's existence is evident by the given file",
      "relatedSpdxElement": "SPDXRef-File-usr-bin-cilium-certgen-67bce9d266ac3c27",
      "relationshipType": "OTHER",
      "spdxElementId": "SPDXRef-Package-go-module-github.com-spf13-afero-a63bfbb32e313dc0"
    },
    {
      "comment": "evident-by: indicates the package's existence is evident by the given file",
      "relatedSpdxElement": "SPDXRef-File-usr-bin-cilium-certgen-67bce9d266ac3c27",
      "relationshipType": "OTHER",
      "spdxElementId": "SPDXRef-Package-go-module-gopkg.in-ini.v1-a71617c64d07463c"
    },
    {
      "comment": "evident-by: indicates the package's existence is evident by the given file",
      "relatedSpdxElement": "SPDXRef-File-usr-bin-cilium-certgen-67bce9d266ac3c27",
      "relationshipType": "OTHER",
      "spdxElementId": "SPDXRef-Package-go-module-github.com-spf13-cobra-ad22977051e802a0"
    },
    {
      "comment": "evident-by: indicates the package's existence is evident by the given file",
      "relatedSpdxElement": "SPDXRef-File-usr-bin-cilium-certgen-67bce9d266ac3c27",
      "relationshipType": "OTHER",
      "spdxElementId": "SPDXRef-Package-go-module-github.com-go-openapi-swag-afc4c3b12c25861c"
    },
    {
      "comment": "evident-by: indicates the package's existence is evident by the given file",
      "relatedSpdxElement": "SPDXRef-File-usr-bin-cilium-certgen-67bce9d266ac3c27",
      "relationshipType": "OTHER",
      "spdxElementId": "SPDXRef-Package-go-module-github.com-mailru-easyjson-b483ba8c4ff527c4"
    },
    {
      "comment": "evident-by: indicates the package's existence is evident by the given file",
      "relatedSpdxElement": "SPDXRef-File-usr-bin-cilium-certgen-67bce9d266ac3c27",
      "relationshipType": "OTHER",
      "spdxElementId": "SPDXRef-Package-go-module-stdlib-c0a5a5425f94c417"
    },
    {
      "comment": "evident-by: indicates the package's existence is evident by the given file",
      "relatedSpdxElement": "SPDXRef-File-usr-bin-cilium-certgen-67bce9d266ac3c27",
      "relationshipType": "OTHER",
      "spdxElementId": "SPDXRef-Package-go-module-github.com-gogo-protobuf-d0f341851ed0c44f"
    },
    {
      "comment": "evident-by: indicates the package's existence is evident by the given file",
      "relatedSpdxElement": "SPDXRef-File-usr-bin-cilium-certgen-67bce9d266ac3c27",
      "relationshipType": "OTHER",
      "spdxElementId": "SPDXRef-Package-go-module-gopkg.in-yaml.v2-d92fe84329f5c7ce"
    },
    {
      "comment": "evident-by: indicates the package's existence is evident by the given file",
      "relatedSpdxElement": "SPDXRef-File-usr-bin-cilium-certgen-67bce9d266ac3c27",
      "relationshipType": "OTHER",
      "spdxElementId": "SPDXRef-Package-go-module-github.com-zmap-zlint-v3-e4df0b8e2ea7a89d"
    },
    {
      "comment": "evident-by: indicates the package's existence is evident by the given file",
      "relatedSpdxElement": "SPDXRef-File-usr-bin-cilium-certgen-67bce9d266ac3c27",
      "relationshipType": "OTHER",
      "spdxElementId": "SPDXRef-Package-go-module-golang.org-x-term-e800e219a8bb0be5"
    },
    {
      "comment": "evident-by: indicates the package's existence is evident by the given file",
      "relatedSpdxElement": "SPDXRef-File-usr-bin-cilium-certgen-67bce9d266ac3c27",
      "relationshipType": "OTHER",
      "spdxElementId": "SPDXRef-Package-go-module-github.com-pelletier-go-toml-v2-ea79ba30c7de7a33"
    },
    {
      "comment": "evident-by: indicates the package's existence is evident by the given file",
      "relatedSpdxElement": "SPDXRef-File-usr-bin-cilium-certgen-67bce9d266ac3c27",
      "relationshipType": "OTHER",
      "spdxElementId": "SPDXRef-Package-go-module-k8s.io-apimachinery-ec04cfafe78c2c5b"
    },
    {
      "comment": "evident-by: indicates the package's existence is evident by the given file",
      "relatedSpdxElement": "SPDXRef-File-usr-bin-cilium-certgen-67bce9d266ac3c27",
      "relationshipType": "OTHER",
      "spdxElementId": "SPDXRef-Package-go-module-github.com-google-gnostic-models-f4e727995486a984"
    },
    {
      "comment": "evident-by: indicates the package's existence is evident by the given file",
      "relatedSpdxElement": "SPDXRef-File-usr-bin-cilium-certgen-67bce9d266ac3c27",
      "relationshipType": "OTHER",
      "spdxElementId": "SPDXRef-Package-go-module-github.com-spf13-pflag-fd2bb9482cac058a"
    },
    {
      "comment": "evident-by: indicates the package's existence is evident by the given file",
      "relatedSpdxElement": "SPDXRef-File-usr-bin-cilium-certgen-67bce9d266ac3c27",
      "relationshipType": "OTHER",
      "spdxElementId": "SPDXRef-Package-go-module-github.com-zmap-zcrypto-ffb544a8a90df368"
    },
    {
      "relatedSpdxElement": "SPDXRef-Package-go-module-command-line-arguments-229d8b8e07b1e258",
      "relationshipType": "CONTAINS",
      "spdxElementId": "SPDXRef-DocumentRoot-Image-rgcrprod.azurecr.us-rancher-mirrored-cilium-certgen"
    },
    {
      "relatedSpdxElement": "SPDXRef-Package-go-module-github.com-cilium-certgen-2fa328639b49b62a",
      "relationshipType": "CONTAINS",
      "spdxElementId": "SPDXRef-DocumentRoot-Image-rgcrprod.azurecr.us-rancher-mirrored-cilium-certgen"
    },
    {
      "relatedSpdxElement": "SPDXRef-Package-go-module-github.com-cloudflare-cfssl-0b875036e042bb5d",
      "relationshipType": "CONTAINS",
      "spdxElementId": "SPDXRef-DocumentRoot-Image-rgcrprod.azurecr.us-rancher-mirrored-cilium-certgen"
    },
    {
      "relatedSpdxElement": "SPDXRef-Package-go-module-github.com-davecgh-go-spew-8676075c2f1d9b5a",
      "relationshipType": "CONTAINS",
      "spdxElementId": "SPDXRef-DocumentRoot-Image-rgcrprod.azurecr.us-rancher-mirrored-cilium-certgen"
    },
    {
      "relatedSpdxElement": "SPDXRef-Package-go-module-github.com-emicklei-go-restful-v3-18b8b38779ac646d",
      "relationshipType": "CONTAINS",
      "spdxElementId": "SPDXRef-DocumentRoot-Image-rgcrprod.azurecr.us-rancher-mirrored-cilium-certgen"
    },
    {
      "relatedSpdxElement": "SPDXRef-Package-go-module-github.com-fsnotify-fsnotify-01c89375d9e298f0",
      "relationshipType": "CONTAINS",
      "spdxElementId": "SPDXRef-DocumentRoot-Image-rgcrprod.azurecr.us-rancher-mirrored-cilium-certgen"
    },
    {
      "relatedSpdxElement": "SPDXRef-Package-go-module-github.com-go-logr-logr-30d0f4a78654826e",
      "relationshipType": "CONTAINS",
      "spdxElementId": "SPDXRef-DocumentRoot-Image-rgcrprod.azurecr.us-rancher-mirrored-cilium-certgen"
    },
    {
      "relatedSpdxElement": "SPDXRef-Package-go-module-github.com-go-openapi-jsonpointer-70c3657fc0a20aa1",
      "relationshipType": "CONTAINS",
      "spdxElementId": "SPDXRef-DocumentRoot-Image-rgcrprod.azurecr.us-rancher-mirrored-cilium-certgen"
    },
    {
      "relatedSpdxElement": "SPDXRef-Package-go-module-github.com-go-openapi-jsonreference-52724e620fa2f53a",
      "relationshipType": "CONTAINS",
      "spdxElementId": "SPDXRef-DocumentRoot-Image-rgcrprod.azurecr.us-rancher-mirrored-cilium-certgen"
    },
    {
      "relatedSpdxElement": "SPDXRef-Package-go-module-github.com-go-openapi-swag-afc4c3b12c25861c",
      "relationshipType": "CONTAINS",
      "spdxElementId": "SPDXRef-DocumentRoot-Image-rgcrprod.azurecr.us-rancher-mirrored-cilium-certgen"
    },
    {
      "relatedSpdxElement": "SPDXRef-Package-go-module-github.com-gogo-protobuf-d0f341851ed0c44f",
      "relationshipType": "CONTAINS",
      "spdxElementId": "SPDXRef-DocumentRoot-Image-rgcrprod.azurecr.us-rancher-mirrored-cilium-certgen"
    },
    {
      "relatedSpdxElement": "SPDXRef-Package-go-module-github.com-golang-protobuf-500231532a920da7",
      "relationshipType": "CONTAINS",
      "spdxElementId": "SPDXRef-DocumentRoot-Image-rgcrprod.azurecr.us-rancher-mirrored-cilium-certgen"
    },
    {
      "relatedSpdxElement": "SPDXRef-Package-go-module-github.com-google-certificate-transparency-go-11091410b706100c",
      "relationshipType": "CONTAINS",
      "spdxElementId": "SPDXRef-DocumentRoot-Image-rgcrprod.azurecr.us-rancher-mirrored-cilium-certgen"
    },
    {
      "relatedSpdxElement": "SPDXRef-Package-go-module-github.com-google-gnostic-models-f4e727995486a984",
      "relationshipType": "CONTAINS",
      "spdxElementId": "SPDXRef-DocumentRoot-Image-rgcrprod.azurecr.us-rancher-mirrored-cilium-certgen"
    },
    {
      "relatedSpdxElement": "SPDXRef-Package-go-module-github.com-google-gofuzz-7eeee9f8ed38b1a1",
      "relationshipType": "CONTAINS",
      "spdxElementId": "SPDXRef-DocumentRoot-Image-rgcrprod.azurecr.us-rancher-mirrored-cilium-certgen"
    },
    {
      "relatedSpdxElement": "SPDXRef-Package-go-module-github.com-google-uuid-5a3d5220c27f1423",
      "relationshipType": "CONTAINS",
      "spdxElementId": "SPDXRef-DocumentRoot-Image-rgcrprod.azurecr.us-rancher-mirrored-cilium-certgen"
    },
    {
      "relatedSpdxElement": "SPDXRef-Package-go-module-github.com-hashicorp-hcl-5f592f3f287e5e67",
      "relationshipType": "CONTAINS",
      "spdxElementId": "SPDXRef-DocumentRoot-Image-rgcrprod.azurecr.us-rancher-mirrored-cilium-certgen"
    },
    {
      "relatedSpdxElement": "SPDXRef-Package-go-module-github.com-imdario-mergo-894c1c78b6e084c9",
      "relationshipType": "CONTAINS",
      "spdxElementId": "SPDXRef-DocumentRoot-Image-rgcrprod.azurecr.us-rancher-mirrored-cilium-certgen"
    },
    {
      "relatedSpdxElement": "SPDXRef-Package-go-module-github.com-jmoiron-sqlx-5b2953d1c6179442",
      "relationshipType": "CONTAINS",
      "spdxElementId": "SPDXRef-DocumentRoot-Image-rgcrprod.azurecr.us-rancher-mirrored-cilium-certgen"
    },
    {
      "relatedSpdxElement": "SPDXRef-Package-go-module-github.com-josharian-intern-53f9098d1ffe0e89",
      "relationshipType": "CONTAINS",
      "spdxElementId": "SPDXRef-DocumentRoot-Image-rgcrprod.azurecr.us-rancher-mirrored-cilium-certgen"
    },
    {
      "relatedSpdxElement": "SPDXRef-Package-go-module-github.com-json-iterator-go-4ccc3a3619495c25",
      "relationshipType": "CONTAINS",
      "spdxElementId": "SPDXRef-DocumentRoot-Image-rgcrprod.azurecr.us-rancher-mirrored-cilium-certgen"
    },
    {
      "relatedSpdxElement": "SPDXRef-Package-go-module-github.com-magiconair-properties-2be6d0138ff1c316",
      "relationshipType": "CONTAINS",
      "spdxElementId": "SPDXRef-DocumentRoot-Image-rgcrprod.azurecr.us-rancher-mirrored-cilium-certgen"
    },
    {
      "relatedSpdxElement": "SPDXRef-Package-go-module-github.com-mailru-easyjson-b483ba8c4ff527c4",
      "relationshipType": "CONTAINS",
      "spdxElementId": "SPDXRef-DocumentRoot-Image-rgcrprod.azurecr.us-rancher-mirrored-cilium-certgen"
    },
    {
      "relatedSpdxElement": "SPDXRef-Package-go-module-github.com-mitchellh-mapstructure-8d9e54153e149a7f",
      "relationshipType": "CONTAINS",
      "spdxElementId": "SPDXRef-DocumentRoot-Image-rgcrprod.azurecr.us-rancher-mirrored-cilium-certgen"
    },
    {
      "relatedSpdxElement": "SPDXRef-Package-go-module-github.com-modern-go-concurrent-581e29ed56a95612",
      "relationshipType": "CONTAINS",
      "spdxElementId": "SPDXRef-DocumentRoot-Image-rgcrprod.azurecr.us-rancher-mirrored-cilium-certgen"
    },
    {
      "relatedSpdxElement": "SPDXRef-Package-go-module-github.com-modern-go-reflect2-7a879272aef8c1d8",
      "relationshipType": "CONTAINS",
      "spdxElementId": "SPDXRef-DocumentRoot-Image-rgcrprod.azurecr.us-rancher-mirrored-cilium-certgen"
    },
    {
      "relatedSpdxElement": "SPDXRef-Package-go-module-github.com-munnerz-goautoneg-1b5bd64c6f636351",
      "relationshipType": "CONTAINS",
      "spdxElementId": "SPDXRef-DocumentRoot-Image-rgcrprod.azurecr.us-rancher-mirrored-cilium-certgen"
    },
    {
      "relatedSpdxElement": "SPDXRef-Package-go-module-github.com-pelletier-go-toml-7afd1d0d5b83563b",
      "relationshipType": "CONTAINS",
      "spdxElementId": "SPDXRef-DocumentRoot-Image-rgcrprod.azurecr.us-rancher-mirrored-cilium-certgen"
    },
    {
      "relatedSpdxElement": "SPDXRef-Package-go-module-github.com-pelletier-go-toml-v2-ea79ba30c7de7a33",
      "relationshipType": "CONTAINS",
      "spdxElementId": "SPDXRef-DocumentRoot-Image-rgcrprod.azurecr.us-rancher-mirrored-cilium-certgen"
    },
    {
      "relatedSpdxElement": "SPDXRef-Package-go-module-github.com-sagikazarmark-slog-shim-8dfe1f3a34249264",
      "relationshipType": "CONTAINS",
      "spdxElementId": "SPDXRef-DocumentRoot-Image-rgcrprod.azurecr.us-rancher-mirrored-cilium-certgen"
    },
    {
      "relatedSpdxElement": "SPDXRef-Package-go-module-github.com-sirupsen-logrus-85c758572cf3384f",
      "relationshipType": "CONTAINS",
      "spdxElementId": "SPDXRef-DocumentRoot-Image-rgcrprod.azurecr.us-rancher-mirrored-cilium-certgen"
    },
    {
      "relatedSpdxElement": "SPDXRef-Package-go-module-github.com-spf13-afero-a63bfbb32e313dc0",
      "relationshipType": "CONTAINS",
      "spdxElementId": "SPDXRef-DocumentRoot-Image-rgcrprod.azurecr.us-rancher-mirrored-cilium-certgen"
    },
    {
      "relatedSpdxElement": "SPDXRef-Package-go-module-github.com-spf13-cast-6d3858fe98c0bb12",
      "relationshipType": "CONTAINS",
      "spdxElementId": "SPDXRef-DocumentRoot-Image-rgcrprod.azurecr.us-rancher-mirrored-cilium-certgen"
    },
    {
      "relatedSpdxElement": "SPDXRef-Package-go-module-github.com-spf13-cobra-ad22977051e802a0",
      "relationshipType": "CONTAINS",
      "spdxElementId": "SPDXRef-DocumentRoot-Image-rgcrprod.azurecr.us-rancher-mirrored-cilium-certgen"
    },
    {
      "relatedSpdxElement": "SPDXRef-Package-go-module-github.com-spf13-pflag-fd2bb9482cac058a",
      "relationshipType": "CONTAINS",
      "spdxElementId": "SPDXRef-DocumentRoot-Image-rgcrprod.azurecr.us-rancher-mirrored-cilium-certgen"
    },
    {
      "relatedSpdxElement": "SPDXRef-Package-go-module-github.com-spf13-viper-07796a76ab9f52f6",
      "relationshipType": "CONTAINS",
      "spdxElementId": "SPDXRef-DocumentRoot-Image-rgcrprod.azurecr.us-rancher-mirrored-cilium-certgen"
    },
    {
      "relatedSpdxElement": "SPDXRef-Package-go-module-github.com-subosito-gotenv-1566c9a613af2d42",
      "relationshipType": "CONTAINS",
      "spdxElementId": "SPDXRef-DocumentRoot-Image-rgcrprod.azurecr.us-rancher-mirrored-cilium-certgen"
    },
    {
      "relatedSpdxElement": "SPDXRef-Package-go-module-github.com-weppos-publicsuffix-go-24b6e35256f67273",
      "relationshipType": "CONTAINS",
      "spdxElementId": "SPDXRef-DocumentRoot-Image-rgcrprod.azurecr.us-rancher-mirrored-cilium-certgen"
    },
    {
      "relatedSpdxElement": "SPDXRef-Package-go-module-github.com-zmap-zcrypto-ffb544a8a90df368",
      "relationshipType": "CONTAINS",
      "spdxElementId": "SPDXRef-DocumentRoot-Image-rgcrprod.azurecr.us-rancher-mirrored-cilium-certgen"
    },
    {
      "relatedSpdxElement": "SPDXRef-Package-go-module-github.com-zmap-zlint-v3-e4df0b8e2ea7a89d",
      "relationshipType": "CONTAINS",
      "spdxElementId": "SPDXRef-DocumentRoot-Image-rgcrprod.azurecr.us-rancher-mirrored-cilium-certgen"
    },
    {
      "relatedSpdxElement": "SPDXRef-Package-go-module-golang.org-x-crypto-0e2a6acbc2822f63",
      "relationshipType": "CONTAINS",
      "spdxElementId": "SPDXRef-DocumentRoot-Image-rgcrprod.azurecr.us-rancher-mirrored-cilium-certgen"
    },
    {
      "relatedSpdxElement": "SPDXRef-Package-go-module-golang.org-x-net-184bae76a3a0897f",
      "relationshipType": "CONTAINS",
      "spdxElementId": "SPDXRef-DocumentRoot-Image-rgcrprod.azurecr.us-rancher-mirrored-cilium-certgen"
    },
    {
      "relatedSpdxElement": "SPDXRef-Package-go-module-golang.org-x-oauth2-4d769dceb011787a",
      "relationshipType": "CONTAINS",
      "spdxElementId": "SPDXRef-DocumentRoot-Image-rgcrprod.azurecr.us-rancher-mirrored-cilium-certgen"
    },
    {
      "relatedSpdxElement": "SPDXRef-Package-go-module-golang.org-x-sys-8efb66bcfef561a5",
      "relationshipType": "CONTAINS",
      "spdxElementId": "SPDXRef-DocumentRoot-Image-rgcrprod.azurecr.us-rancher-mirrored-cilium-certgen"
    },
    {
      "relatedSpdxElement": "SPDXRef-Package-go-module-golang.org-x-term-e800e219a8bb0be5",
      "relationshipType": "CONTAINS",
      "spdxElementId": "SPDXRef-DocumentRoot-Image-rgcrprod.azurecr.us-rancher-mirrored-cilium-certgen"
    },
    {
      "relatedSpdxElement": "SPDXRef-Package-go-module-golang.org-x-text-a1c4297e1151f224",
      "relationshipType": "CONTAINS",
      "spdxElementId": "SPDXRef-DocumentRoot-Image-rgcrprod.azurecr.us-rancher-mirrored-cilium-certgen"
    },
    {
      "relatedSpdxElement": "SPDXRef-Package-go-module-golang.org-x-time-9a823da92646fb3f",
      "relationshipType": "CONTAINS",
      "spdxElementId": "SPDXRef-DocumentRoot-Image-rgcrprod.azurecr.us-rancher-mirrored-cilium-certgen"
    },
    {
      "relatedSpdxElement": "SPDXRef-Package-go-module-google.golang.org-protobuf-7a0945d922ef36fe",
      "relationshipType": "CONTAINS",
      "spdxElementId": "SPDXRef-DocumentRoot-Image-rgcrprod.azurecr.us-rancher-mirrored-cilium-certgen"
    },
    {
      "relatedSpdxElement": "SPDXRef-Package-go-module-gopkg.in-inf.v0-62503d461680c728",
      "relationshipType": "CONTAINS",
      "spdxElementId": "SPDXRef-DocumentRoot-Image-rgcrprod.azurecr.us-rancher-mirrored-cilium-certgen"
    },
    {
      "relatedSpdxElement": "SPDXRef-Package-go-module-gopkg.in-ini.v1-a71617c64d07463c",
      "relationshipType": "CONTAINS",
      "spdxElementId": "SPDXRef-DocumentRoot-Image-rgcrprod.azurecr.us-rancher-mirrored-cilium-certgen"
    },
    {
      "relatedSpdxElement": "SPDXRef-Package-go-module-gopkg.in-yaml.v2-d92fe84329f5c7ce",
      "relationshipType": "CONTAINS",
      "spdxElementId": "SPDXRef-DocumentRoot-Image-rgcrprod.azurecr.us-rancher-mirrored-cilium-certgen"
    },
    {
      "relatedSpdxElement": "SPDXRef-Package-go-module-gopkg.in-yaml.v3-a1ef611fce7fc193",
      "relationshipType": "CONTAINS",
      "spdxElementId": "SPDXRef-DocumentRoot-Image-rgcrprod.azurecr.us-rancher-mirrored-cilium-certgen"
    },
    {
      "relatedSpdxElement": "SPDXRef-Package-go-module-k8s.io-api-4614945dc25d9075",
      "relationshipType": "CONTAINS",
      "spdxElementId": "SPDXRef-DocumentRoot-Image-rgcrprod.azurecr.us-rancher-mirrored-cilium-certgen"
    },
    {
      "relatedSpdxElement": "SPDXRef-Package-go-module-k8s.io-apimachinery-ec04cfafe78c2c5b",
      "relationshipType": "CONTAINS",
      "spdxElementId": "SPDXRef-DocumentRoot-Image-rgcrprod.azurecr.us-rancher-mirrored-cilium-certgen"
    },
    {
      "relatedSpdxElement": "SPDXRef-Package-go-module-k8s.io-client-go-962249ab56f6bc41",
      "relationshipType": "CONTAINS",
      "spdxElementId": "SPDXRef-DocumentRoot-Image-rgcrprod.azurecr.us-rancher-mirrored-cilium-certgen"
    },
    {
      "relatedSpdxElement": "SPDXRef-Package-go-module-k8s.io-klog-v2-0c1484aa666705cd",
      "relationshipType": "CONTAINS",
      "spdxElementId": "SPDXRef-DocumentRoot-Image-rgcrprod.azurecr.us-rancher-mirrored-cilium-certgen"
    },
    {
      "relatedSpdxElement": "SPDXRef-Package-go-module-k8s.io-kube-openapi-67be1bd7206257fe",
      "relationshipType": "CONTAINS",
      "spdxElementId": "SPDXRef-DocumentRoot-Image-rgcrprod.azurecr.us-rancher-mirrored-cilium-certgen"
    },
    {
      "relatedSpdxElement": "SPDXRef-Package-go-module-k8s.io-utils-6cf7625fad697328",
      "relationshipType": "CONTAINS",
      "spdxElementId": "SPDXRef-DocumentRoot-Image-rgcrprod.azurecr.us-rancher-mirrored-cilium-certgen"
    },
    {
      "relatedSpdxElement": "SPDXRef-Package-go-module-sigs.k8s.io-json-7cdc12d7c130172f",
      "relationshipType": "CONTAINS",
      "spdxElementId": "SPDXRef-DocumentRoot-Image-rgcrprod.azurecr.us-rancher-mirrored-cilium-certgen"
    },
    {
      "relatedSpdxElement": "SPDXRef-Package-go-module-sigs.k8s.io-structured-merge-diff-v4-119cd9b10ce25203",
      "relationshipType": "CONTAINS",
      "spdxElementId": "SPDXRef-DocumentRoot-Image-rgcrprod.azurecr.us-rancher-mirrored-cilium-certgen"
    },
    {
      "relatedSpdxElement": "SPDXRef-Package-go-module-sigs.k8s.io-yaml-4e1990e65814fdd3",
      "relationshipType": "CONTAINS",
      "spdxElementId": "SPDXRef-DocumentRoot-Image-rgcrprod.azurecr.us-rancher-mirrored-cilium-certgen"
    },
    {
      "relatedSpdxElement": "SPDXRef-Package-go-module-stdlib-c0a5a5425f94c417",
      "relationshipType": "CONTAINS",
      "spdxElementId": "SPDXRef-DocumentRoot-Image-rgcrprod.azurecr.us-rancher-mirrored-cilium-certgen"
    },
    {
      "relatedSpdxElement": "SPDXRef-DocumentRoot-Image-rgcrprod.azurecr.us-rancher-mirrored-cilium-certgen",
      "relationshipType": "DESCRIBES",
      "spdxElementId": "SPDXRef-DOCUMENT"
    }
  ],
  "spdxVersion": "SPDX-2.3"
}
