{
  "SPDXID": "SPDXRef-DOCUMENT",
  "creationInfo": {
    "created": "2024-04-04T12:13:25Z",
    "creators": [
      "Organization: Anchore, Inc",
      "Tool: syft-0.103.1"
    ],
    "licenseListVersion": "3.22"
  },
  "dataLicense": "CC0-1.0",
  "documentNamespace": "https://anchore.com/syft/image/rgcrprod.azurecr.us/rancher/mirrored-calico-pod2daemon-flexvol-981e4f82-ccd6-4a88-aab8-7a695459aff7",
  "files": [
    {
      "SPDXID": "SPDXRef-File-bin-bash-20cba488f0c57851",
      "checksums": [
        {
          "algorithm": "SHA1",
          "checksumValue": "0000000000000000000000000000000000000000"
        }
      ],
      "comment": "layerID: sha256:ab80c5caf35c5657d3c150d09afcb8b300b409d3fa1ab57d474cdc6cea940945",
      "copyrightText": "",
      "fileName": "/bin/bash",
      "licenseConcluded": "NOASSERTION"
    },
    {
      "SPDXID": "SPDXRef-File-usr-bin-bash-8697b11164b503b8",
      "checksums": [
        {
          "algorithm": "SHA1",
          "checksumValue": "0000000000000000000000000000000000000000"
        }
      ],
      "comment": "layerID: sha256:5fa4f72972aa7672e0afcea80456d3ac0fee1c06e975f584b916f112158aad6a",
      "copyrightText": "",
      "fileName": "/usr/bin/bash",
      "licenseConcluded": "NOASSERTION"
    },
    {
      "SPDXID": "SPDXRef-File-usr-local-bin-flexvol-06d3eaa9b75e0729",
      "checksums": [
        {
          "algorithm": "SHA1",
          "checksumValue": "0000000000000000000000000000000000000000"
        }
      ],
      "comment": "layerID: sha256:546f34d84dd6185f6b985a03ecd9da5e2f1a52d6b384ea55805ed74dae3bf02c",
      "copyrightText": "",
      "fileName": "/usr/local/bin/flexvol",
      "licenseConcluded": "NOASSERTION"
    }
  ],
  "name": "rgcrprod.azurecr.us/rancher/mirrored-calico-pod2daemon-flexvol",
  "packages": [
    {
      "SPDXID": "SPDXRef-Package-binary-bash-db9422fd4358c793",
      "copyrightText": "NOASSERTION",
      "downloadLocation": "NOASSERTION",
      "externalRefs": [
        {
          "referenceCategory": "SECURITY",
          "referenceLocator": "cpe:2.3:a:gnu:bash:4.4.20:*:*:*:*:*:*:*",
          "referenceType": "cpe23Type"
        },
        {
          "referenceCategory": "SECURITY",
          "referenceLocator": "cpe:2.3:a:bash:bash:4.4.20:*:*:*:*:*:*:*",
          "referenceType": "cpe23Type"
        },
        {
          "referenceCategory": "PACKAGE-MANAGER",
          "referenceLocator": "pkg:generic/bash@4.4.20",
          "referenceType": "purl"
        }
      ],
      "filesAnalyzed": false,
      "licenseConcluded": "NOASSERTION",
      "licenseDeclared": "NOASSERTION",
      "name": "bash",
      "sourceInfo": "acquired package info from the following paths: /bin/bash, /usr/bin/bash",
      "supplier": "NOASSERTION",
      "versionInfo": "4.4.20"
    },
    {
      "SPDXID": "SPDXRef-Package-go-module-command-line-arguments-2c407d8af99c4ec0",
      "copyrightText": "NOASSERTION",
      "downloadLocation": "NOASSERTION",
      "externalRefs": [
        {
          "referenceCategory": "PACKAGE-MANAGER",
          "referenceLocator": "pkg:golang/command-line-arguments@(devel)",
          "referenceType": "purl"
        }
      ],
      "filesAnalyzed": false,
      "licenseConcluded": "NOASSERTION",
      "licenseDeclared": "NOASSERTION",
      "name": "command-line-arguments",
      "sourceInfo": "acquired package info from go module information: /usr/local/bin/flexvol",
      "supplier": "NOASSERTION",
      "versionInfo": "(devel)"
    },
    {
      "SPDXID": "SPDXRef-Package-go-module-github.com-projectcalico-calico-76d43857fbc93ccd",
      "copyrightText": "NOASSERTION",
      "downloadLocation": "NOASSERTION",
      "externalRefs": [
        {
          "referenceCategory": "SECURITY",
          "referenceLocator": "cpe:2.3:a:projectcalico:calico:\\(devel\\):*:*:*:*:*:*:*",
          "referenceType": "cpe23Type"
        },
        {
          "referenceCategory": "PACKAGE-MANAGER",
          "referenceLocator": "pkg:golang/github.com/projectcalico/calico@(devel)",
          "referenceType": "purl"
        }
      ],
      "filesAnalyzed": false,
      "licenseConcluded": "NOASSERTION",
      "licenseDeclared": "NOASSERTION",
      "name": "github.com/projectcalico/calico",
      "sourceInfo": "acquired package info from go module information: /usr/local/bin/flexvol",
      "supplier": "NOASSERTION",
      "versionInfo": "(devel)"
    },
    {
      "SPDXID": "SPDXRef-Package-go-module-github.com-spf13-cobra-4e0b6b9b1aea1551",
      "checksums": [
        {
          "algorithm": "SHA256",
          "checksumValue": "eda25a671d41f39aa5b4b31ce78eb39f9f01c717d9751fd6db67a3f4216811fd"
        }
      ],
      "copyrightText": "NOASSERTION",
      "downloadLocation": "NOASSERTION",
      "externalRefs": [
        {
          "referenceCategory": "SECURITY",
          "referenceLocator": "cpe:2.3:a:spf13:cobra:v1.8.0:*:*:*:*:*:*:*",
          "referenceType": "cpe23Type"
        },
        {
          "referenceCategory": "PACKAGE-MANAGER",
          "referenceLocator": "pkg:golang/github.com/spf13/cobra@v1.8.0",
          "referenceType": "purl"
        }
      ],
      "filesAnalyzed": false,
      "licenseConcluded": "NOASSERTION",
      "licenseDeclared": "NOASSERTION",
      "name": "github.com/spf13/cobra",
      "sourceInfo": "acquired package info from go module information: /usr/local/bin/flexvol",
      "supplier": "NOASSERTION",
      "versionInfo": "v1.8.0"
    },
    {
      "SPDXID": "SPDXRef-Package-go-module-github.com-spf13-pflag-6a28d54213ee7642",
      "checksums": [
        {
          "algorithm": "SHA256",
          "checksumValue": "8b2f951543823f56bef3216da3f76b836089e6ed3246807b7d9c370cabff2570"
        }
      ],
      "copyrightText": "NOASSERTION",
      "downloadLocation": "NOASSERTION",
      "externalRefs": [
        {
          "referenceCategory": "SECURITY",
          "referenceLocator": "cpe:2.3:a:spf13:pflag:v1.0.5:*:*:*:*:*:*:*",
          "referenceType": "cpe23Type"
        },
        {
          "referenceCategory": "PACKAGE-MANAGER",
          "referenceLocator": "pkg:golang/github.com/spf13/pflag@v1.0.5",
          "referenceType": "purl"
        }
      ],
      "filesAnalyzed": false,
      "licenseConcluded": "NOASSERTION",
      "licenseDeclared": "NOASSERTION",
      "name": "github.com/spf13/pflag",
      "sourceInfo": "acquired package info from go module information: /usr/local/bin/flexvol",
      "supplier": "NOASSERTION",
      "versionInfo": "v1.0.5"
    },
    {
      "SPDXID": "SPDXRef-Package-go-module-stdlib-cdff16081b23214f",
      "copyrightText": "NOASSERTION",
      "downloadLocation": "NOASSERTION",
      "externalRefs": [
        {
          "referenceCategory": "SECURITY",
          "referenceLocator": "cpe:2.3:a:golang:go:1.21.8:-:*:*:*:*:*:*",
          "referenceType": "cpe23Type"
        },
        {
          "referenceCategory": "PACKAGE-MANAGER",
          "referenceLocator": "pkg:golang/stdlib@1.21.8",
          "referenceType": "purl"
        }
      ],
      "filesAnalyzed": false,
      "licenseConcluded": "NOASSERTION",
      "licenseDeclared": "BSD-3-Clause",
      "name": "stdlib",
      "sourceInfo": "acquired package info from go module information: /usr/local/bin/flexvol",
      "supplier": "NOASSERTION",
      "versionInfo": "go1.21.8"
    },
    {
      "SPDXID": "SPDXRef-DocumentRoot-Image-rgcrprod.azurecr.us-rancher-mirrored-calico-pod2daemon-flexvol",
      "checksums": [
        {
          "algorithm": "SHA256",
          "checksumValue": "11d8669101324f08cfd5d889dafb9e23265c2782f61e161225b8ce2b92a0efd5"
        }
      ],
      "downloadLocation": "NOASSERTION",
      "externalRefs": [
        {
          "referenceCategory": "PACKAGE-MANAGER",
          "referenceLocator": "pkg:oci/rgcrprod.azurecr.us/rancher/mirrored-calico-pod2daemon-flexvol@sha256:11d8669101324f08cfd5d889dafb9e23265c2782f61e161225b8ce2b92a0efd5?arch=amd64",
          "referenceType": "purl"
        }
      ],
      "filesAnalyzed": false,
      "name": "rgcrprod.azurecr.us/rancher/mirrored-calico-pod2daemon-flexvol",
      "primaryPackagePurpose": "CONTAINER",
      "supplier": "NOASSERTION",
      "versionInfo": "sha256:11d8669101324f08cfd5d889dafb9e23265c2782f61e161225b8ce2b92a0efd5"
    }
  ],
  "relationships": [
    {
      "comment": "evident-by: indicates the package's existence is evident by the given file",
      "relatedSpdxElement": "SPDXRef-File-usr-local-bin-flexvol-06d3eaa9b75e0729",
      "relationshipType": "OTHER",
      "spdxElementId": "SPDXRef-Package-go-module-command-line-arguments-2c407d8af99c4ec0"
    },
    {
      "comment": "evident-by: indicates the package's existence is evident by the given file",
      "relatedSpdxElement": "SPDXRef-File-usr-local-bin-flexvol-06d3eaa9b75e0729",
      "relationshipType": "OTHER",
      "spdxElementId": "SPDXRef-Package-go-module-github.com-spf13-cobra-4e0b6b9b1aea1551"
    },
    {
      "comment": "evident-by: indicates the package's existence is evident by the given file",
      "relatedSpdxElement": "SPDXRef-File-usr-local-bin-flexvol-06d3eaa9b75e0729",
      "relationshipType": "OTHER",
      "spdxElementId": "SPDXRef-Package-go-module-github.com-spf13-pflag-6a28d54213ee7642"
    },
    {
      "comment": "evident-by: indicates the package's existence is evident by the given file",
      "relatedSpdxElement": "SPDXRef-File-usr-local-bin-flexvol-06d3eaa9b75e0729",
      "relationshipType": "OTHER",
      "spdxElementId": "SPDXRef-Package-go-module-github.com-projectcalico-calico-76d43857fbc93ccd"
    },
    {
      "comment": "evident-by: indicates the package's existence is evident by the given file",
      "relatedSpdxElement": "SPDXRef-File-usr-local-bin-flexvol-06d3eaa9b75e0729",
      "relationshipType": "OTHER",
      "spdxElementId": "SPDXRef-Package-go-module-stdlib-cdff16081b23214f"
    },
    {
      "comment": "evident-by: indicates the package's existence is evident by the given file",
      "relatedSpdxElement": "SPDXRef-File-bin-bash-20cba488f0c57851",
      "relationshipType": "OTHER",
      "spdxElementId": "SPDXRef-Package-binary-bash-db9422fd4358c793"
    },
    {
      "comment": "evident-by: indicates the package's existence is evident by the given file",
      "relatedSpdxElement": "SPDXRef-File-usr-bin-bash-8697b11164b503b8",
      "relationshipType": "OTHER",
      "spdxElementId": "SPDXRef-Package-binary-bash-db9422fd4358c793"
    },
    {
      "relatedSpdxElement": "SPDXRef-Package-binary-bash-db9422fd4358c793",
      "relationshipType": "CONTAINS",
      "spdxElementId": "SPDXRef-DocumentRoot-Image-rgcrprod.azurecr.us-rancher-mirrored-calico-pod2daemon-flexvol"
    },
    {
      "relatedSpdxElement": "SPDXRef-Package-go-module-command-line-arguments-2c407d8af99c4ec0",
      "relationshipType": "CONTAINS",
      "spdxElementId": "SPDXRef-DocumentRoot-Image-rgcrprod.azurecr.us-rancher-mirrored-calico-pod2daemon-flexvol"
    },
    {
      "relatedSpdxElement": "SPDXRef-Package-go-module-github.com-projectcalico-calico-76d43857fbc93ccd",
      "relationshipType": "CONTAINS",
      "spdxElementId": "SPDXRef-DocumentRoot-Image-rgcrprod.azurecr.us-rancher-mirrored-calico-pod2daemon-flexvol"
    },
    {
      "relatedSpdxElement": "SPDXRef-Package-go-module-github.com-spf13-cobra-4e0b6b9b1aea1551",
      "relationshipType": "CONTAINS",
      "spdxElementId": "SPDXRef-DocumentRoot-Image-rgcrprod.azurecr.us-rancher-mirrored-calico-pod2daemon-flexvol"
    },
    {
      "relatedSpdxElement": "SPDXRef-Package-go-module-github.com-spf13-pflag-6a28d54213ee7642",
      "relationshipType": "CONTAINS",
      "spdxElementId": "SPDXRef-DocumentRoot-Image-rgcrprod.azurecr.us-rancher-mirrored-calico-pod2daemon-flexvol"
    },
    {
      "relatedSpdxElement": "SPDXRef-Package-go-module-stdlib-cdff16081b23214f",
      "relationshipType": "CONTAINS",
      "spdxElementId": "SPDXRef-DocumentRoot-Image-rgcrprod.azurecr.us-rancher-mirrored-calico-pod2daemon-flexvol"
    },
    {
      "relatedSpdxElement": "SPDXRef-DocumentRoot-Image-rgcrprod.azurecr.us-rancher-mirrored-calico-pod2daemon-flexvol",
      "relationshipType": "DESCRIBES",
      "spdxElementId": "SPDXRef-DOCUMENT"
    }
  ],
  "spdxVersion": "SPDX-2.3"
}
