{
 "SPDXID": "SPDXRef-DOCUMENT",
 "name": "rgcrprod.azurecr.us/rancher/mirrored-longhornio-csi-resizer-v1.2.0",
 "spdxVersion": "SPDX-2.2",
 "creationInfo": {
  "created": "2023-05-15T00:58:21.688744713Z",
  "creators": [
   "Organization: Anchore, Inc",
   "Tool: syft-0.53.4"
  ],
  "licenseListVersion": "3.17"
 },
 "dataLicense": "CC0-1.0",
 "documentNamespace": "https://anchore.com/syft/image/rgcrprod.azurecr.us/rancher/mirrored-longhornio-csi-resizer-v1.2.0-c8e323d3-56b4-470f-9079-76fe33932dbe",
 "packages": [
  {
   "SPDXID": "SPDXRef-aa6507139cb4b460",
   "name": "base-files",
   "licenseConcluded": "NOASSERTION",
   "downloadLocation": "NOASSERTION",
   "externalRefs": [
    {
     "referenceCategory": "SECURITY",
     "referenceLocator": "cpe:2.3:a:base-files:base-files:10.3\\+deb10u9:*:*:*:*:*:*:*",
     "referenceType": "cpe23Type"
    },
    {
     "referenceCategory": "SECURITY",
     "referenceLocator": "cpe:2.3:a:base-files:base_files:10.3\\+deb10u9:*:*:*:*:*:*:*",
     "referenceType": "cpe23Type"
    },
    {
     "referenceCategory": "SECURITY",
     "referenceLocator": "cpe:2.3:a:base_files:base-files:10.3\\+deb10u9:*:*:*:*:*:*:*",
     "referenceType": "cpe23Type"
    },
    {
     "referenceCategory": "SECURITY",
     "referenceLocator": "cpe:2.3:a:base_files:base_files:10.3\\+deb10u9:*:*:*:*:*:*:*",
     "referenceType": "cpe23Type"
    },
    {
     "referenceCategory": "SECURITY",
     "referenceLocator": "cpe:2.3:a:base:base-files:10.3\\+deb10u9:*:*:*:*:*:*:*",
     "referenceType": "cpe23Type"
    },
    {
     "referenceCategory": "SECURITY",
     "referenceLocator": "cpe:2.3:a:base:base_files:10.3\\+deb10u9:*:*:*:*:*:*:*",
     "referenceType": "cpe23Type"
    },
    {
     "referenceCategory": "PACKAGE_MANAGER",
     "referenceLocator": "pkg:deb/debian/base-files@10.3+deb10u9?arch=amd64&distro=debian-10",
     "referenceType": "purl"
    }
   ],
   "filesAnalyzed": false,
   "licenseDeclared": "NOASSERTION",
   "originator": "Person: Santiago Vila <sanvila@debian.org>",
   "sourceInfo": "acquired package info from DPKG DB: /usr/share/doc/base-files/copyright, /var/lib/dpkg/status.d/base",
   "versionInfo": "10.3+deb10u9"
  },
  {
   "SPDXID": "SPDXRef-2e97dc4f426ed010",
   "name": "github.com/beorn7/perks",
   "licenseConcluded": "NONE",
   "downloadLocation": "NOASSERTION",
   "externalRefs": [
    {
     "referenceCategory": "SECURITY",
     "referenceLocator": "cpe:2.3:a:beorn7:perks:v1.0.1:*:*:*:*:*:*:*",
     "referenceType": "cpe23Type"
    },
    {
     "referenceCategory": "PACKAGE_MANAGER",
     "referenceLocator": "pkg:golang/github.com/beorn7/perks@v1.0.1",
     "referenceType": "purl"
    }
   ],
   "filesAnalyzed": false,
   "licenseDeclared": "NONE",
   "sourceInfo": "acquired package info from go module information: /csi-resizer",
   "versionInfo": "v1.0.1"
  },
  {
   "SPDXID": "SPDXRef-9ae5a88c88105de",
   "name": "github.com/blang/semver",
   "licenseConcluded": "NONE",
   "downloadLocation": "NOASSERTION",
   "externalRefs": [
    {
     "referenceCategory": "SECURITY",
     "referenceLocator": "cpe:2.3:a:blang:semver:v3.5.1\\+incompatible:*:*:*:*:*:*:*",
     "referenceType": "cpe23Type"
    },
    {
     "referenceCategory": "PACKAGE_MANAGER",
     "referenceLocator": "pkg:golang/github.com/blang/semver@v3.5.1+incompatible",
     "referenceType": "purl"
    }
   ],
   "filesAnalyzed": false,
   "licenseDeclared": "NONE",
   "sourceInfo": "acquired package info from go module information: /csi-resizer",
   "versionInfo": "v3.5.1+incompatible"
  },
  {
   "SPDXID": "SPDXRef-5e3616815ec31a5",
   "name": "github.com/cespare/xxhash/v2",
   "licenseConcluded": "NONE",
   "downloadLocation": "NOASSERTION",
   "externalRefs": [
    {
     "referenceCategory": "SECURITY",
     "referenceLocator": "cpe:2.3:a:cespare:xxhash\\/v2:v2.1.1:*:*:*:*:*:*:*",
     "referenceType": "cpe23Type"
    },
    {
     "referenceCategory": "PACKAGE_MANAGER",
     "referenceLocator": "pkg:golang/github.com/cespare/xxhash/v2@v2.1.1",
     "referenceType": "purl"
    }
   ],
   "filesAnalyzed": false,
   "licenseDeclared": "NONE",
   "sourceInfo": "acquired package info from go module information: /csi-resizer",
   "versionInfo": "v2.1.1"
  },
  {
   "SPDXID": "SPDXRef-cf773f4dc1bfbce1",
   "name": "github.com/container-storage-interface/spec",
   "licenseConcluded": "NONE",
   "downloadLocation": "NOASSERTION",
   "externalRefs": [
    {
     "referenceCategory": "SECURITY",
     "referenceLocator": "cpe:2.3:a:container-storage-interface:spec:v1.4.0:*:*:*:*:*:*:*",
     "referenceType": "cpe23Type"
    },
    {
     "referenceCategory": "SECURITY",
     "referenceLocator": "cpe:2.3:a:container_storage_interface:spec:v1.4.0:*:*:*:*:*:*:*",
     "referenceType": "cpe23Type"
    },
    {
     "referenceCategory": "SECURITY",
     "referenceLocator": "cpe:2.3:a:container-storage:spec:v1.4.0:*:*:*:*:*:*:*",
     "referenceType": "cpe23Type"
    },
    {
     "referenceCategory": "SECURITY",
     "referenceLocator": "cpe:2.3:a:container_storage:spec:v1.4.0:*:*:*:*:*:*:*",
     "referenceType": "cpe23Type"
    },
    {
     "referenceCategory": "SECURITY",
     "referenceLocator": "cpe:2.3:a:container:spec:v1.4.0:*:*:*:*:*:*:*",
     "referenceType": "cpe23Type"
    },
    {
     "referenceCategory": "PACKAGE_MANAGER",
     "referenceLocator": "pkg:golang/github.com/container-storage-interface/spec@v1.4.0",
     "referenceType": "purl"
    }
   ],
   "filesAnalyzed": false,
   "licenseDeclared": "NONE",
   "sourceInfo": "acquired package info from go module information: /csi-resizer",
   "versionInfo": "v1.4.0"
  },
  {
   "SPDXID": "SPDXRef-aca4b2b0d8384971",
   "name": "github.com/davecgh/go-spew",
   "licenseConcluded": "NONE",
   "downloadLocation": "NOASSERTION",
   "externalRefs": [
    {
     "referenceCategory": "SECURITY",
     "referenceLocator": "cpe:2.3:a:davecgh:go-spew:v1.1.1:*:*:*:*:*:*:*",
     "referenceType": "cpe23Type"
    },
    {
     "referenceCategory": "SECURITY",
     "referenceLocator": "cpe:2.3:a:davecgh:go_spew:v1.1.1:*:*:*:*:*:*:*",
     "referenceType": "cpe23Type"
    },
    {
     "referenceCategory": "PACKAGE_MANAGER",
     "referenceLocator": "pkg:golang/github.com/davecgh/go-spew@v1.1.1",
     "referenceType": "purl"
    }
   ],
   "filesAnalyzed": false,
   "licenseDeclared": "NONE",
   "sourceInfo": "acquired package info from go module information: /csi-resizer",
   "versionInfo": "v1.1.1"
  },
  {
   "SPDXID": "SPDXRef-48a36cda59d72867",
   "name": "github.com/go-logr/logr",
   "licenseConcluded": "NONE",
   "downloadLocation": "NOASSERTION",
   "externalRefs": [
    {
     "referenceCategory": "SECURITY",
     "referenceLocator": "cpe:2.3:a:go-logr:logr:v0.4.0:*:*:*:*:*:*:*",
     "referenceType": "cpe23Type"
    },
    {
     "referenceCategory": "SECURITY",
     "referenceLocator": "cpe:2.3:a:go_logr:logr:v0.4.0:*:*:*:*:*:*:*",
     "referenceType": "cpe23Type"
    },
    {
     "referenceCategory": "SECURITY",
     "referenceLocator": "cpe:2.3:a:go:logr:v0.4.0:*:*:*:*:*:*:*",
     "referenceType": "cpe23Type"
    },
    {
     "referenceCategory": "PACKAGE_MANAGER",
     "referenceLocator": "pkg:golang/github.com/go-logr/logr@v0.4.0",
     "referenceType": "purl"
    }
   ],
   "filesAnalyzed": false,
   "licenseDeclared": "NONE",
   "sourceInfo": "acquired package info from go module information: /csi-resizer",
   "versionInfo": "v0.4.0"
  },
  {
   "SPDXID": "SPDXRef-92df64409d59c1e0",
   "name": "github.com/gogo/protobuf",
   "licenseConcluded": "NONE",
   "downloadLocation": "NOASSERTION",
   "externalRefs": [
    {
     "referenceCategory": "SECURITY",
     "referenceLocator": "cpe:2.3:a:gogo:protobuf:v1.3.2:*:*:*:*:*:*:*",
     "referenceType": "cpe23Type"
    },
    {
     "referenceCategory": "PACKAGE_MANAGER",
     "referenceLocator": "pkg:golang/github.com/gogo/protobuf@v1.3.2",
     "referenceType": "purl"
    }
   ],
   "filesAnalyzed": false,
   "licenseDeclared": "NONE",
   "sourceInfo": "acquired package info from go module information: /csi-resizer",
   "versionInfo": "v1.3.2"
  },
  {
   "SPDXID": "SPDXRef-5272fad832a5ef34",
   "name": "github.com/golang/groupcache",
   "licenseConcluded": "NONE",
   "downloadLocation": "NOASSERTION",
   "externalRefs": [
    {
     "referenceCategory": "SECURITY",
     "referenceLocator": "cpe:2.3:a:golang:groupcache:v0.0.0-20200121045136-8c9f03a8e57e:*:*:*:*:*:*:*",
     "referenceType": "cpe23Type"
    },
    {
     "referenceCategory": "PACKAGE_MANAGER",
     "referenceLocator": "pkg:golang/github.com/golang/groupcache@v0.0.0-20200121045136-8c9f03a8e57e",
     "referenceType": "purl"
    }
   ],
   "filesAnalyzed": false,
   "licenseDeclared": "NONE",
   "sourceInfo": "acquired package info from go module information: /csi-resizer",
   "versionInfo": "v0.0.0-20200121045136-8c9f03a8e57e"
  },
  {
   "SPDXID": "SPDXRef-62310907c2242fa6",
   "name": "github.com/golang/protobuf",
   "licenseConcluded": "NONE",
   "downloadLocation": "NOASSERTION",
   "externalRefs": [
    {
     "referenceCategory": "SECURITY",
     "referenceLocator": "cpe:2.3:a:golang:protobuf:v1.5.1:*:*:*:*:*:*:*",
     "referenceType": "cpe23Type"
    },
    {
     "referenceCategory": "PACKAGE_MANAGER",
     "referenceLocator": "pkg:golang/github.com/golang/protobuf@v1.5.1",
     "referenceType": "purl"
    }
   ],
   "filesAnalyzed": false,
   "licenseDeclared": "NONE",
   "sourceInfo": "acquired package info from go module information: /csi-resizer",
   "versionInfo": "v1.5.1"
  },
  {
   "SPDXID": "SPDXRef-c920259b6385a735",
   "name": "github.com/google/go-cmp",
   "licenseConcluded": "NONE",
   "downloadLocation": "NOASSERTION",
   "externalRefs": [
    {
     "referenceCategory": "SECURITY",
     "referenceLocator": "cpe:2.3:a:google:go-cmp:v0.5.5:*:*:*:*:*:*:*",
     "referenceType": "cpe23Type"
    },
    {
     "referenceCategory": "SECURITY",
     "referenceLocator": "cpe:2.3:a:google:go_cmp:v0.5.5:*:*:*:*:*:*:*",
     "referenceType": "cpe23Type"
    },
    {
     "referenceCategory": "PACKAGE_MANAGER",
     "referenceLocator": "pkg:golang/github.com/google/go-cmp@v0.5.5",
     "referenceType": "purl"
    }
   ],
   "filesAnalyzed": false,
   "licenseDeclared": "NONE",
   "sourceInfo": "acquired package info from go module information: /csi-resizer",
   "versionInfo": "v0.5.5"
  },
  {
   "SPDXID": "SPDXRef-dd6359a331c07ce0",
   "name": "github.com/google/gofuzz",
   "licenseConcluded": "NONE",
   "downloadLocation": "NOASSERTION",
   "externalRefs": [
    {
     "referenceCategory": "SECURITY",
     "referenceLocator": "cpe:2.3:a:google:gofuzz:v1.2.0:*:*:*:*:*:*:*",
     "referenceType": "cpe23Type"
    },
    {
     "referenceCategory": "PACKAGE_MANAGER",
     "referenceLocator": "pkg:golang/github.com/google/gofuzz@v1.2.0",
     "referenceType": "purl"
    }
   ],
   "filesAnalyzed": false,
   "licenseDeclared": "NONE",
   "sourceInfo": "acquired package info from go module information: /csi-resizer",
   "versionInfo": "v1.2.0"
  },
  {
   "SPDXID": "SPDXRef-8bc2a69778168ecb",
   "name": "github.com/googleapis/gnostic",
   "licenseConcluded": "NONE",
   "downloadLocation": "NOASSERTION",
   "externalRefs": [
    {
     "referenceCategory": "SECURITY",
     "referenceLocator": "cpe:2.3:a:googleapis:gnostic:v0.5.4:*:*:*:*:*:*:*",
     "referenceType": "cpe23Type"
    },
    {
     "referenceCategory": "PACKAGE_MANAGER",
     "referenceLocator": "pkg:golang/github.com/googleapis/gnostic@v0.5.4",
     "referenceType": "purl"
    }
   ],
   "filesAnalyzed": false,
   "licenseDeclared": "NONE",
   "sourceInfo": "acquired package info from go module information: /csi-resizer",
   "versionInfo": "v0.5.4"
  },
  {
   "SPDXID": "SPDXRef-53346e8942acd088",
   "name": "github.com/hashicorp/golang-lru",
   "licenseConcluded": "NONE",
   "downloadLocation": "NOASSERTION",
   "externalRefs": [
    {
     "referenceCategory": "SECURITY",
     "referenceLocator": "cpe:2.3:a:hashicorp:golang-lru:v0.5.4:*:*:*:*:*:*:*",
     "referenceType": "cpe23Type"
    },
    {
     "referenceCategory": "SECURITY",
     "referenceLocator": "cpe:2.3:a:hashicorp:golang_lru:v0.5.4:*:*:*:*:*:*:*",
     "referenceType": "cpe23Type"
    },
    {
     "referenceCategory": "PACKAGE_MANAGER",
     "referenceLocator": "pkg:golang/github.com/hashicorp/golang-lru@v0.5.4",
     "referenceType": "purl"
    }
   ],
   "filesAnalyzed": false,
   "licenseDeclared": "NONE",
   "sourceInfo": "acquired package info from go module information: /csi-resizer",
   "versionInfo": "v0.5.4"
  },
  {
   "SPDXID": "SPDXRef-32b06dde4237bbc3",
   "name": "github.com/imdario/mergo",
   "licenseConcluded": "NONE",
   "downloadLocation": "NOASSERTION",
   "externalRefs": [
    {
     "referenceCategory": "SECURITY",
     "referenceLocator": "cpe:2.3:a:imdario:mergo:v0.3.12:*:*:*:*:*:*:*",
     "referenceType": "cpe23Type"
    },
    {
     "referenceCategory": "PACKAGE_MANAGER",
     "referenceLocator": "pkg:golang/github.com/imdario/mergo@v0.3.12",
     "referenceType": "purl"
    }
   ],
   "filesAnalyzed": false,
   "licenseDeclared": "NONE",
   "sourceInfo": "acquired package info from go module information: /csi-resizer",
   "versionInfo": "v0.3.12"
  },
  {
   "SPDXID": "SPDXRef-49a57920d4384dac",
   "name": "github.com/json-iterator/go",
   "licenseConcluded": "NONE",
   "downloadLocation": "NOASSERTION",
   "externalRefs": [
    {
     "referenceCategory": "SECURITY",
     "referenceLocator": "cpe:2.3:a:json-iterator:go:v1.1.10:*:*:*:*:*:*:*",
     "referenceType": "cpe23Type"
    },
    {
     "referenceCategory": "SECURITY",
     "referenceLocator": "cpe:2.3:a:json_iterator:go:v1.1.10:*:*:*:*:*:*:*",
     "referenceType": "cpe23Type"
    },
    {
     "referenceCategory": "SECURITY",
     "referenceLocator": "cpe:2.3:a:json:go:v1.1.10:*:*:*:*:*:*:*",
     "referenceType": "cpe23Type"
    },
    {
     "referenceCategory": "PACKAGE_MANAGER",
     "referenceLocator": "pkg:golang/github.com/json-iterator/go@v1.1.10",
     "referenceType": "purl"
    }
   ],
   "filesAnalyzed": false,
   "licenseDeclared": "NONE",
   "sourceInfo": "acquired package info from go module information: /csi-resizer",
   "versionInfo": "v1.1.10"
  },
  {
   "SPDXID": "SPDXRef-322ec252150e4006",
   "name": "github.com/kubernetes-csi/csi-lib-utils",
   "licenseConcluded": "NONE",
   "downloadLocation": "NOASSERTION",
   "externalRefs": [
    {
     "referenceCategory": "SECURITY",
     "referenceLocator": "cpe:2.3:a:kubernetes-csi:csi-lib-utils:v0.9.1:*:*:*:*:*:*:*",
     "referenceType": "cpe23Type"
    },
    {
     "referenceCategory": "SECURITY",
     "referenceLocator": "cpe:2.3:a:kubernetes-csi:csi_lib_utils:v0.9.1:*:*:*:*:*:*:*",
     "referenceType": "cpe23Type"
    },
    {
     "referenceCategory": "SECURITY",
     "referenceLocator": "cpe:2.3:a:kubernetes_csi:csi-lib-utils:v0.9.1:*:*:*:*:*:*:*",
     "referenceType": "cpe23Type"
    },
    {
     "referenceCategory": "SECURITY",
     "referenceLocator": "cpe:2.3:a:kubernetes_csi:csi_lib_utils:v0.9.1:*:*:*:*:*:*:*",
     "referenceType": "cpe23Type"
    },
    {
     "referenceCategory": "SECURITY",
     "referenceLocator": "cpe:2.3:a:kubernetes:csi-lib-utils:v0.9.1:*:*:*:*:*:*:*",
     "referenceType": "cpe23Type"
    },
    {
     "referenceCategory": "SECURITY",
     "referenceLocator": "cpe:2.3:a:kubernetes:csi_lib_utils:v0.9.1:*:*:*:*:*:*:*",
     "referenceType": "cpe23Type"
    },
    {
     "referenceCategory": "PACKAGE_MANAGER",
     "referenceLocator": "pkg:golang/github.com/kubernetes-csi/csi-lib-utils@v0.9.1",
     "referenceType": "purl"
    }
   ],
   "filesAnalyzed": false,
   "licenseDeclared": "NONE",
   "sourceInfo": "acquired package info from go module information: /csi-resizer",
   "versionInfo": "v0.9.1"
  },
  {
   "SPDXID": "SPDXRef-a60fbd054fd6a91d",
   "name": "github.com/kubernetes-csi/external-resizer",
   "licenseConcluded": "NONE",
   "downloadLocation": "NOASSERTION",
   "externalRefs": [
    {
     "referenceCategory": "SECURITY",
     "referenceLocator": "cpe:2.3:a:kubernetes-csi:external-resizer:\\(devel\\):*:*:*:*:*:*:*",
     "referenceType": "cpe23Type"
    },
    {
     "referenceCategory": "SECURITY",
     "referenceLocator": "cpe:2.3:a:kubernetes-csi:external_resizer:\\(devel\\):*:*:*:*:*:*:*",
     "referenceType": "cpe23Type"
    },
    {
     "referenceCategory": "SECURITY",
     "referenceLocator": "cpe:2.3:a:kubernetes_csi:external-resizer:\\(devel\\):*:*:*:*:*:*:*",
     "referenceType": "cpe23Type"
    },
    {
     "referenceCategory": "SECURITY",
     "referenceLocator": "cpe:2.3:a:kubernetes_csi:external_resizer:\\(devel\\):*:*:*:*:*:*:*",
     "referenceType": "cpe23Type"
    },
    {
     "referenceCategory": "SECURITY",
     "referenceLocator": "cpe:2.3:a:kubernetes:external-resizer:\\(devel\\):*:*:*:*:*:*:*",
     "referenceType": "cpe23Type"
    },
    {
     "referenceCategory": "SECURITY",
     "referenceLocator": "cpe:2.3:a:kubernetes:external_resizer:\\(devel\\):*:*:*:*:*:*:*",
     "referenceType": "cpe23Type"
    },
    {
     "referenceCategory": "PACKAGE_MANAGER",
     "referenceLocator": "pkg:golang/github.com/kubernetes-csi/external-resizer@(devel)",
     "referenceType": "purl"
    }
   ],
   "filesAnalyzed": false,
   "licenseDeclared": "NONE",
   "sourceInfo": "acquired package info from go module information: /csi-resizer",
   "versionInfo": "(devel)"
  },
  {
   "SPDXID": "SPDXRef-45c8a817ef20eaed",
   "name": "github.com/matttproud/golang_protobuf_extensions",
   "licenseConcluded": "NONE",
   "downloadLocation": "NOASSERTION",
   "externalRefs": [
    {
     "referenceCategory": "SECURITY",
     "referenceLocator": "cpe:2.3:a:matttproud:golang-protobuf-extensions:v1.0.2-0.20181231171920-c182affec369:*:*:*:*:*:*:*",
     "referenceType": "cpe23Type"
    },
    {
     "referenceCategory": "SECURITY",
     "referenceLocator": "cpe:2.3:a:matttproud:golang_protobuf_extensions:v1.0.2-0.20181231171920-c182affec369:*:*:*:*:*:*:*",
     "referenceType": "cpe23Type"
    },
    {
     "referenceCategory": "PACKAGE_MANAGER",
     "referenceLocator": "pkg:golang/github.com/matttproud/golang_protobuf_extensions@v1.0.2-0.20181231171920-c182affec369",
     "referenceType": "purl"
    }
   ],
   "filesAnalyzed": false,
   "licenseDeclared": "NONE",
   "sourceInfo": "acquired package info from go module information: /csi-resizer",
   "versionInfo": "v1.0.2-0.20181231171920-c182affec369"
  },
  {
   "SPDXID": "SPDXRef-2bf059b181472fd7",
   "name": "github.com/modern-go/concurrent",
   "licenseConcluded": "NONE",
   "downloadLocation": "NOASSERTION",
   "externalRefs": [
    {
     "referenceCategory": "SECURITY",
     "referenceLocator": "cpe:2.3:a:modern-go:concurrent:v0.0.0-20180306012644-bacd9c7ef1dd:*:*:*:*:*:*:*",
     "referenceType": "cpe23Type"
    },
    {
     "referenceCategory": "SECURITY",
     "referenceLocator": "cpe:2.3:a:modern_go:concurrent:v0.0.0-20180306012644-bacd9c7ef1dd:*:*:*:*:*:*:*",
     "referenceType": "cpe23Type"
    },
    {
     "referenceCategory": "SECURITY",
     "referenceLocator": "cpe:2.3:a:modern:concurrent:v0.0.0-20180306012644-bacd9c7ef1dd:*:*:*:*:*:*:*",
     "referenceType": "cpe23Type"
    },
    {
     "referenceCategory": "PACKAGE_MANAGER",
     "referenceLocator": "pkg:golang/github.com/modern-go/concurrent@v0.0.0-20180306012644-bacd9c7ef1dd",
     "referenceType": "purl"
    }
   ],
   "filesAnalyzed": false,
   "licenseDeclared": "NONE",
   "sourceInfo": "acquired package info from go module information: /csi-resizer",
   "versionInfo": "v0.0.0-20180306012644-bacd9c7ef1dd"
  },
  {
   "SPDXID": "SPDXRef-d1b7dc5cb07f8cd6",
   "name": "github.com/modern-go/reflect2",
   "licenseConcluded": "NONE",
   "downloadLocation": "NOASSERTION",
   "externalRefs": [
    {
     "referenceCategory": "SECURITY",
     "referenceLocator": "cpe:2.3:a:modern-go:reflect2:v1.0.1:*:*:*:*:*:*:*",
     "referenceType": "cpe23Type"
    },
    {
     "referenceCategory": "SECURITY",
     "referenceLocator": "cpe:2.3:a:modern_go:reflect2:v1.0.1:*:*:*:*:*:*:*",
     "referenceType": "cpe23Type"
    },
    {
     "referenceCategory": "SECURITY",
     "referenceLocator": "cpe:2.3:a:modern:reflect2:v1.0.1:*:*:*:*:*:*:*",
     "referenceType": "cpe23Type"
    },
    {
     "referenceCategory": "PACKAGE_MANAGER",
     "referenceLocator": "pkg:golang/github.com/modern-go/reflect2@v1.0.1",
     "referenceType": "purl"
    }
   ],
   "filesAnalyzed": false,
   "licenseDeclared": "NONE",
   "sourceInfo": "acquired package info from go module information: /csi-resizer",
   "versionInfo": "v1.0.1"
  },
  {
   "SPDXID": "SPDXRef-33ff6add5e9f5aa4",
   "name": "github.com/prometheus/client_golang",
   "licenseConcluded": "NONE",
   "downloadLocation": "NOASSERTION",
   "externalRefs": [
    {
     "referenceCategory": "SECURITY",
     "referenceLocator": "cpe:2.3:a:prometheus:client-golang:v1.9.0:*:*:*:*:*:*:*",
     "referenceType": "cpe23Type"
    },
    {
     "referenceCategory": "SECURITY",
     "referenceLocator": "cpe:2.3:a:prometheus:client_golang:v1.9.0:*:*:*:*:*:*:*",
     "referenceType": "cpe23Type"
    },
    {
     "referenceCategory": "PACKAGE_MANAGER",
     "referenceLocator": "pkg:golang/github.com/prometheus/client_golang@v1.9.0",
     "referenceType": "purl"
    }
   ],
   "filesAnalyzed": false,
   "licenseDeclared": "NONE",
   "sourceInfo": "acquired package info from go module information: /csi-resizer",
   "versionInfo": "v1.9.0"
  },
  {
   "SPDXID": "SPDXRef-c417c3ff24561aa8",
   "name": "github.com/prometheus/client_model",
   "licenseConcluded": "NONE",
   "downloadLocation": "NOASSERTION",
   "externalRefs": [
    {
     "referenceCategory": "SECURITY",
     "referenceLocator": "cpe:2.3:a:prometheus:client-model:v0.2.0:*:*:*:*:*:*:*",
     "referenceType": "cpe23Type"
    },
    {
     "referenceCategory": "SECURITY",
     "referenceLocator": "cpe:2.3:a:prometheus:client_model:v0.2.0:*:*:*:*:*:*:*",
     "referenceType": "cpe23Type"
    },
    {
     "referenceCategory": "PACKAGE_MANAGER",
     "referenceLocator": "pkg:golang/github.com/prometheus/client_model@v0.2.0",
     "referenceType": "purl"
    }
   ],
   "filesAnalyzed": false,
   "licenseDeclared": "NONE",
   "sourceInfo": "acquired package info from go module information: /csi-resizer",
   "versionInfo": "v0.2.0"
  },
  {
   "SPDXID": "SPDXRef-c153e8c3eae18d96",
   "name": "github.com/prometheus/common",
   "licenseConcluded": "NONE",
   "downloadLocation": "NOASSERTION",
   "externalRefs": [
    {
     "referenceCategory": "SECURITY",
     "referenceLocator": "cpe:2.3:a:prometheus:common:v0.19.0:*:*:*:*:*:*:*",
     "referenceType": "cpe23Type"
    },
    {
     "referenceCategory": "PACKAGE_MANAGER",
     "referenceLocator": "pkg:golang/github.com/prometheus/common@v0.19.0",
     "referenceType": "purl"
    }
   ],
   "filesAnalyzed": false,
   "licenseDeclared": "NONE",
   "sourceInfo": "acquired package info from go module information: /csi-resizer",
   "versionInfo": "v0.19.0"
  },
  {
   "SPDXID": "SPDXRef-71086f0e5a53e75f",
   "name": "github.com/prometheus/procfs",
   "licenseConcluded": "NONE",
   "downloadLocation": "NOASSERTION",
   "externalRefs": [
    {
     "referenceCategory": "SECURITY",
     "referenceLocator": "cpe:2.3:a:prometheus:procfs:v0.6.0:*:*:*:*:*:*:*",
     "referenceType": "cpe23Type"
    },
    {
     "referenceCategory": "PACKAGE_MANAGER",
     "referenceLocator": "pkg:golang/github.com/prometheus/procfs@v0.6.0",
     "referenceType": "purl"
    }
   ],
   "filesAnalyzed": false,
   "licenseDeclared": "NONE",
   "sourceInfo": "acquired package info from go module information: /csi-resizer",
   "versionInfo": "v0.6.0"
  },
  {
   "SPDXID": "SPDXRef-ea9668ab66bd7b66",
   "name": "github.com/spf13/pflag",
   "licenseConcluded": "NONE",
   "downloadLocation": "NOASSERTION",
   "externalRefs": [
    {
     "referenceCategory": "SECURITY",
     "referenceLocator": "cpe:2.3:a:spf13:pflag:v1.0.5:*:*:*:*:*:*:*",
     "referenceType": "cpe23Type"
    },
    {
     "referenceCategory": "PACKAGE_MANAGER",
     "referenceLocator": "pkg:golang/github.com/spf13/pflag@v1.0.5",
     "referenceType": "purl"
    }
   ],
   "filesAnalyzed": false,
   "licenseDeclared": "NONE",
   "sourceInfo": "acquired package info from go module information: /csi-resizer",
   "versionInfo": "v1.0.5"
  },
  {
   "SPDXID": "SPDXRef-d6738ce4a47416ee",
   "name": "golang.org/x/net",
   "licenseConcluded": "NONE",
   "downloadLocation": "NOASSERTION",
   "externalRefs": [
    {
     "referenceCategory": "SECURITY",
     "referenceLocator": "cpe:2.3:a:golang:x\\/net:v0.0.0-20210316092652-d523dce5a7f4:*:*:*:*:*:*:*",
     "referenceType": "cpe23Type"
    },
    {
     "referenceCategory": "PACKAGE_MANAGER",
     "referenceLocator": "pkg:golang/golang.org/x/net@v0.0.0-20210316092652-d523dce5a7f4",
     "referenceType": "purl"
    }
   ],
   "filesAnalyzed": false,
   "licenseDeclared": "NONE",
   "sourceInfo": "acquired package info from go module information: /csi-resizer",
   "versionInfo": "v0.0.0-20210316092652-d523dce5a7f4"
  },
  {
   "SPDXID": "SPDXRef-1a3bf7618272d54",
   "name": "golang.org/x/oauth2",
   "licenseConcluded": "NONE",
   "downloadLocation": "NOASSERTION",
   "externalRefs": [
    {
     "referenceCategory": "SECURITY",
     "referenceLocator": "cpe:2.3:a:golang:x\\/oauth2:v0.0.0-20210313182246-cd4f82c27b84:*:*:*:*:*:*:*",
     "referenceType": "cpe23Type"
    },
    {
     "referenceCategory": "PACKAGE_MANAGER",
     "referenceLocator": "pkg:golang/golang.org/x/oauth2@v0.0.0-20210313182246-cd4f82c27b84",
     "referenceType": "purl"
    }
   ],
   "filesAnalyzed": false,
   "licenseDeclared": "NONE",
   "sourceInfo": "acquired package info from go module information: /csi-resizer",
   "versionInfo": "v0.0.0-20210313182246-cd4f82c27b84"
  },
  {
   "SPDXID": "SPDXRef-add432f01662ca65",
   "name": "golang.org/x/sys",
   "licenseConcluded": "NONE",
   "downloadLocation": "NOASSERTION",
   "externalRefs": [
    {
     "referenceCategory": "SECURITY",
     "referenceLocator": "cpe:2.3:a:golang:x\\/sys:v0.0.0-20210317225723-c4fcb01b228e:*:*:*:*:*:*:*",
     "referenceType": "cpe23Type"
    },
    {
     "referenceCategory": "PACKAGE_MANAGER",
     "referenceLocator": "pkg:golang/golang.org/x/sys@v0.0.0-20210317225723-c4fcb01b228e",
     "referenceType": "purl"
    }
   ],
   "filesAnalyzed": false,
   "licenseDeclared": "NONE",
   "sourceInfo": "acquired package info from go module information: /csi-resizer",
   "versionInfo": "v0.0.0-20210317225723-c4fcb01b228e"
  },
  {
   "SPDXID": "SPDXRef-65e086caf2217a59",
   "name": "golang.org/x/term",
   "licenseConcluded": "NONE",
   "downloadLocation": "NOASSERTION",
   "externalRefs": [
    {
     "referenceCategory": "SECURITY",
     "referenceLocator": "cpe:2.3:a:golang:x\\/term:v0.0.0-20210317153231-de623e64d2a6:*:*:*:*:*:*:*",
     "referenceType": "cpe23Type"
    },
    {
     "referenceCategory": "PACKAGE_MANAGER",
     "referenceLocator": "pkg:golang/golang.org/x/term@v0.0.0-20210317153231-de623e64d2a6",
     "referenceType": "purl"
    }
   ],
   "filesAnalyzed": false,
   "licenseDeclared": "NONE",
   "sourceInfo": "acquired package info from go module information: /csi-resizer",
   "versionInfo": "v0.0.0-20210317153231-de623e64d2a6"
  },
  {
   "SPDXID": "SPDXRef-6cd40014a02466bf",
   "name": "golang.org/x/text",
   "licenseConcluded": "NONE",
   "downloadLocation": "NOASSERTION",
   "externalRefs": [
    {
     "referenceCategory": "SECURITY",
     "referenceLocator": "cpe:2.3:a:golang:x\\/text:v0.3.5:*:*:*:*:*:*:*",
     "referenceType": "cpe23Type"
    },
    {
     "referenceCategory": "PACKAGE_MANAGER",
     "referenceLocator": "pkg:golang/golang.org/x/text@v0.3.5",
     "referenceType": "purl"
    }
   ],
   "filesAnalyzed": false,
   "licenseDeclared": "NONE",
   "sourceInfo": "acquired package info from go module information: /csi-resizer",
   "versionInfo": "v0.3.5"
  },
  {
   "SPDXID": "SPDXRef-c3526c9f1edcdfc9",
   "name": "golang.org/x/time",
   "licenseConcluded": "NONE",
   "downloadLocation": "NOASSERTION",
   "externalRefs": [
    {
     "referenceCategory": "SECURITY",
     "referenceLocator": "cpe:2.3:a:golang:x\\/time:v0.0.0-20210220033141-f8bda1e9f3ba:*:*:*:*:*:*:*",
     "referenceType": "cpe23Type"
    },
    {
     "referenceCategory": "PACKAGE_MANAGER",
     "referenceLocator": "pkg:golang/golang.org/x/time@v0.0.0-20210220033141-f8bda1e9f3ba",
     "referenceType": "purl"
    }
   ],
   "filesAnalyzed": false,
   "licenseDeclared": "NONE",
   "sourceInfo": "acquired package info from go module information: /csi-resizer",
   "versionInfo": "v0.0.0-20210220033141-f8bda1e9f3ba"
  },
  {
   "SPDXID": "SPDXRef-68484f86331c6780",
   "name": "google.golang.org/genproto",
   "licenseConcluded": "NONE",
   "downloadLocation": "NOASSERTION",
   "externalRefs": [
    {
     "referenceCategory": "SECURITY",
     "referenceLocator": "cpe:2.3:a:google:genproto:v0.0.0-20210317182105-75c7a8546eb9:*:*:*:*:*:*:*",
     "referenceType": "cpe23Type"
    },
    {
     "referenceCategory": "PACKAGE_MANAGER",
     "referenceLocator": "pkg:golang/google.golang.org/genproto@v0.0.0-20210317182105-75c7a8546eb9",
     "referenceType": "purl"
    }
   ],
   "filesAnalyzed": false,
   "licenseDeclared": "NONE",
   "sourceInfo": "acquired package info from go module information: /csi-resizer",
   "versionInfo": "v0.0.0-20210317182105-75c7a8546eb9"
  },
  {
   "SPDXID": "SPDXRef-198651e956a50353",
   "name": "google.golang.org/grpc",
   "licenseConcluded": "NONE",
   "downloadLocation": "NOASSERTION",
   "externalRefs": [
    {
     "referenceCategory": "SECURITY",
     "referenceLocator": "cpe:2.3:a:google:grpc:v1.36.0:*:*:*:*:*:*:*",
     "referenceType": "cpe23Type"
    },
    {
     "referenceCategory": "PACKAGE_MANAGER",
     "referenceLocator": "pkg:golang/google.golang.org/grpc@v1.36.0",
     "referenceType": "purl"
    }
   ],
   "filesAnalyzed": false,
   "licenseDeclared": "NONE",
   "sourceInfo": "acquired package info from go module information: /csi-resizer",
   "versionInfo": "v1.36.0"
  },
  {
   "SPDXID": "SPDXRef-f7960a21a5648e49",
   "name": "google.golang.org/protobuf",
   "licenseConcluded": "NONE",
   "downloadLocation": "NOASSERTION",
   "externalRefs": [
    {
     "referenceCategory": "SECURITY",
     "referenceLocator": "cpe:2.3:a:google:protobuf:v1.26.0:*:*:*:*:*:*:*",
     "referenceType": "cpe23Type"
    },
    {
     "referenceCategory": "PACKAGE_MANAGER",
     "referenceLocator": "pkg:golang/google.golang.org/protobuf@v1.26.0",
     "referenceType": "purl"
    }
   ],
   "filesAnalyzed": false,
   "licenseDeclared": "NONE",
   "sourceInfo": "acquired package info from go module information: /csi-resizer",
   "versionInfo": "v1.26.0"
  },
  {
   "SPDXID": "SPDXRef-edd86292605be969",
   "name": "gopkg.in/inf.v0",
   "licenseConcluded": "NONE",
   "downloadLocation": "NOASSERTION",
   "externalRefs": [
    {
     "referenceCategory": "PACKAGE_MANAGER",
     "referenceLocator": "pkg:golang/gopkg.in/inf.v0@v0.9.1",
     "referenceType": "purl"
    }
   ],
   "filesAnalyzed": false,
   "licenseDeclared": "NONE",
   "sourceInfo": "acquired package info from go module information: /csi-resizer",
   "versionInfo": "v0.9.1"
  },
  {
   "SPDXID": "SPDXRef-4fb690092c0bd7de",
   "name": "gopkg.in/yaml.v2",
   "licenseConcluded": "NONE",
   "downloadLocation": "NOASSERTION",
   "externalRefs": [
    {
     "referenceCategory": "PACKAGE_MANAGER",
     "referenceLocator": "pkg:golang/gopkg.in/yaml.v2@v2.4.0",
     "referenceType": "purl"
    }
   ],
   "filesAnalyzed": false,
   "licenseDeclared": "NONE",
   "sourceInfo": "acquired package info from go module information: /csi-resizer",
   "versionInfo": "v2.4.0"
  },
  {
   "SPDXID": "SPDXRef-f2ffc3027bd02212",
   "name": "gopkg.in/yaml.v3",
   "licenseConcluded": "NONE",
   "downloadLocation": "NOASSERTION",
   "externalRefs": [
    {
     "referenceCategory": "PACKAGE_MANAGER",
     "referenceLocator": "pkg:golang/gopkg.in/yaml.v3@v3.0.0-20210107192922-496545a6307b",
     "referenceType": "purl"
    }
   ],
   "filesAnalyzed": false,
   "licenseDeclared": "NONE",
   "sourceInfo": "acquired package info from go module information: /csi-resizer",
   "versionInfo": "v3.0.0-20210107192922-496545a6307b"
  },
  {
   "SPDXID": "SPDXRef-f21e08889afbec43",
   "name": "k8s.io/api",
   "licenseConcluded": "NONE",
   "downloadLocation": "NOASSERTION",
   "externalRefs": [
    {
     "referenceCategory": "PACKAGE_MANAGER",
     "referenceLocator": "pkg:golang/k8s.io/api@v0.21.0",
     "referenceType": "purl"
    }
   ],
   "filesAnalyzed": false,
   "licenseDeclared": "NONE",
   "sourceInfo": "acquired package info from go module information: /csi-resizer",
   "versionInfo": "v0.21.0"
  },
  {
   "SPDXID": "SPDXRef-c20430856a1cad44",
   "name": "k8s.io/apimachinery",
   "licenseConcluded": "NONE",
   "downloadLocation": "NOASSERTION",
   "externalRefs": [
    {
     "referenceCategory": "PACKAGE_MANAGER",
     "referenceLocator": "pkg:golang/k8s.io/apimachinery@v0.21.0",
     "referenceType": "purl"
    }
   ],
   "filesAnalyzed": false,
   "licenseDeclared": "NONE",
   "sourceInfo": "acquired package info from go module information: /csi-resizer",
   "versionInfo": "v0.21.0"
  },
  {
   "SPDXID": "SPDXRef-8da69f0250be63d6",
   "name": "k8s.io/apiserver",
   "licenseConcluded": "NONE",
   "downloadLocation": "NOASSERTION",
   "externalRefs": [
    {
     "referenceCategory": "PACKAGE_MANAGER",
     "referenceLocator": "pkg:golang/k8s.io/apiserver@v0.20.0",
     "referenceType": "purl"
    }
   ],
   "filesAnalyzed": false,
   "licenseDeclared": "NONE",
   "sourceInfo": "acquired package info from go module information: /csi-resizer",
   "versionInfo": "v0.20.0"
  },
  {
   "SPDXID": "SPDXRef-4097a5f2dc9632e5",
   "name": "k8s.io/client-go",
   "licenseConcluded": "NONE",
   "downloadLocation": "NOASSERTION",
   "externalRefs": [
    {
     "referenceCategory": "PACKAGE_MANAGER",
     "referenceLocator": "pkg:golang/k8s.io/client-go@v0.21.0",
     "referenceType": "purl"
    }
   ],
   "filesAnalyzed": false,
   "licenseDeclared": "NONE",
   "sourceInfo": "acquired package info from go module information: /csi-resizer",
   "versionInfo": "v0.21.0"
  },
  {
   "SPDXID": "SPDXRef-f25756d7c0875936",
   "name": "k8s.io/component-base",
   "licenseConcluded": "NONE",
   "downloadLocation": "NOASSERTION",
   "externalRefs": [
    {
     "referenceCategory": "PACKAGE_MANAGER",
     "referenceLocator": "pkg:golang/k8s.io/component-base@v0.21.0",
     "referenceType": "purl"
    }
   ],
   "filesAnalyzed": false,
   "licenseDeclared": "NONE",
   "sourceInfo": "acquired package info from go module information: /csi-resizer",
   "versionInfo": "v0.21.0"
  },
  {
   "SPDXID": "SPDXRef-9084dd4563cc1516",
   "name": "k8s.io/csi-translation-lib",
   "licenseConcluded": "NONE",
   "downloadLocation": "NOASSERTION",
   "externalRefs": [
    {
     "referenceCategory": "PACKAGE_MANAGER",
     "referenceLocator": "pkg:golang/k8s.io/csi-translation-lib@v0.21.0",
     "referenceType": "purl"
    }
   ],
   "filesAnalyzed": false,
   "licenseDeclared": "NONE",
   "sourceInfo": "acquired package info from go module information: /csi-resizer",
   "versionInfo": "v0.21.0"
  },
  {
   "SPDXID": "SPDXRef-f11712d7c10b4bfc",
   "name": "k8s.io/klog/v2",
   "licenseConcluded": "NONE",
   "downloadLocation": "NOASSERTION",
   "externalRefs": [
    {
     "referenceCategory": "SECURITY",
     "referenceLocator": "cpe:2.3:a:klog:v2:v2.8.0:*:*:*:*:*:*:*",
     "referenceType": "cpe23Type"
    },
    {
     "referenceCategory": "PACKAGE_MANAGER",
     "referenceLocator": "pkg:golang/k8s.io/klog/v2@v2.8.0",
     "referenceType": "purl"
    }
   ],
   "filesAnalyzed": false,
   "licenseDeclared": "NONE",
   "sourceInfo": "acquired package info from go module information: /csi-resizer",
   "versionInfo": "v2.8.0"
  },
  {
   "SPDXID": "SPDXRef-18bcc200624d9dc",
   "name": "k8s.io/kube-openapi",
   "licenseConcluded": "NONE",
   "downloadLocation": "NOASSERTION",
   "externalRefs": [
    {
     "referenceCategory": "PACKAGE_MANAGER",
     "referenceLocator": "pkg:golang/k8s.io/kube-openapi@v0.0.0-20210305164622-f622666832c1",
     "referenceType": "purl"
    }
   ],
   "filesAnalyzed": false,
   "licenseDeclared": "NONE",
   "sourceInfo": "acquired package info from go module information: /csi-resizer",
   "versionInfo": "v0.0.0-20210305164622-f622666832c1"
  },
  {
   "SPDXID": "SPDXRef-7e1d4ed1d382167f",
   "name": "k8s.io/utils",
   "licenseConcluded": "NONE",
   "downloadLocation": "NOASSERTION",
   "externalRefs": [
    {
     "referenceCategory": "PACKAGE_MANAGER",
     "referenceLocator": "pkg:golang/k8s.io/utils@v0.0.0-20210305010621-2afb4311ab10",
     "referenceType": "purl"
    }
   ],
   "filesAnalyzed": false,
   "licenseDeclared": "NONE",
   "sourceInfo": "acquired package info from go module information: /csi-resizer",
   "versionInfo": "v0.0.0-20210305010621-2afb4311ab10"
  },
  {
   "SPDXID": "SPDXRef-daeceb2be1ffa05e",
   "name": "netbase",
   "licenseConcluded": "GPL-2.0-only",
   "downloadLocation": "NOASSERTION",
   "externalRefs": [
    {
     "referenceCategory": "SECURITY",
     "referenceLocator": "cpe:2.3:a:netbase:netbase:5.6:*:*:*:*:*:*:*",
     "referenceType": "cpe23Type"
    },
    {
     "referenceCategory": "PACKAGE_MANAGER",
     "referenceLocator": "pkg:deb/debian/netbase@5.6?arch=all&distro=debian-10",
     "referenceType": "purl"
    }
   ],
   "filesAnalyzed": false,
   "licenseDeclared": "GPL-2.0-only",
   "originator": "Person: Marco d'Itri <md@linux.it>",
   "sourceInfo": "acquired package info from DPKG DB: /usr/share/doc/netbase/copyright, /var/lib/dpkg/status.d/netbase",
   "versionInfo": "5.6"
  },
  {
   "SPDXID": "SPDXRef-76c6e8ff29cd1844",
   "name": "sigs.k8s.io/structured-merge-diff/v4",
   "licenseConcluded": "NONE",
   "downloadLocation": "NOASSERTION",
   "externalRefs": [
    {
     "referenceCategory": "SECURITY",
     "referenceLocator": "cpe:2.3:a:structured-merge-diff:v4:v4.1.0:*:*:*:*:*:*:*",
     "referenceType": "cpe23Type"
    },
    {
     "referenceCategory": "SECURITY",
     "referenceLocator": "cpe:2.3:a:structured_merge_diff:v4:v4.1.0:*:*:*:*:*:*:*",
     "referenceType": "cpe23Type"
    },
    {
     "referenceCategory": "SECURITY",
     "referenceLocator": "cpe:2.3:a:structured-merge:v4:v4.1.0:*:*:*:*:*:*:*",
     "referenceType": "cpe23Type"
    },
    {
     "referenceCategory": "SECURITY",
     "referenceLocator": "cpe:2.3:a:structured_merge:v4:v4.1.0:*:*:*:*:*:*:*",
     "referenceType": "cpe23Type"
    },
    {
     "referenceCategory": "SECURITY",
     "referenceLocator": "cpe:2.3:a:structured:v4:v4.1.0:*:*:*:*:*:*:*",
     "referenceType": "cpe23Type"
    },
    {
     "referenceCategory": "PACKAGE_MANAGER",
     "referenceLocator": "pkg:golang/sigs.k8s.io/structured-merge-diff/v4@v4.1.0",
     "referenceType": "purl"
    }
   ],
   "filesAnalyzed": false,
   "licenseDeclared": "NONE",
   "sourceInfo": "acquired package info from go module information: /csi-resizer",
   "versionInfo": "v4.1.0"
  },
  {
   "SPDXID": "SPDXRef-69d3a5e1d635faa9",
   "name": "sigs.k8s.io/yaml",
   "licenseConcluded": "NONE",
   "downloadLocation": "NOASSERTION",
   "externalRefs": [
    {
     "referenceCategory": "PACKAGE_MANAGER",
     "referenceLocator": "pkg:golang/sigs.k8s.io/yaml@v1.2.0",
     "referenceType": "purl"
    }
   ],
   "filesAnalyzed": false,
   "licenseDeclared": "NONE",
   "sourceInfo": "acquired package info from go module information: /csi-resizer",
   "versionInfo": "v1.2.0"
  },
  {
   "SPDXID": "SPDXRef-6b5e82bfedd3aa6f",
   "name": "tzdata",
   "licenseConcluded": "NONE",
   "downloadLocation": "NOASSERTION",
   "externalRefs": [
    {
     "referenceCategory": "SECURITY",
     "referenceLocator": "cpe:2.3:a:tzdata:tzdata:2021a-0\\+deb10u1:*:*:*:*:*:*:*",
     "referenceType": "cpe23Type"
    },
    {
     "referenceCategory": "PACKAGE_MANAGER",
     "referenceLocator": "pkg:deb/debian/tzdata@2021a-0+deb10u1?arch=all&distro=debian-10",
     "referenceType": "purl"
    }
   ],
   "filesAnalyzed": false,
   "licenseDeclared": "NONE",
   "originator": "Person: GNU Libc Maintainers <debian-glibc@lists.debian.org>",
   "sourceInfo": "acquired package info from DPKG DB: /usr/share/doc/tzdata/copyright, /var/lib/dpkg/status.d/tzdata",
   "versionInfo": "2021a-0+deb10u1"
  }
 ]
}
